order_id,customer_id,product_id,category,price,discount,order_value,product_rating,customer_return_count,delivery_days_estimate,shipping_method,payment_method,order_date,returned,return_reason
ORD000001,CUST00521,PROD019,Electronics,1299,259.8,1039.2,4.0,0,1,express,card,2026-01-18,0,
ORD000002,CUST01242,PROD002,Books,4999,1499.7,3499.3,3.6,1,2,express,cod,2025-10-24,0,
ORD000003,CUST01013,PROD002,Books,4999,749.85,4249.15,3.5,0,5,standard,card,2026-02-08,0,
ORD000004,CUST01398,PROD015,Beauty,2999,449.85,2549.15,2.7,0,4,standard,wallet,2026-05-14,0,
ORD000005,CUST00203,PROD018,Books,499,0.0,499.0,3.8,2,4,standard,cod,2026-06-03,0,
ORD000006,CUST00473,PROD015,Beauty,2999,599.8,2399.2,2.8,0,2,express,upi,2026-01-03,1,Changed Mind
ORD000007,CUST01444,PROD019,Electronics,1299,324.75,974.25,4.0,1,6,standard,upi,2025-10-01,0,
ORD000008,CUST00038,PROD018,Books,499,49.9,449.1,3.4,0,7,economy,upi,2025-12-13,0,
ORD000009,CUST00993,PROD009,Home & Lifestyle,1999,399.8,1599.2,3.8,3,5,standard,card,2026-07-12,0,
ORD000010,CUST00525,PROD005,Fashion,1299,0.0,1299.0,3.1,8,6,standard,card,2026-05-31,0,
ORD000011,CUST01004,PROD020,Books,4999,0.0,4999.0,2.6,1,6,standard,card,2025-11-06,0,
ORD000012,CUST01775,PROD018,Books,499,0.0,499.0,3.6,0,11,economy,card,2026-04-15,0,
ORD000013,CUST00341,PROD012,Beauty,4999,749.85,4249.15,4.4,1,10,economy,upi,2026-08-15,0,
ORD000014,CUST00690,PROD004,Books,499,0.0,499.0,4.4,1,6,standard,upi,2026-01-01,0,
ORD000015,CUST00413,PROD018,Books,499,0.0,499.0,3.9,1,6,standard,card,2026-03-15,1,Better Price Elsewhere
ORD000016,CUST00396,PROD017,Beauty,299,59.8,239.2,4.5,7,5,standard,wallet,2026-01-09,1,Late Delivery
ORD000017,CUST00733,PROD017,Beauty,299,0.0,299.0,4.7,0,2,express,cod,2026-08-02,0,
ORD000018,CUST01156,PROD008,Home & Lifestyle,1299,0.0,1299.0,3.7,8,4,standard,card,2026-02-16,0,
ORD000019,CUST00815,PROD012,Beauty,4999,1999.6,2999.4,4.3,4,6,standard,card,2026-01-09,1,Product Not as Expected
ORD000020,CUST01672,PROD007,Fashion,1299,259.8,1039.2,4.8,8,6,standard,cod,2026-05-18,1,Late Delivery
ORD000021,CUST01016,PROD004,Books,499,199.6,299.4,4.5,1,3,standard,upi,2026-03-30,0,
ORD000022,CUST01169,PROD011,Fashion,299,74.75,224.25,2.5,7,4,standard,upi,2025-12-30,1,Late Delivery
ORD000023,CUST01231,PROD001,Beauty,1999,399.8,1599.2,2.8,0,1,express,upi,2026-06-21,1,Changed Mind
ORD000024,CUST01425,PROD014,Beauty,499,74.85,424.15,3.3,7,2,express,card,2026-07-23,1,Quality Issues
ORD000025,CUST01537,PROD016,Beauty,499,0.0,499.0,3.5,0,8,economy,upi,2025-11-26,0,
ORD000026,CUST00365,PROD016,Beauty,499,0.0,499.0,3.4,1,3,standard,upi,2025-11-16,1,Wrong Size
ORD000027,CUST00109,PROD011,Fashion,299,29.9,269.1,2.8,2,3,standard,card,2025-12-30,1,Damaged/Defective
ORD000028,CUST01470,PROD017,Beauty,299,29.9,269.1,4.9,2,4,standard,card,2026-06-11,1,Better Price Elsewhere
ORD000029,CUST00113,PROD009,Home & Lifestyle,1999,499.75,1499.25,3.8,0,1,express,card,2025-10-17,0,
ORD000030,CUST01630,PROD018,Books,499,0.0,499.0,3.9,1,2,express,cod,2025-12-07,0,
ORD000031,CUST00089,PROD015,Beauty,2999,0.0,2999.0,2.9,0,2,express,upi,2025-09-24,0,
ORD000032,CUST01313,PROD016,Beauty,499,0.0,499.0,3.6,0,6,standard,upi,2026-01-23,1,Late Delivery
ORD000033,CUST00324,PROD020,Books,4999,749.85,4249.15,2.6,1,2,express,card,2026-07-30,0,
ORD000034,CUST01829,PROD015,Beauty,2999,449.85,2549.15,2.5,8,3,standard,card,2026-07-19,1,Wrong Size
ORD000035,CUST01827,PROD013,Home & Lifestyle,2999,449.85,2549.15,3.1,4,1,express,wallet,2026-09-05,1,Quality Issues
ORD000036,CUST00342,PROD009,Home & Lifestyle,1999,0.0,1999.0,4.1,7,4,standard,upi,2025-12-31,0,
ORD000037,CUST01702,PROD006,Books,1299,0.0,1299.0,2.7,0,4,standard,card,2026-04-26,1,Wrong Size
ORD000038,CUST01628,PROD010,Fashion,1299,0.0,1299.0,4.9,6,2,express,cod,2026-07-09,0,
ORD000039,CUST01547,PROD017,Beauty,299,29.9,269.1,4.5,3,3,standard,card,2025-10-19,0,
ORD000040,CUST01305,PROD018,Books,499,124.75,374.25,3.5,1,3,standard,card,2026-06-23,0,
ORD000041,CUST00168,PROD017,Beauty,299,0.0,299.0,4.6,0,1,express,upi,2026-07-16,0,
ORD000042,CUST00623,PROD007,Fashion,1299,194.85,1104.15,4.7,2,4,standard,upi,2026-02-28,0,
ORD000043,CUST00102,PROD020,Books,4999,999.8,3999.2,3.1,1,3,standard,upi,2025-11-07,0,
ORD000044,CUST01901,PROD009,Home & Lifestyle,1999,199.9,1799.1,3.9,1,2,express,upi,2025-12-26,0,
ORD000045,CUST01122,PROD020,Books,4999,0.0,4999.0,2.6,2,2,express,card,2026-06-05,0,
ORD000046,CUST01440,PROD020,Books,4999,0.0,4999.0,3.1,0,1,express,card,2026-03-21,0,
ORD000047,CUST01999,PROD016,Beauty,499,0.0,499.0,3.7,0,1,express,cod,2026-08-05,1,Wrong Size
ORD000048,CUST00218,PROD013,Home & Lifestyle,2999,0.0,2999.0,3.6,4,6,standard,upi,2025-12-07,0,
ORD000049,CUST01934,PROD007,Fashion,1299,0.0,1299.0,4.8,2,4,standard,card,2026-07-22,1,Better Price Elsewhere
ORD000050,CUST01989,PROD004,Books,499,0.0,499.0,4.0,3,3,standard,cod,2026-08-20,0,
ORD000051,CUST00356,PROD016,Beauty,499,0.0,499.0,3.2,1,3,standard,upi,2026-04-20,1,Changed Mind
ORD000052,CUST00856,PROD001,Beauty,1999,299.85,1699.15,2.8,6,1,express,cod,2026-06-06,0,
ORD000053,CUST00285,PROD005,Fashion,1299,194.85,1104.15,3.1,1,6,standard,card,2025-12-02,0,
ORD000054,CUST01563,PROD007,Fashion,1299,0.0,1299.0,4.8,1,5,standard,card,2025-10-06,0,
ORD000055,CUST00430,PROD009,Home & Lifestyle,1999,399.8,1599.2,3.8,0,6,standard,card,2026-07-26,0,
ORD000056,CUST01519,PROD005,Fashion,1299,194.85,1104.15,2.6,0,4,standard,upi,2026-04-30,1,Wrong Size
ORD000057,CUST00589,PROD009,Home & Lifestyle,1999,0.0,1999.0,3.9,2,2,express,cod,2026-08-23,0,
ORD000058,CUST01342,PROD012,Beauty,4999,499.9,4499.1,3.9,1,1,express,card,2026-07-06,0,
ORD000059,CUST00914,PROD013,Home & Lifestyle,2999,749.75,2249.25,3.4,6,3,standard,card,2026-04-25,0,
ORD000060,CUST01442,PROD009,Home & Lifestyle,1999,799.6,1199.4,3.7,4,1,express,card,2026-07-22,0,
ORD000061,CUST00014,PROD015,Beauty,2999,749.75,2249.25,2.6,2,3,standard,card,2026-08-25,1,Ordered by Mistake
ORD000062,CUST01300,PROD002,Books,4999,1999.6,2999.4,3.3,5,4,standard,card,2026-01-06,1,Ordered by Mistake
ORD000063,CUST01781,PROD006,Books,1299,0.0,1299.0,2.9,3,2,express,wallet,2026-01-16,0,
ORD000064,CUST00669,PROD019,Electronics,1299,259.8,1039.2,3.7,1,1,express,upi,2026-09-05,1,Better Price Elsewhere
ORD000065,CUST01986,PROD017,Beauty,299,59.8,239.2,4.7,5,2,express,card,2025-12-07,1,Wrong Size
ORD000066,CUST01100,PROD004,Books,499,74.85,424.15,4.2,2,4,standard,card,2026-01-20,0,
ORD000067,CUST01317,PROD014,Beauty,499,0.0,499.0,3.5,6,4,standard,card,2025-10-31,0,
ORD000068,CUST01693,PROD005,Fashion,1299,194.85,1104.15,2.8,6,10,economy,card,2026-07-16,1,Changed Mind
ORD000069,CUST01709,PROD004,Books,499,99.8,399.2,4.0,2,1,express,card,2025-11-17,1,Damaged/Defective
ORD000070,CUST01132,PROD014,Beauty,499,99.8,399.2,3.4,0,5,standard,upi,2026-06-16,1,Damaged/Defective
ORD000071,CUST01604,PROD002,Books,4999,0.0,4999.0,3.6,2,6,standard,upi,2026-07-06,0,
ORD000072,CUST01283,PROD018,Books,499,49.9,449.1,3.7,6,2,express,card,2026-01-23,0,
ORD000073,CUST01680,PROD011,Fashion,299,0.0,299.0,2.3,4,3,standard,card,2026-05-16,0,
ORD000074,CUST01867,PROD009,Home & Lifestyle,1999,499.75,1499.25,4.1,3,3,standard,card,2026-02-19,1,Product Not as Expected
ORD000075,CUST00931,PROD015,Beauty,2999,299.9,2699.1,2.3,2,3,standard,card,2026-03-01,0,
ORD000076,CUST01824,PROD004,Books,499,199.6,299.4,4.0,7,3,standard,upi,2026-05-30,0,
ORD000077,CUST00764,PROD015,Beauty,2999,299.9,2699.1,2.5,0,1,express,card,2026-01-20,1,Product Not as Expected
ORD000078,CUST01598,PROD008,Home & Lifestyle,1299,324.75,974.25,3.5,1,1,express,card,2025-10-21,0,
ORD000079,CUST00397,PROD013,Home & Lifestyle,2999,749.75,2249.25,3.4,4,1,express,upi,2025-12-05,0,
ORD000080,CUST00845,PROD007,Fashion,1299,0.0,1299.0,4.5,6,2,express,card,2026-01-25,1,Changed Mind
ORD000081,CUST00368,PROD013,Home & Lifestyle,2999,0.0,2999.0,3.4,1,10,economy,card,2025-09-19,1,Changed Mind
ORD000082,CUST01426,PROD006,Books,1299,259.8,1039.2,2.6,3,6,standard,card,2025-12-04,0,
ORD000083,CUST01369,PROD016,Beauty,499,124.75,374.25,3.4,6,4,standard,card,2026-01-16,0,
ORD000084,CUST00515,PROD006,Books,1299,259.8,1039.2,2.3,2,2,express,upi,2025-09-29,1,Damaged/Defective
ORD000085,CUST01759,PROD016,Beauty,499,49.9,449.1,3.6,0,5,standard,cod,2026-04-18,0,
ORD000086,CUST01752,PROD008,Home & Lifestyle,1299,129.9,1169.1,3.5,7,5,standard,card,2026-07-25,1,Damaged/Defective
ORD000087,CUST00476,PROD010,Fashion,1299,0.0,1299.0,4.9,0,3,standard,cod,2025-10-30,0,
ORD000088,CUST01450,PROD012,Beauty,4999,749.85,4249.15,3.9,5,2,express,card,2026-04-10,1,Better Price Elsewhere
ORD000089,CUST00618,PROD005,Fashion,1299,259.8,1039.2,2.7,0,6,standard,upi,2026-02-04,1,Changed Mind
ORD000090,CUST00199,PROD009,Home & Lifestyle,1999,0.0,1999.0,4.0,4,3,standard,cod,2026-06-25,0,
ORD000091,CUST01597,PROD003,Home & Lifestyle,1999,199.9,1799.1,4.0,0,6,standard,upi,2026-06-30,0,
ORD000092,CUST01674,PROD020,Books,4999,1999.6,2999.4,3.1,3,3,standard,card,2025-10-23,0,
ORD000093,CUST01012,PROD014,Beauty,499,0.0,499.0,3.7,5,6,standard,upi,2026-06-04,1,Changed Mind
ORD000094,CUST00387,PROD020,Books,4999,1249.75,3749.25,3.1,9,6,standard,wallet,2025-12-27,0,
ORD000095,CUST01557,PROD017,Beauty,299,0.0,299.0,4.9,0,2,express,card,2025-11-08,0,
ORD000096,CUST01419,PROD014,Beauty,499,49.9,449.1,3.6,8,2,express,upi,2026-06-09,0,
ORD000097,CUST01675,PROD005,Fashion,1299,0.0,1299.0,2.6,1,4,standard,upi,2025-10-18,0,
ORD000098,CUST01788,PROD003,Home & Lifestyle,1999,199.9,1799.1,3.6,2,4,standard,cod,2026-04-12,1,Wrong Size
ORD000099,CUST00083,PROD017,Beauty,299,29.9,269.1,4.6,0,5,standard,card,2026-08-09,0,
ORD000100,CUST01732,PROD011,Fashion,299,44.85,254.15,2.3,0,3,standard,card,2025-10-14,0,
ORD000101,CUST00728,PROD018,Books,499,0.0,499.0,3.5,2,1,express,upi,2026-03-22,0,
ORD000102,CUST00347,PROD011,Fashion,299,29.9,269.1,2.5,1,3,standard,upi,2025-10-28,1,Quality Issues
ORD000103,CUST01160,PROD002,Books,4999,0.0,4999.0,3.6,3,5,standard,card,2025-10-25,1,Changed Mind
ORD000104,CUST01644,PROD002,Books,4999,0.0,4999.0,3.6,5,2,express,card,2026-02-03,0,
ORD000105,CUST00936,PROD013,Home & Lifestyle,2999,749.75,2249.25,3.5,3,4,standard,upi,2026-08-25,1,Wrong Size
ORD000106,CUST01961,PROD019,Electronics,1299,0.0,1299.0,3.9,0,2,express,card,2026-08-29,0,
ORD000107,CUST00195,PROD020,Books,4999,0.0,4999.0,2.6,5,2,express,card,2026-01-13,0,
ORD000108,CUST00881,PROD007,Fashion,1299,0.0,1299.0,4.6,2,4,standard,card,2026-01-12,0,
ORD000109,CUST00542,PROD008,Home & Lifestyle,1299,259.8,1039.2,4.0,0,3,standard,upi,2026-08-17,0,
ORD000110,CUST00343,PROD017,Beauty,299,29.9,269.1,4.6,0,10,economy,card,2026-04-11,0,
ORD000111,CUST00762,PROD016,Beauty,499,0.0,499.0,3.6,2,4,standard,card,2025-11-18,1,Damaged/Defective
ORD000112,CUST00666,PROD002,Books,4999,1249.75,3749.25,3.5,5,5,standard,upi,2026-05-27,0,
ORD000113,CUST00163,PROD017,Beauty,299,74.75,224.25,4.7,4,1,express,card,2026-03-22,1,Damaged/Defective
ORD000114,CUST00696,PROD011,Fashion,299,74.75,224.25,2.6,0,3,standard,upi,2026-05-27,0,
ORD000115,CUST01382,PROD007,Fashion,1299,259.8,1039.2,4.5,0,1,express,cod,2026-01-07,0,
ORD000116,CUST01051,PROD010,Fashion,1299,324.75,974.25,4.7,2,2,express,card,2025-11-01,0,
ORD000117,CUST01046,PROD003,Home & Lifestyle,1999,499.75,1499.25,3.9,2,4,standard,card,2026-07-26,0,
ORD000118,CUST01675,PROD018,Books,499,149.7,349.3,3.9,0,1,express,card,2026-05-02,0,
ORD000119,CUST00929,PROD008,Home & Lifestyle,1299,129.9,1169.1,3.5,1,1,express,card,2025-09-22,0,
ORD000120,CUST00397,PROD003,Home & Lifestyle,1999,399.8,1599.2,3.8,1,1,express,upi,2026-07-16,1,Better Price Elsewhere
ORD000121,CUST01557,PROD009,Home & Lifestyle,1999,199.9,1799.1,3.9,0,6,standard,upi,2026-04-25,1,Product Not as Expected
ORD000122,CUST00230,PROD019,Electronics,1299,0.0,1299.0,3.8,3,1,express,cod,2026-07-13,1,Damaged/Defective
ORD000123,CUST00776,PROD006,Books,1299,0.0,1299.0,2.7,2,1,express,upi,2026-07-07,1,Ordered by Mistake
ORD000124,CUST01717,PROD002,Books,4999,1499.7,3499.3,3.5,5,6,standard,card,2026-04-23,1,Ordered by Mistake
ORD000125,CUST01146,PROD012,Beauty,4999,1249.75,3749.25,3.9,8,10,economy,wallet,2025-10-27,1,Damaged/Defective
ORD000126,CUST01114,PROD009,Home & Lifestyle,1999,399.8,1599.2,3.8,0,5,standard,upi,2026-03-15,0,
ORD000127,CUST00754,PROD007,Fashion,1299,324.75,974.25,4.4,0,9,economy,wallet,2026-01-16,1,Ordered by Mistake
ORD000128,CUST00327,PROD015,Beauty,2999,1199.6,1799.4,2.3,1,1,express,card,2026-03-21,1,Product Not as Expected
ORD000129,CUST01016,PROD007,Fashion,1299,324.75,974.25,4.7,3,6,standard,card,2026-02-03,0,
ORD000130,CUST01582,PROD006,Books,1299,0.0,1299.0,2.4,3,1,express,upi,2026-03-16,0,
ORD000131,CUST01381,PROD002,Books,4999,1249.75,3749.25,3.7,7,5,standard,card,2025-10-26,0,
ORD000132,CUST01575,PROD015,Beauty,2999,0.0,2999.0,2.6,0,6,standard,wallet,2025-12-06,1,Late Delivery
ORD000133,CUST01120,PROD017,Beauty,299,59.8,239.2,4.7,1,7,economy,card,2026-06-07,0,
ORD000134,CUST00864,PROD009,Home & Lifestyle,1999,199.9,1799.1,3.8,9,6,standard,card,2026-07-26,0,
ORD000135,CUST00659,PROD014,Beauty,499,0.0,499.0,3.3,5,3,standard,card,2026-06-19,1,Quality Issues
ORD000136,CUST01121,PROD012,Beauty,4999,999.8,3999.2,4.2,1,8,economy,cod,2026-09-05,0,
ORD000137,CUST00218,PROD011,Fashion,299,29.9,269.1,2.4,0,4,standard,upi,2026-02-10,0,
ORD000138,CUST01319,PROD008,Home & Lifestyle,1299,194.85,1104.15,3.5,2,6,standard,cod,2026-02-10,0,
ORD000139,CUST00821,PROD005,Fashion,1299,194.85,1104.15,3.0,2,4,standard,card,2026-06-19,0,
ORD000140,CUST01443,PROD012,Beauty,4999,999.8,3999.2,3.8,4,3,standard,card,2026-07-05,1,Changed Mind
ORD000141,CUST00203,PROD012,Beauty,4999,0.0,4999.0,4.3,1,3,standard,upi,2026-08-20,0,
ORD000142,CUST01980,PROD016,Beauty,499,74.85,424.15,3.2,2,5,standard,card,2026-07-16,1,Better Price Elsewhere
ORD000143,CUST01231,PROD012,Beauty,4999,0.0,4999.0,4.0,7,6,standard,card,2026-05-01,0,
ORD000144,CUST00277,PROD016,Beauty,499,124.75,374.25,3.5,2,1,express,card,2026-07-19,1,Wrong Size
ORD000145,CUST01309,PROD012,Beauty,4999,499.9,4499.1,4.2,4,2,express,card,2026-01-02,1,Wrong Size
ORD000146,CUST01258,PROD005,Fashion,1299,0.0,1299.0,2.9,2,4,standard,upi,2025-12-11,0,
ORD000147,CUST00205,PROD004,Books,499,74.85,424.15,4.3,0,2,express,cod,2026-07-16,0,
ORD000148,CUST00632,PROD004,Books,499,149.7,349.3,4.0,5,4,standard,card,2026-05-06,1,Better Price Elsewhere
ORD000149,CUST01359,PROD001,Beauty,1999,399.8,1599.2,3.0,2,5,standard,cod,2026-05-23,1,Better Price Elsewhere
ORD000150,CUST00671,PROD020,Books,4999,499.9,4499.1,2.8,0,6,standard,upi,2026-06-13,0,
ORD000151,CUST00804,PROD001,Beauty,1999,0.0,1999.0,2.6,3,2,express,card,2026-06-15,0,
ORD000152,CUST00736,PROD012,Beauty,4999,999.8,3999.2,4.3,1,1,express,card,2026-05-24,0,
ORD000153,CUST00534,PROD001,Beauty,1999,299.85,1699.15,2.6,0,6,standard,cod,2026-06-23,0,
ORD000154,CUST00573,PROD002,Books,4999,1499.7,3499.3,3.6,0,5,standard,cod,2026-05-02,1,Damaged/Defective
ORD000155,CUST01232,PROD020,Books,4999,499.9,4499.1,2.9,2,2,express,upi,2025-09-23,1,Damaged/Defective
ORD000156,CUST00189,PROD016,Beauty,499,124.75,374.25,3.2,4,6,standard,card,2025-11-07,1,Better Price Elsewhere
ORD000157,CUST01320,PROD014,Beauty,499,74.85,424.15,3.7,1,2,express,upi,2025-10-24,0,
ORD000158,CUST00952,PROD006,Books,1299,129.9,1169.1,2.3,2,4,standard,card,2025-10-29,1,Product Not as Expected
ORD000159,CUST00928,PROD019,Electronics,1299,259.8,1039.2,3.6,0,4,standard,cod,2026-08-13,0,
ORD000160,CUST00383,PROD004,Books,499,0.0,499.0,4.1,1,6,standard,upi,2025-12-24,1,Late Delivery
ORD000161,CUST01527,PROD014,Beauty,499,49.9,449.1,3.5,0,11,economy,wallet,2026-04-26,0,
ORD000162,CUST01613,PROD001,Beauty,1999,299.85,1699.15,2.8,3,2,express,upi,2026-05-23,1,Wrong Size
ORD000163,CUST00827,PROD015,Beauty,2999,899.7,2099.3,2.3,1,6,standard,cod,2025-12-29,0,
ORD000164,CUST01959,PROD011,Fashion,299,44.85,254.15,2.2,2,3,standard,cod,2026-01-24,0,
ORD000165,CUST01025,PROD005,Fashion,1299,0.0,1299.0,3.1,0,3,standard,cod,2025-11-04,1,Product Not as Expected
ORD000166,CUST00614,PROD010,Fashion,1299,0.0,1299.0,4.8,2,6,standard,upi,2026-04-15,0,
ORD000167,CUST01700,PROD016,Beauty,499,49.9,449.1,3.2,7,5,standard,card,2025-11-24,1,Late Delivery
ORD000168,CUST00654,PROD006,Books,1299,259.8,1039.2,2.5,2,5,standard,card,2026-01-27,0,
ORD000169,CUST00087,PROD015,Beauty,2999,449.85,2549.15,2.6,3,3,standard,card,2025-11-18,0,
ORD000170,CUST01136,PROD016,Beauty,499,0.0,499.0,3.7,1,3,standard,cod,2025-09-11,0,
ORD000171,CUST01724,PROD001,Beauty,1999,299.85,1699.15,2.7,0,7,economy,card,2026-03-19,0,
ORD000172,CUST01450,PROD007,Fashion,1299,324.75,974.25,4.9,0,3,standard,card,2026-02-19,1,Ordered by Mistake
ORD000173,CUST00982,PROD016,Beauty,499,0.0,499.0,3.5,3,2,express,upi,2026-01-09,0,
ORD000174,CUST01896,PROD018,Books,499,74.85,424.15,3.5,0,5,standard,card,2025-10-24,0,
ORD000175,CUST00583,PROD020,Books,4999,1499.7,3499.3,2.7,1,3,standard,cod,2026-06-24,0,
ORD000176,CUST01807,PROD014,Beauty,499,49.9,449.1,3.3,2,5,standard,card,2026-05-18,0,
ORD000177,CUST01417,PROD016,Beauty,499,99.8,399.2,3.6,4,4,standard,card,2026-01-14,1,Quality Issues
ORD000178,CUST01379,PROD012,Beauty,4999,499.9,4499.1,3.8,0,1,express,upi,2026-05-29,0,
ORD000179,CUST00491,PROD003,Home & Lifestyle,1999,0.0,1999.0,4.1,1,10,economy,card,2026-08-24,0,
ORD000180,CUST01637,PROD006,Books,1299,129.9,1169.1,2.5,2,4,standard,card,2026-08-31,0,
ORD000181,CUST01811,PROD012,Beauty,4999,0.0,4999.0,4.2,7,4,standard,upi,2026-07-06,1,Product Not as Expected
ORD000182,CUST00649,PROD008,Home & Lifestyle,1299,0.0,1299.0,3.7,5,5,standard,upi,2025-09-13,0,
ORD000183,CUST01903,PROD014,Beauty,499,124.75,374.25,3.4,0,1,express,cod,2026-07-11,0,
ORD000184,CUST01340,PROD003,Home & Lifestyle,1999,199.9,1799.1,3.9,0,7,economy,card,2026-03-29,0,
ORD000185,CUST00505,PROD018,Books,499,74.85,424.15,3.9,2,4,standard,cod,2026-08-07,1,Quality Issues
ORD000186,CUST00036,PROD017,Beauty,299,0.0,299.0,4.7,2,6,standard,card,2025-12-05,0,
ORD000187,CUST01735,PROD013,Home & Lifestyle,2999,0.0,2999.0,3.2,3,1,express,wallet,2026-06-27,0,
ORD000188,CUST01821,PROD010,Fashion,1299,129.9,1169.1,4.6,0,3,standard,card,2026-08-15,0,
ORD000189,CUST00029,PROD008,Home & Lifestyle,1299,0.0,1299.0,3.6,5,3,standard,upi,2025-10-22,1,Better Price Elsewhere
ORD000190,CUST01224,PROD001,Beauty,1999,399.8,1599.2,2.8,4,4,standard,card,2026-08-30,0,
ORD000191,CUST01467,PROD002,Books,4999,499.9,4499.1,3.7,1,5,standard,card,2026-04-12,0,
ORD000192,CUST01522,PROD005,Fashion,1299,129.9,1169.1,2.8,1,1,express,wallet,2026-02-25,1,Wrong Size
ORD000193,CUST00391,PROD014,Beauty,499,0.0,499.0,3.4,0,6,standard,card,2026-06-19,0,
ORD000194,CUST00377,PROD008,Home & Lifestyle,1299,259.8,1039.2,3.6,2,8,economy,card,2025-11-18,0,
ORD000195,CUST01688,PROD002,Books,4999,749.85,4249.15,3.2,4,4,standard,upi,2026-02-27,0,
ORD000196,CUST00422,PROD020,Books,4999,1249.75,3749.25,2.7,0,5,standard,upi,2026-06-01,1,Quality Issues
ORD000197,CUST00416,PROD002,Books,4999,749.85,4249.15,3.2,2,5,standard,upi,2026-03-23,0,
ORD000198,CUST01852,PROD016,Beauty,499,0.0,499.0,3.2,2,6,standard,upi,2026-06-15,0,
ORD000199,CUST00965,PROD019,Electronics,1299,0.0,1299.0,4.2,0,6,standard,card,2025-12-12,0,
ORD000200,CUST01733,PROD001,Beauty,1999,199.9,1799.1,3.0,4,2,express,card,2026-06-11,1,Late Delivery
ORD000201,CUST01756,PROD018,Books,499,0.0,499.0,3.6,0,5,standard,upi,2026-09-07,0,
ORD000202,CUST01182,PROD016,Beauty,499,49.9,449.1,3.5,1,3,standard,upi,2025-12-30,1,Wrong Size
ORD000203,CUST00343,PROD007,Fashion,1299,0.0,1299.0,4.8,0,3,standard,card,2025-10-14,0,
ORD000204,CUST00153,PROD004,Books,499,0.0,499.0,4.1,0,4,standard,upi,2025-11-18,0,
ORD000205,CUST00048,PROD003,Home & Lifestyle,1999,199.9,1799.1,3.9,7,1,express,upi,2026-02-02,0,
ORD000206,CUST01629,PROD011,Fashion,299,59.8,239.2,2.4,1,5,standard,upi,2026-07-26,0,
ORD000207,CUST01175,PROD015,Beauty,2999,0.0,2999.0,2.5,0,5,standard,cod,2026-04-13,0,
ORD000208,CUST01039,PROD011,Fashion,299,74.75,224.25,2.7,3,1,express,cod,2026-04-12,0,
ORD000209,CUST01150,PROD001,Beauty,1999,0.0,1999.0,3.0,1,2,express,upi,2025-10-14,0,
ORD000210,CUST01782,PROD020,Books,4999,1249.75,3749.25,3.1,3,2,express,card,2026-06-06,0,
ORD000211,CUST01277,PROD013,Home & Lifestyle,2999,0.0,2999.0,3.1,8,4,standard,card,2025-12-16,1,Late Delivery
ORD000212,CUST01501,PROD011,Fashion,299,89.7,209.3,2.6,0,1,express,wallet,2026-07-31,1,Changed Mind
ORD000213,CUST01552,PROD014,Beauty,499,99.8,399.2,3.8,0,6,standard,card,2026-01-12,0,
ORD000214,CUST01707,PROD017,Beauty,299,74.75,224.25,4.9,1,2,express,card,2026-05-17,0,
ORD000215,CUST01732,PROD015,Beauty,2999,299.9,2699.1,2.4,6,2,express,cod,2026-08-03,1,Wrong Size
ORD000216,CUST01393,PROD016,Beauty,499,99.8,399.2,3.2,5,1,express,card,2026-06-27,0,
ORD000217,CUST00897,PROD012,Beauty,4999,0.0,4999.0,4.0,2,4,standard,wallet,2026-04-03,0,
ORD000218,CUST00327,PROD008,Home & Lifestyle,1299,519.6,779.4,4.0,1,5,standard,upi,2025-11-03,0,
ORD000219,CUST00185,PROD009,Home & Lifestyle,1999,599.7,1399.3,4.1,7,6,standard,upi,2025-12-21,0,
ORD000220,CUST01114,PROD007,Fashion,1299,129.9,1169.1,4.5,0,6,standard,upi,2026-03-31,1,Ordered by Mistake
ORD000221,CUST00176,PROD003,Home & Lifestyle,1999,799.6,1199.4,3.7,8,1,express,card,2026-02-08,1,Wrong Size
ORD000222,CUST00274,PROD011,Fashion,299,74.75,224.25,2.3,1,4,standard,card,2025-12-10,0,
ORD000223,CUST01504,PROD005,Fashion,1299,194.85,1104.15,2.6,4,1,express,card,2026-06-02,1,Changed Mind
ORD000224,CUST00442,PROD013,Home & Lifestyle,2999,449.85,2549.15,3.6,2,4,standard,upi,2026-06-05,0,
ORD000225,CUST00894,PROD014,Beauty,499,49.9,449.1,3.8,7,3,standard,cod,2026-06-14,1,Better Price Elsewhere
ORD000226,CUST00123,PROD014,Beauty,499,74.85,424.15,3.3,3,3,standard,upi,2026-06-03,0,
ORD000227,CUST01642,PROD004,Books,499,49.9,449.1,4.3,0,11,economy,card,2025-09-21,0,
ORD000228,CUST00866,PROD003,Home & Lifestyle,1999,0.0,1999.0,3.9,7,5,standard,cod,2026-08-18,0,
ORD000229,CUST01153,PROD015,Beauty,2999,299.9,2699.1,2.6,0,3,standard,card,2026-07-10,1,Product Not as Expected
ORD000230,CUST00110,PROD018,Books,499,124.75,374.25,3.6,0,2,express,card,2025-10-09,0,
ORD000231,CUST00906,PROD015,Beauty,2999,0.0,2999.0,2.6,0,4,standard,cod,2025-09-14,1,Quality Issues
ORD000232,CUST01037,PROD001,Beauty,1999,199.9,1799.1,3.1,3,2,express,upi,2026-02-25,1,Product Not as Expected
ORD000233,CUST00655,PROD002,Books,4999,0.0,4999.0,3.3,5,2,express,cod,2026-02-15,1,Wrong Size
ORD000234,CUST00300,PROD011,Fashion,299,0.0,299.0,2.5,3,1,express,upi,2026-03-28,0,
ORD000235,CUST00307,PROD016,Beauty,499,49.9,449.1,3.6,0,5,standard,upi,2026-01-08,1,Wrong Size
ORD000236,CUST01998,PROD006,Books,1299,0.0,1299.0,2.5,3,2,express,upi,2026-07-30,1,Product Not as Expected
ORD000237,CUST01585,PROD010,Fashion,1299,259.8,1039.2,4.4,0,1,express,card,2025-11-24,0,
ORD000238,CUST01848,PROD010,Fashion,1299,129.9,1169.1,4.9,0,6,standard,card,2026-04-28,0,
ORD000239,CUST00394,PROD003,Home & Lifestyle,1999,299.85,1699.15,3.7,0,2,express,card,2026-06-28,0,
ORD000240,CUST01290,PROD017,Beauty,299,119.6,179.4,4.4,0,3,standard,card,2026-02-09,0,
ORD000241,CUST00998,PROD004,Books,499,199.6,299.4,4.2,3,5,standard,upi,2025-11-10,0,
ORD000242,CUST01553,PROD013,Home & Lifestyle,2999,0.0,2999.0,3.5,6,4,standard,upi,2025-12-17,1,Wrong Size
ORD000243,CUST01359,PROD017,Beauty,299,74.75,224.25,4.7,1,1,express,card,2025-10-17,1,Wrong Size
ORD000244,CUST00713,PROD019,Electronics,1299,259.8,1039.2,3.6,0,10,economy,card,2026-09-02,0,
ORD000245,CUST01895,PROD011,Fashion,299,74.75,224.25,2.2,0,2,express,card,2025-09-12,1,Product Not as Expected
ORD000246,CUST01587,PROD005,Fashion,1299,0.0,1299.0,3.1,2,1,express,cod,2026-09-01,1,Quality Issues
ORD000247,CUST00803,PROD010,Fashion,1299,324.75,974.25,4.7,2,5,standard,card,2026-04-13,0,
ORD000248,CUST01639,PROD020,Books,4999,0.0,4999.0,2.9,2,1,express,card,2025-11-23,0,
ORD000249,CUST01090,PROD015,Beauty,2999,749.75,2249.25,2.6,0,2,express,cod,2026-01-20,1,Quality Issues
ORD000250,CUST01398,PROD009,Home & Lifestyle,1999,299.85,1699.15,4.1,0,2,express,upi,2026-08-25,0,
ORD000251,CUST00923,PROD004,Books,499,99.8,399.2,4.3,1,2,express,upi,2025-09-30,0,
ORD000252,CUST01126,PROD016,Beauty,499,74.85,424.15,3.6,0,2,express,card,2026-03-17,0,
ORD000253,CUST01138,PROD008,Home & Lifestyle,1299,194.85,1104.15,3.9,0,2,express,wallet,2026-05-02,1,Quality Issues
ORD000254,CUST00155,PROD018,Books,499,74.85,424.15,3.8,3,2,express,card,2025-12-02,1,Ordered by Mistake
ORD000255,CUST01366,PROD014,Beauty,499,99.8,399.2,3.6,2,6,standard,card,2025-11-06,1,Wrong Size
ORD000256,CUST01097,PROD020,Books,4999,0.0,4999.0,2.9,0,3,standard,upi,2026-05-26,0,
ORD000257,CUST01355,PROD005,Fashion,1299,129.9,1169.1,2.8,0,8,economy,wallet,2026-07-03,1,Late Delivery
ORD000258,CUST00967,PROD015,Beauty,2999,299.9,2699.1,2.4,0,3,standard,upi,2025-12-01,0,
ORD000259,CUST01664,PROD010,Fashion,1299,324.75,974.25,4.7,2,2,express,card,2025-09-11,0,
ORD000260,CUST00238,PROD006,Books,1299,129.9,1169.1,2.8,1,8,economy,cod,2025-11-17,0,
ORD000261,CUST01673,PROD003,Home & Lifestyle,1999,0.0,1999.0,4.0,0,4,standard,card,2025-12-20,1,Product Not as Expected
ORD000262,CUST00954,PROD018,Books,499,0.0,499.0,3.6,1,6,standard,upi,2026-03-13,1,Wrong Size
ORD000263,CUST01946,PROD006,Books,1299,129.9,1169.1,2.6,7,4,standard,upi,2026-02-27,1,Product Not as Expected
ORD000264,CUST00997,PROD012,Beauty,4999,0.0,4999.0,3.9,8,4,standard,card,2026-01-01,1,Ordered by Mistake
ORD000265,CUST00892,PROD001,Beauty,1999,399.8,1599.2,2.7,0,1,express,card,2026-06-15,1,Changed Mind
ORD000266,CUST00524,PROD009,Home & Lifestyle,1999,199.9,1799.1,3.9,0,3,standard,cod,2025-10-29,0,
ORD000267,CUST01240,PROD005,Fashion,1299,0.0,1299.0,3.2,0,4,standard,upi,2026-05-18,1,Better Price Elsewhere
ORD000268,CUST00898,PROD012,Beauty,4999,999.8,3999.2,4.2,0,2,express,card,2026-07-03,0,
ORD000269,CUST01197,PROD019,Electronics,1299,129.9,1169.1,4.2,6,2,express,upi,2026-07-27,1,Quality Issues
ORD000270,CUST00858,PROD019,Electronics,1299,324.75,974.25,4.1,1,5,standard,card,2026-08-22,0,
ORD000271,CUST00728,PROD017,Beauty,299,89.7,209.3,4.8,2,2,express,upi,2026-01-08,0,
ORD000272,CUST00454,PROD008,Home & Lifestyle,1299,0.0,1299.0,3.8,1,11,economy,card,2026-05-13,0,
ORD000273,CUST00216,PROD001,Beauty,1999,0.0,1999.0,2.8,1,4,standard,cod,2026-07-11,1,Better Price Elsewhere
ORD000274,CUST01114,PROD008,Home & Lifestyle,1299,324.75,974.25,3.6,5,6,standard,card,2026-03-17,0,
ORD000275,CUST01555,PROD015,Beauty,2999,299.9,2699.1,2.5,2,4,standard,card,2026-02-09,1,Better Price Elsewhere
ORD000276,CUST00437,PROD013,Home & Lifestyle,2999,449.85,2549.15,3.2,2,6,standard,cod,2026-08-22,1,Changed Mind
ORD000277,CUST01652,PROD002,Books,4999,999.8,3999.2,3.5,7,6,standard,upi,2025-12-19,1,Ordered by Mistake
ORD000278,CUST01650,PROD019,Electronics,1299,0.0,1299.0,3.8,7,9,economy,upi,2026-07-29,1,Quality Issues
ORD000279,CUST00952,PROD009,Home & Lifestyle,1999,299.85,1699.15,3.8,2,3,standard,card,2025-10-22,0,
ORD000280,CUST01542,PROD005,Fashion,1299,0.0,1299.0,2.7,0,9,economy,upi,2025-10-03,1,Better Price Elsewhere
ORD000281,CUST00844,PROD019,Electronics,1299,0.0,1299.0,3.9,6,4,standard,card,2026-04-23,0,
ORD000282,CUST00936,PROD001,Beauty,1999,499.75,1499.25,3.1,1,8,economy,upi,2025-11-06,1,Damaged/Defective
ORD000283,CUST00210,PROD006,Books,1299,519.6,779.4,2.8,6,4,standard,card,2025-12-23,1,Changed Mind
ORD000284,CUST00770,PROD019,Electronics,1299,324.75,974.25,3.9,0,6,standard,card,2025-10-19,1,Wrong Size
ORD000285,CUST00894,PROD012,Beauty,4999,0.0,4999.0,4.2,5,5,standard,upi,2025-10-17,0,
ORD000286,CUST00421,PROD003,Home & Lifestyle,1999,299.85,1699.15,3.9,6,4,standard,card,2026-04-30,1,Better Price Elsewhere
ORD000287,CUST01930,PROD002,Books,4999,1249.75,3749.25,3.5,2,4,standard,card,2026-04-22,0,
ORD000288,CUST00192,PROD003,Home & Lifestyle,1999,299.85,1699.15,3.8,5,5,standard,card,2026-02-26,0,
ORD000289,CUST01737,PROD002,Books,4999,749.85,4249.15,3.8,1,5,standard,upi,2025-10-31,0,
ORD000290,CUST00337,PROD006,Books,1299,0.0,1299.0,2.4,0,5,standard,card,2025-12-14,0,
ORD000291,CUST00402,PROD020,Books,4999,0.0,4999.0,3.0,5,1,express,card,2026-03-15,0,
ORD000292,CUST01462,PROD013,Home & Lifestyle,2999,0.0,2999.0,3.5,1,6,standard,card,2025-10-23,0,
ORD000293,CUST00158,PROD005,Fashion,1299,0.0,1299.0,3.0,0,5,standard,card,2026-07-09,1,Changed Mind
ORD000294,CUST01264,PROD002,Books,4999,999.8,3999.2,3.3,0,4,standard,cod,2026-08-04,1,Late Delivery
ORD000295,CUST01476,PROD017,Beauty,299,59.8,239.2,4.9,6,2,express,cod,2025-12-20,1,Ordered by Mistake
ORD000296,CUST00962,PROD013,Home & Lifestyle,2999,1199.6,1799.4,3.5,0,2,express,card,2025-12-10,0,
ORD000297,CUST00449,PROD017,Beauty,299,29.9,269.1,4.8,1,3,standard,card,2026-02-10,0,
ORD000298,CUST00468,PROD006,Books,1299,129.9,1169.1,2.7,3,3,standard,upi,2026-08-09,1,Late Delivery
ORD000299,CUST00627,PROD010,Fashion,1299,324.75,974.25,4.9,0,1,express,cod,2026-03-14,0,
ORD000300,CUST00805,PROD014,Beauty,499,0.0,499.0,3.4,5,1,express,card,2025-10-31,0,
ORD000301,CUST01165,PROD001,Beauty,1999,199.9,1799.1,2.7,6,3,standard,card,2026-09-04,0,
ORD000302,CUST01067,PROD012,Beauty,4999,749.85,4249.15,4.3,0,6,standard,card,2026-04-05,0,
ORD000303,CUST00664,PROD007,Fashion,1299,0.0,1299.0,4.8,0,2,express,card,2025-10-05,0,
ORD000304,CUST00056,PROD012,Beauty,4999,1249.75,3749.25,4.3,4,5,standard,upi,2026-05-06,1,Ordered by Mistake
ORD000305,CUST00784,PROD011,Fashion,299,89.7,209.3,2.4,0,6,standard,upi,2026-05-20,1,Product Not as Expected
ORD000306,CUST01200,PROD006,Books,1299,194.85,1104.15,2.4,2,9,economy,cod,2026-02-18,0,
ORD000307,CUST00060,PROD019,Electronics,1299,324.75,974.25,3.7,1,5,standard,wallet,2025-12-24,0,
ORD000308,CUST00769,PROD014,Beauty,499,0.0,499.0,3.4,2,11,economy,card,2026-08-29,1,Damaged/Defective
ORD000309,CUST01820,PROD018,Books,499,74.85,424.15,4.0,0,4,standard,card,2026-06-26,0,
ORD000310,CUST00862,PROD011,Fashion,299,0.0,299.0,2.8,0,7,economy,upi,2026-08-29,1,Wrong Size
ORD000311,CUST00878,PROD008,Home & Lifestyle,1299,0.0,1299.0,3.9,3,8,economy,card,2025-10-02,0,
ORD000312,CUST00729,PROD018,Books,499,49.9,449.1,3.7,0,9,economy,cod,2025-10-24,0,
ORD000313,CUST01699,PROD019,Electronics,1299,194.85,1104.15,3.8,3,3,standard,card,2026-01-29,0,
ORD000314,CUST00702,PROD002,Books,4999,749.85,4249.15,3.6,1,3,standard,upi,2026-05-23,0,
ORD000315,CUST00106,PROD014,Beauty,499,99.8,399.2,3.8,5,1,express,card,2026-05-31,1,Ordered by Mistake
ORD000316,CUST01292,PROD008,Home & Lifestyle,1299,324.75,974.25,3.6,0,4,standard,upi,2026-04-27,0,
ORD000317,CUST00249,PROD020,Books,4999,0.0,4999.0,3.2,0,3,standard,card,2025-09-19,0,
ORD000318,CUST00623,PROD014,Beauty,499,0.0,499.0,3.2,1,6,standard,card,2025-12-18,0,
ORD000319,CUST01215,PROD010,Fashion,1299,324.75,974.25,4.6,2,3,standard,cod,2025-10-04,0,
ORD000320,CUST01817,PROD016,Beauty,499,124.75,374.25,3.2,3,2,express,card,2026-04-04,1,Better Price Elsewhere
ORD000321,CUST00464,PROD006,Books,1299,194.85,1104.15,2.7,0,6,standard,card,2026-06-05,0,
ORD000322,CUST01404,PROD003,Home & Lifestyle,1999,499.75,1499.25,3.6,2,6,standard,wallet,2025-11-02,1,Late Delivery
ORD000323,CUST01159,PROD018,Books,499,0.0,499.0,3.7,4,2,express,card,2026-02-17,1,Wrong Size
ORD000324,CUST00569,PROD004,Books,499,149.7,349.3,4.3,0,2,express,upi,2026-08-28,1,Damaged/Defective
ORD000325,CUST01249,PROD008,Home & Lifestyle,1299,259.8,1039.2,3.6,2,9,economy,cod,2026-06-11,0,
ORD000326,CUST00122,PROD008,Home & Lifestyle,1299,0.0,1299.0,3.9,0,2,express,cod,2026-03-24,1,Damaged/Defective
ORD000327,CUST00271,PROD012,Beauty,4999,0.0,4999.0,4.3,7,1,express,upi,2026-07-19,1,Late Delivery
ORD000328,CUST00987,PROD007,Fashion,1299,194.85,1104.15,4.6,3,5,standard,upi,2026-06-06,0,
ORD000329,CUST00911,PROD010,Fashion,1299,129.9,1169.1,4.7,5,5,standard,wallet,2025-09-30,1,Damaged/Defective
ORD000330,CUST00459,PROD019,Electronics,1299,259.8,1039.2,4.0,4,4,standard,card,2026-09-01,1,Quality Issues
ORD000331,CUST00569,PROD004,Books,499,49.9,449.1,4.3,3,6,standard,card,2025-11-09,0,
ORD000332,CUST00844,PROD016,Beauty,499,49.9,449.1,3.6,0,4,standard,card,2025-11-09,1,Damaged/Defective
ORD000333,CUST00539,PROD006,Books,1299,194.85,1104.15,2.5,2,4,standard,upi,2026-01-02,0,
ORD000334,CUST00814,PROD012,Beauty,4999,0.0,4999.0,4.2,1,3,standard,upi,2026-03-17,1,Damaged/Defective
ORD000335,CUST01026,PROD002,Books,4999,999.8,3999.2,3.7,1,4,standard,card,2026-06-25,0,
ORD000336,CUST01547,PROD004,Books,499,74.85,424.15,4.2,1,6,standard,card,2026-02-01,1,Better Price Elsewhere
ORD000337,CUST00311,PROD007,Fashion,1299,259.8,1039.2,4.4,3,1,express,card,2026-06-27,1,Product Not as Expected
ORD000338,CUST00479,PROD014,Beauty,499,0.0,499.0,3.6,3,3,standard,cod,2026-01-09,1,Changed Mind
ORD000339,CUST01291,PROD008,Home & Lifestyle,1299,194.85,1104.15,3.6,7,2,express,card,2025-10-10,0,
ORD000340,CUST00558,PROD016,Beauty,499,199.6,299.4,3.6,2,11,economy,card,2026-06-22,1,Changed Mind
ORD000341,CUST00312,PROD003,Home & Lifestyle,1999,599.7,1399.3,4.1,0,8,economy,upi,2025-11-10,1,Product Not as Expected
ORD000342,CUST00012,PROD004,Books,499,0.0,499.0,4.0,0,5,standard,card,2025-12-03,0,
ORD000343,CUST00468,PROD012,Beauty,4999,0.0,4999.0,4.1,1,6,standard,card,2026-04-20,1,Wrong Size
ORD000344,CUST00993,PROD017,Beauty,299,59.8,239.2,4.6,6,6,standard,upi,2026-01-12,1,Damaged/Defective
ORD000345,CUST01460,PROD010,Fashion,1299,0.0,1299.0,5.0,7,5,standard,card,2026-07-31,1,Damaged/Defective
ORD000346,CUST01362,PROD010,Fashion,1299,519.6,779.4,4.7,0,1,express,card,2026-05-26,0,
ORD000347,CUST00377,PROD019,Electronics,1299,194.85,1104.15,3.6,8,3,standard,wallet,2025-10-20,0,
ORD000348,CUST01664,PROD012,Beauty,4999,749.85,4249.15,3.8,3,1,express,card,2025-10-09,1,Wrong Size
ORD000349,CUST01939,PROD006,Books,1299,389.7,909.3,2.6,1,2,express,upi,2025-10-09,0,
ORD000350,CUST01355,PROD002,Books,4999,0.0,4999.0,3.6,1,4,standard,upi,2026-06-06,0,
ORD000351,CUST01511,PROD017,Beauty,299,29.9,269.1,4.5,8,6,standard,cod,2025-10-19,1,Late Delivery
ORD000352,CUST00587,PROD001,Beauty,1999,0.0,1999.0,3.1,1,8,economy,upi,2026-06-17,1,Ordered by Mistake
ORD000353,CUST01602,PROD008,Home & Lifestyle,1299,259.8,1039.2,3.8,0,2,express,upi,2026-06-05,0,
ORD000354,CUST00830,PROD008,Home & Lifestyle,1299,324.75,974.25,3.7,2,1,express,upi,2025-10-12,0,
ORD000355,CUST01539,PROD013,Home & Lifestyle,2999,0.0,2999.0,3.1,6,3,standard,upi,2026-04-22,0,
ORD000356,CUST00031,PROD004,Books,499,0.0,499.0,4.0,0,6,standard,card,2026-03-19,0,
ORD000357,CUST01923,PROD004,Books,499,99.8,399.2,4.4,0,5,standard,card,2026-05-01,0,
ORD000358,CUST00845,PROD005,Fashion,1299,194.85,1104.15,3.1,1,6,standard,card,2025-09-13,1,Quality Issues
ORD000359,CUST00166,PROD019,Electronics,1299,0.0,1299.0,4.1,5,5,standard,upi,2026-08-08,0,
ORD000360,CUST00705,PROD014,Beauty,499,74.85,424.15,3.6,1,6,standard,card,2025-11-29,0,
ORD000361,CUST00641,PROD011,Fashion,299,44.85,254.15,2.7,3,3,standard,cod,2026-03-01,0,
ORD000362,CUST00494,PROD005,Fashion,1299,129.9,1169.1,3.0,2,3,standard,upi,2025-10-08,0,
ORD000363,CUST01690,PROD014,Beauty,499,49.9,449.1,3.7,1,6,standard,cod,2025-10-20,0,
ORD000364,CUST00661,PROD008,Home & Lifestyle,1299,324.75,974.25,3.5,7,2,express,cod,2026-05-27,0,
ORD000365,CUST00740,PROD009,Home & Lifestyle,1999,499.75,1499.25,3.6,0,1,express,card,2026-04-18,0,
ORD000366,CUST00533,PROD016,Beauty,499,49.9,449.1,3.5,1,5,standard,card,2025-10-11,0,
ORD000367,CUST01343,PROD015,Beauty,2999,299.9,2699.1,2.6,0,4,standard,card,2026-06-18,1,Late Delivery
ORD000368,CUST01111,PROD008,Home & Lifestyle,1299,0.0,1299.0,3.9,1,2,express,card,2026-04-18,0,
ORD000369,CUST00331,PROD006,Books,1299,0.0,1299.0,2.8,5,4,standard,card,2025-09-28,0,
ORD000370,CUST01609,PROD008,Home & Lifestyle,1299,129.9,1169.1,3.8,1,1,express,card,2026-01-12,0,
ORD000371,CUST00307,PROD001,Beauty,1999,199.9,1799.1,3.1,2,8,economy,card,2026-07-03,0,
ORD000372,CUST01246,PROD014,Beauty,499,0.0,499.0,3.3,1,3,standard,card,2026-06-04,1,Late Delivery
ORD000373,CUST00529,PROD004,Books,499,99.8,399.2,4.1,0,5,standard,card,2026-09-03,1,Better Price Elsewhere
ORD000374,CUST00775,PROD015,Beauty,2999,1199.6,1799.4,2.8,2,6,standard,card,2026-02-05,1,Ordered by Mistake
ORD000375,CUST00605,PROD011,Fashion,299,0.0,299.0,2.3,7,7,economy,wallet,2026-07-19,1,Ordered by Mistake
ORD000376,CUST00568,PROD017,Beauty,299,44.85,254.15,4.7,3,3,standard,card,2026-06-01,1,Damaged/Defective
ORD000377,CUST01767,PROD003,Home & Lifestyle,1999,799.6,1199.4,4.0,1,3,standard,upi,2026-01-24,0,
ORD000378,CUST00342,PROD004,Books,499,124.75,374.25,4.3,1,1,express,card,2026-06-16,1,Quality Issues
ORD000379,CUST00933,PROD020,Books,4999,0.0,4999.0,2.7,4,4,standard,wallet,2025-10-10,1,Quality Issues
ORD000380,CUST00108,PROD019,Electronics,1299,0.0,1299.0,3.9,1,4,standard,upi,2026-08-23,0,
ORD000381,CUST00583,PROD006,Books,1299,259.8,1039.2,2.5,5,4,standard,upi,2026-06-16,0,
ORD000382,CUST00740,PROD003,Home & Lifestyle,1999,0.0,1999.0,3.7,2,4,standard,upi,2026-03-24,0,
ORD000383,CUST00815,PROD002,Books,4999,0.0,4999.0,3.4,1,6,standard,card,2026-04-25,1,Damaged/Defective
ORD000384,CUST01748,PROD007,Fashion,1299,194.85,1104.15,4.6,6,11,economy,wallet,2026-04-20,0,
ORD000385,CUST01718,PROD009,Home & Lifestyle,1999,199.9,1799.1,3.9,4,6,standard,cod,2025-09-22,1,Ordered by Mistake
ORD000386,CUST01351,PROD016,Beauty,499,0.0,499.0,3.3,0,5,standard,upi,2026-05-13,1,Damaged/Defective
ORD000387,CUST01798,PROD013,Home & Lifestyle,2999,0.0,2999.0,3.4,0,1,express,upi,2026-02-05,0,
ORD000388,CUST00655,PROD007,Fashion,1299,129.9,1169.1,4.9,2,1,express,card,2026-05-07,0,
ORD000389,CUST00363,PROD002,Books,4999,499.9,4499.1,3.4,2,6,standard,card,2026-05-22,1,Damaged/Defective
ORD000390,CUST00242,PROD019,Electronics,1299,194.85,1104.15,4.0,3,1,express,upi,2026-08-19,0,
ORD000391,CUST01979,PROD012,Beauty,4999,1249.75,3749.25,4.1,0,7,economy,upi,2026-02-03,1,Changed Mind
ORD000392,CUST00486,PROD019,Electronics,1299,0.0,1299.0,4.1,3,3,standard,card,2025-12-25,0,
ORD000393,CUST00851,PROD006,Books,1299,129.9,1169.1,2.4,3,4,standard,card,2026-01-19,0,
ORD000394,CUST01911,PROD019,Electronics,1299,324.75,974.25,4.2,5,6,standard,upi,2025-11-15,1,Changed Mind
ORD000395,CUST01567,PROD009,Home & Lifestyle,1999,299.85,1699.15,3.6,0,2,express,card,2025-11-22,1,Product Not as Expected
ORD000396,CUST01603,PROD020,Books,4999,999.8,3999.2,3.1,2,4,standard,cod,2026-04-24,0,
ORD000397,CUST00968,PROD010,Fashion,1299,0.0,1299.0,4.8,1,6,standard,wallet,2026-08-04,0,
ORD000398,CUST01820,PROD019,Electronics,1299,0.0,1299.0,3.8,4,5,standard,card,2025-11-15,1,Changed Mind
ORD000399,CUST00703,PROD010,Fashion,1299,0.0,1299.0,4.9,0,4,standard,cod,2026-01-03,1,Ordered by Mistake
ORD000400,CUST00541,PROD012,Beauty,4999,499.9,4499.1,4.0,1,4,standard,upi,2025-12-06,0,
ORD000401,CUST00014,PROD006,Books,1299,519.6,779.4,2.7,7,6,standard,upi,2025-10-24,1,Changed Mind
ORD000402,CUST01505,PROD015,Beauty,2999,599.8,2399.2,2.9,0,1,express,upi,2026-06-02,0,
ORD000403,CUST01366,PROD001,Beauty,1999,299.85,1699.15,3.0,3,5,standard,upi,2026-08-07,0,
ORD000404,CUST01413,PROD018,Books,499,49.9,449.1,3.5,5,5,standard,wallet,2025-10-11,1,Better Price Elsewhere
ORD000405,CUST00521,PROD006,Books,1299,0.0,1299.0,2.3,0,2,express,card,2025-12-13,1,Ordered by Mistake
ORD000406,CUST00480,PROD018,Books,499,0.0,499.0,3.5,0,2,express,card,2026-03-08,1,Ordered by Mistake
ORD000407,CUST00520,PROD016,Beauty,499,0.0,499.0,3.6,0,5,standard,upi,2025-11-16,1,Quality Issues
ORD000408,CUST00645,PROD004,Books,499,49.9,449.1,4.1,0,6,standard,card,2025-11-25,0,
ORD000409,CUST01436,PROD006,Books,1299,0.0,1299.0,2.9,3,2,express,card,2025-11-06,1,Product Not as Expected
ORD000410,CUST01615,PROD019,Electronics,1299,0.0,1299.0,3.7,6,2,express,card,2026-01-25,1,Damaged/Defective
ORD000411,CUST01500,PROD015,Beauty,2999,599.8,2399.2,2.7,0,11,economy,wallet,2026-03-22,1,Wrong Size
ORD000412,CUST01987,PROD017,Beauty,299,44.85,254.15,4.7,6,3,standard,cod,2026-06-01,0,
ORD000413,CUST00209,PROD010,Fashion,1299,194.85,1104.15,4.7,8,4,standard,upi,2026-09-04,0,
ORD000414,CUST01652,PROD011,Fashion,299,0.0,299.0,2.2,1,2,express,upi,2026-01-23,0,
ORD000415,CUST01327,PROD003,Home & Lifestyle,1999,399.8,1599.2,3.9,2,2,express,upi,2025-10-06,0,
ORD000416,CUST01084,PROD011,Fashion,299,0.0,299.0,2.3,1,11,economy,card,2026-01-11,1,Wrong Size
ORD000417,CUST01478,PROD020,Books,4999,749.85,4249.15,3.0,0,11,economy,card,2026-03-21,1,Wrong Size
ORD000418,CUST01142,PROD006,Books,1299,194.85,1104.15,2.9,1,4,standard,cod,2026-04-03,0,
ORD000419,CUST00501,PROD011,Fashion,299,0.0,299.0,2.6,4,6,standard,cod,2026-02-03,1,Damaged/Defective
ORD000420,CUST01606,PROD005,Fashion,1299,324.75,974.25,2.9,2,4,standard,cod,2026-01-12,1,Ordered by Mistake
ORD000421,CUST01550,PROD013,Home & Lifestyle,2999,0.0,2999.0,3.5,1,2,express,card,2026-09-01,0,
ORD000422,CUST00132,PROD003,Home & Lifestyle,1999,799.6,1199.4,3.9,1,6,standard,cod,2025-11-17,0,
ORD000423,CUST01766,PROD020,Books,4999,0.0,4999.0,2.8,0,1,express,cod,2026-03-09,0,
ORD000424,CUST01855,PROD009,Home & Lifestyle,1999,0.0,1999.0,4.0,0,8,economy,upi,2026-01-19,0,
ORD000425,CUST00443,PROD010,Fashion,1299,0.0,1299.0,4.8,3,5,standard,cod,2026-06-30,0,
ORD000426,CUST01560,PROD001,Beauty,1999,0.0,1999.0,2.6,5,5,standard,upi,2026-03-27,1,Better Price Elsewhere
ORD000427,CUST01543,PROD011,Fashion,299,29.9,269.1,2.3,3,1,express,card,2026-01-25,1,Quality Issues
ORD000428,CUST01150,PROD011,Fashion,299,89.7,209.3,2.5,2,3,standard,wallet,2025-10-04,0,
ORD000429,CUST00571,PROD013,Home & Lifestyle,2999,0.0,2999.0,3.7,2,1,express,card,2026-06-28,0,
ORD000430,CUST01238,PROD003,Home & Lifestyle,1999,299.85,1699.15,3.8,1,6,standard,card,2026-04-27,0,
ORD000431,CUST01413,PROD011,Fashion,299,29.9,269.1,2.3,4,1,express,upi,2026-09-02,1,Late Delivery
ORD000432,CUST01142,PROD010,Fashion,1299,259.8,1039.2,4.8,1,4,standard,upi,2026-01-03,0,
ORD000433,CUST01452,PROD008,Home & Lifestyle,1299,194.85,1104.15,3.8,3,2,express,upi,2026-02-20,1,Late Delivery
ORD000434,CUST01244,PROD016,Beauty,499,99.8,399.2,3.5,1,2,express,upi,2026-06-04,0,
ORD000435,CUST01982,PROD017,Beauty,299,0.0,299.0,4.6,0,3,standard,card,2025-09-27,0,
ORD000436,CUST01596,PROD015,Beauty,2999,299.9,2699.1,2.5,0,2,express,card,2026-01-09,1,Changed Mind
ORD000437,CUST01393,PROD017,Beauty,299,74.75,224.25,4.7,0,6,standard,card,2026-06-11,0,
ORD000438,CUST01346,PROD017,Beauty,299,0.0,299.0,4.6,0,1,express,upi,2025-11-01,0,
ORD000439,CUST01377,PROD004,Books,499,74.85,424.15,4.0,1,6,standard,card,2026-07-22,1,Damaged/Defective
ORD000440,CUST01875,PROD020,Books,4999,499.9,4499.1,2.8,4,6,standard,wallet,2025-09-23,0,
ORD000441,CUST01455,PROD006,Books,1299,389.7,909.3,2.8,1,4,standard,card,2026-01-24,0,
ORD000442,CUST00640,PROD014,Beauty,499,0.0,499.0,3.6,0,4,standard,cod,2026-06-11,0,
ORD000443,CUST00215,PROD012,Beauty,4999,999.8,3999.2,4.1,0,9,economy,card,2026-05-24,1,Wrong Size
ORD000444,CUST00761,PROD018,Books,499,74.85,424.15,3.7,1,6,standard,card,2026-08-31,0,
ORD000445,CUST00428,PROD019,Electronics,1299,389.7,909.3,3.8,0,3,standard,upi,2026-04-19,0,
ORD000446,CUST00626,PROD005,Fashion,1299,0.0,1299.0,2.9,4,5,standard,upi,2026-08-05,0,
ORD000447,CUST00246,PROD014,Beauty,499,124.75,374.25,3.8,5,3,standard,upi,2026-07-22,0,
ORD000448,CUST01105,PROD011,Fashion,299,74.75,224.25,2.6,1,4,standard,card,2026-04-28,0,
ORD000449,CUST00296,PROD014,Beauty,499,99.8,399.2,3.4,3,5,standard,card,2025-12-05,1,Better Price Elsewhere
ORD000450,CUST00334,PROD008,Home & Lifestyle,1299,324.75,974.25,3.4,0,6,standard,card,2026-06-15,0,
ORD000451,CUST00678,PROD004,Books,499,199.6,299.4,4.4,0,2,express,upi,2026-09-03,1,Late Delivery
ORD000452,CUST00444,PROD020,Books,4999,1499.7,3499.3,2.9,3,4,standard,card,2026-04-09,1,Product Not as Expected
ORD000453,CUST00445,PROD001,Beauty,1999,599.7,1399.3,3.1,0,2,express,card,2026-05-12,1,Late Delivery
ORD000454,CUST00471,PROD010,Fashion,1299,129.9,1169.1,4.6,8,2,express,card,2025-10-16,0,
ORD000455,CUST01947,PROD005,Fashion,1299,129.9,1169.1,3.2,1,1,express,card,2025-09-17,0,
ORD000456,CUST01911,PROD005,Fashion,1299,194.85,1104.15,3.2,2,4,standard,upi,2026-08-03,0,
ORD000457,CUST00302,PROD011,Fashion,299,29.9,269.1,2.4,7,3,standard,upi,2026-04-16,1,Ordered by Mistake
ORD000458,CUST01296,PROD001,Beauty,1999,0.0,1999.0,3.2,2,3,standard,card,2025-10-03,0,
ORD000459,CUST00142,PROD011,Fashion,299,0.0,299.0,2.5,6,2,express,wallet,2026-07-19,1,Better Price Elsewhere
ORD000460,CUST01366,PROD005,Fashion,1299,0.0,1299.0,3.1,0,1,express,cod,2026-03-12,0,
ORD000461,CUST00056,PROD010,Fashion,1299,324.75,974.25,4.9,2,2,express,card,2025-09-27,1,Ordered by Mistake
ORD000462,CUST00806,PROD013,Home & Lifestyle,2999,299.9,2699.1,3.6,0,6,standard,card,2026-03-26,0,
ORD000463,CUST01971,PROD009,Home & Lifestyle,1999,0.0,1999.0,3.6,0,4,standard,cod,2026-07-10,0,
ORD000464,CUST00756,PROD002,Books,4999,1249.75,3749.25,3.7,1,11,economy,upi,2026-04-26,1,Ordered by Mistake
ORD000465,CUST00626,PROD012,Beauty,4999,499.9,4499.1,4.3,4,5,standard,card,2026-01-07,0,
ORD000466,CUST01819,PROD018,Books,499,49.9,449.1,4.0,5,6,standard,cod,2026-05-05,0,
ORD000467,CUST00747,PROD012,Beauty,4999,999.8,3999.2,4.2,2,6,standard,card,2026-01-03,1,Ordered by Mistake
ORD000468,CUST01537,PROD010,Fashion,1299,259.8,1039.2,4.7,0,4,standard,cod,2026-04-21,0,
ORD000469,CUST01535,PROD007,Fashion,1299,0.0,1299.0,4.7,0,4,standard,card,2026-09-02,1,Late Delivery
ORD000470,CUST01626,PROD017,Beauty,299,89.7,209.3,4.7,0,4,standard,card,2026-06-23,0,
ORD000471,CUST00068,PROD020,Books,4999,499.9,4499.1,3.1,2,4,standard,cod,2025-12-10,0,
ORD000472,CUST00006,PROD006,Books,1299,324.75,974.25,2.8,1,4,standard,card,2026-04-23,0,
ORD000473,CUST00169,PROD005,Fashion,1299,0.0,1299.0,2.8,5,10,economy,upi,2025-10-07,1,Late Delivery
ORD000474,CUST00932,PROD008,Home & Lifestyle,1299,129.9,1169.1,3.9,6,6,standard,card,2025-10-05,1,Late Delivery
ORD000475,CUST01725,PROD005,Fashion,1299,324.75,974.25,2.9,4,3,standard,upi,2026-01-24,1,Ordered by Mistake
ORD000476,CUST00142,PROD010,Fashion,1299,0.0,1299.0,4.7,7,10,economy,card,2026-05-16,1,Damaged/Defective
ORD000477,CUST01543,PROD014,Beauty,499,74.85,424.15,3.6,4,5,standard,card,2025-12-31,1,Quality Issues
ORD000478,CUST01593,PROD003,Home & Lifestyle,1999,399.8,1599.2,4.0,1,4,standard,wallet,2026-03-24,0,
ORD000479,CUST01856,PROD001,Beauty,1999,0.0,1999.0,2.9,1,4,standard,cod,2026-05-11,1,Wrong Size
ORD000480,CUST00385,PROD008,Home & Lifestyle,1299,519.6,779.4,3.5,1,3,standard,wallet,2026-03-19,0,
ORD000481,CUST01920,PROD013,Home & Lifestyle,2999,299.9,2699.1,3.2,3,5,standard,cod,2026-04-28,1,Better Price Elsewhere
ORD000482,CUST01203,PROD019,Electronics,1299,389.7,909.3,3.9,6,11,economy,cod,2025-09-28,1,Ordered by Mistake
ORD000483,CUST00037,PROD017,Beauty,299,29.9,269.1,4.8,1,1,express,card,2026-02-11,0,
ORD000484,CUST01444,PROD005,Fashion,1299,324.75,974.25,2.9,4,6,standard,card,2026-04-04,1,Product Not as Expected
ORD000485,CUST01405,PROD016,Beauty,499,99.8,399.2,3.4,0,2,express,card,2026-01-22,0,
ORD000486,CUST01001,PROD012,Beauty,4999,0.0,4999.0,4.2,5,6,standard,card,2026-03-06,1,Wrong Size
ORD000487,CUST01735,PROD010,Fashion,1299,194.85,1104.15,4.6,0,8,economy,card,2026-03-17,0,
ORD000488,CUST01034,PROD010,Fashion,1299,0.0,1299.0,4.7,0,5,standard,card,2026-09-03,1,Ordered by Mistake
ORD000489,CUST00761,PROD002,Books,4999,749.85,4249.15,3.3,2,8,economy,upi,2026-05-16,0,
ORD000490,CUST01925,PROD020,Books,4999,499.9,4499.1,3.1,1,3,standard,upi,2026-01-16,1,Wrong Size
ORD000491,CUST01146,PROD019,Electronics,1299,129.9,1169.1,3.8,1,3,standard,upi,2026-03-31,0,
ORD000492,CUST01247,PROD005,Fashion,1299,0.0,1299.0,2.6,3,8,economy,upi,2026-06-01,1,Quality Issues
ORD000493,CUST01670,PROD020,Books,4999,1249.75,3749.25,2.7,2,3,standard,upi,2025-12-31,0,
ORD000494,CUST01060,PROD013,Home & Lifestyle,2999,0.0,2999.0,3.6,3,5,standard,cod,2026-01-19,1,Product Not as Expected
ORD000495,CUST00605,PROD009,Home & Lifestyle,1999,0.0,1999.0,3.8,4,3,standard,upi,2026-03-08,0,
ORD000496,CUST01510,PROD001,Beauty,1999,299.85,1699.15,2.9,4,8,economy,card,2026-08-08,1,Product Not as Expected
ORD000497,CUST00547,PROD019,Electronics,1299,0.0,1299.0,3.8,0,9,economy,card,2026-03-23,0,
ORD000498,CUST01531,PROD007,Fashion,1299,129.9,1169.1,4.7,0,5,standard,cod,2026-06-24,1,Quality Issues
ORD000499,CUST01702,PROD003,Home & Lifestyle,1999,199.9,1799.1,3.8,3,6,standard,card,2026-03-14,0,
ORD000500,CUST01093,PROD016,Beauty,499,49.9,449.1,3.1,5,9,economy,cod,2025-11-10,1,Wrong Size
ORD000501,CUST00619,PROD012,Beauty,4999,0.0,4999.0,4.1,0,1,express,card,2025-11-13,1,Ordered by Mistake
ORD000502,CUST01818,PROD009,Home & Lifestyle,1999,199.9,1799.1,3.8,0,4,standard,upi,2026-08-27,0,
ORD000503,CUST01234,PROD009,Home & Lifestyle,1999,0.0,1999.0,3.9,0,6,standard,card,2026-04-15,0,
ORD000504,CUST00527,PROD010,Fashion,1299,259.8,1039.2,4.8,0,2,express,card,2026-06-07,1,Better Price Elsewhere
ORD000505,CUST01646,PROD001,Beauty,1999,199.9,1799.1,3.1,5,10,economy,upi,2025-09-22,0,
ORD000506,CUST00825,PROD008,Home & Lifestyle,1299,0.0,1299.0,3.6,0,2,express,card,2026-05-25,0,
ORD000507,CUST00090,PROD008,Home & Lifestyle,1299,0.0,1299.0,3.9,1,6,standard,upi,2026-03-04,0,
ORD000508,CUST01134,PROD009,Home & Lifestyle,1999,799.6,1199.4,4.0,3,5,standard,card,2026-05-13,0,
ORD000509,CUST00152,PROD002,Books,4999,749.85,4249.15,3.6,3,1,express,upi,2025-11-17,0,
ORD000510,CUST00603,PROD004,Books,499,99.8,399.2,4.1,2,6,standard,cod,2026-06-21,0,
ORD000511,CUST01952,PROD004,Books,499,99.8,399.2,4.0,1,3,standard,card,2026-03-18,0,
ORD000512,CUST01702,PROD006,Books,1299,129.9,1169.1,2.5,1,6,standard,upi,2025-11-26,0,
ORD000513,CUST01456,PROD001,Beauty,1999,0.0,1999.0,2.6,3,2,express,card,2026-08-17,1,Ordered by Mistake
ORD000514,CUST00213,PROD003,Home & Lifestyle,1999,599.7,1399.3,4.2,0,5,standard,card,2026-04-20,1,Changed Mind
ORD000515,CUST01130,PROD017,Beauty,299,59.8,239.2,4.4,0,1,express,card,2026-07-23,0,
ORD000516,CUST00668,PROD005,Fashion,1299,129.9,1169.1,2.6,1,5,standard,upi,2026-04-12,1,Late Delivery
ORD000517,CUST00103,PROD007,Fashion,1299,0.0,1299.0,4.5,4,2,express,card,2025-10-23,0,
ORD000518,CUST00955,PROD019,Electronics,1299,259.8,1039.2,3.8,1,6,standard,card,2026-01-07,0,
ORD000519,CUST00169,PROD003,Home & Lifestyle,1999,199.9,1799.1,4.1,3,5,standard,upi,2026-06-25,0,
ORD000520,CUST00308,PROD014,Beauty,499,49.9,449.1,3.7,0,4,standard,upi,2025-10-13,0,
ORD000521,CUST00209,PROD001,Beauty,1999,0.0,1999.0,2.6,0,1,express,card,2025-12-13,1,Late Delivery
ORD000522,CUST00333,PROD013,Home & Lifestyle,2999,299.9,2699.1,3.4,0,5,standard,cod,2026-04-23,0,
ORD000523,CUST01930,PROD007,Fashion,1299,389.7,909.3,4.7,6,5,standard,card,2025-09-11,0,
ORD000524,CUST01783,PROD009,Home & Lifestyle,1999,499.75,1499.25,3.9,1,2,express,card,2025-11-18,0,
ORD000525,CUST01058,PROD017,Beauty,299,0.0,299.0,4.5,3,1,express,card,2025-09-18,0,
ORD000526,CUST00782,PROD007,Fashion,1299,0.0,1299.0,4.9,0,1,express,card,2026-05-15,0,
ORD000527,CUST01276,PROD001,Beauty,1999,199.9,1799.1,2.9,3,2,express,upi,2026-07-04,1,Late Delivery
ORD000528,CUST00326,PROD001,Beauty,1999,399.8,1599.2,2.8,0,5,standard,card,2025-12-05,0,
ORD000529,CUST00703,PROD012,Beauty,4999,999.8,3999.2,4.3,1,6,standard,cod,2026-03-12,0,
ORD000530,CUST01774,PROD016,Beauty,499,199.6,299.4,3.3,0,6,standard,upi,2026-07-22,1,Wrong Size
ORD000531,CUST01966,PROD018,Books,499,124.75,374.25,3.5,0,1,express,cod,2026-06-17,1,Better Price Elsewhere
ORD000532,CUST01049,PROD002,Books,4999,499.9,4499.1,3.8,0,5,standard,card,2025-12-16,0,
ORD000533,CUST01668,PROD005,Fashion,1299,0.0,1299.0,2.6,0,11,economy,card,2026-06-23,0,
ORD000534,CUST00641,PROD009,Home & Lifestyle,1999,299.85,1699.15,3.8,8,7,economy,card,2025-09-24,1,Changed Mind
ORD000535,CUST01511,PROD014,Beauty,499,124.75,374.25,3.6,0,5,standard,card,2026-02-11,1,Wrong Size
ORD000536,CUST00363,PROD019,Electronics,1299,259.8,1039.2,4.1,4,2,express,upi,2026-06-22,0,
ORD000537,CUST01901,PROD006,Books,1299,194.85,1104.15,2.6,0,6,standard,card,2025-11-18,0,
ORD000538,CUST01767,PROD015,Beauty,2999,0.0,2999.0,2.4,2,4,standard,card,2025-11-06,0,
ORD000539,CUST01022,PROD004,Books,499,74.85,424.15,3.9,2,7,economy,wallet,2026-01-15,0,
ORD000540,CUST01312,PROD004,Books,499,99.8,399.2,4.3,1,2,express,wallet,2025-11-15,0,
ORD000541,CUST00570,PROD006,Books,1299,0.0,1299.0,2.5,0,4,standard,upi,2025-12-06,1,Changed Mind
ORD000542,CUST01177,PROD018,Books,499,49.9,449.1,3.4,7,11,economy,upi,2026-04-26,0,
ORD000543,CUST00570,PROD011,Fashion,299,29.9,269.1,2.3,2,1,express,cod,2025-09-16,1,Damaged/Defective
ORD000544,CUST01904,PROD002,Books,4999,999.8,3999.2,3.8,1,6,standard,card,2025-11-01,0,
ORD000545,CUST00068,PROD003,Home & Lifestyle,1999,499.75,1499.25,3.8,0,1,express,cod,2026-03-26,1,Better Price Elsewhere
ORD000546,CUST00669,PROD001,Beauty,1999,299.85,1699.15,2.6,3,6,standard,card,2026-03-21,0,
ORD000547,CUST01219,PROD019,Electronics,1299,0.0,1299.0,3.8,0,5,standard,cod,2026-03-31,0,
ORD000548,CUST01550,PROD013,Home & Lifestyle,2999,0.0,2999.0,3.5,4,1,express,wallet,2026-05-16,1,Late Delivery
ORD000549,CUST00879,PROD013,Home & Lifestyle,2999,0.0,2999.0,3.1,2,1,express,wallet,2026-08-13,1,Quality Issues
ORD000550,CUST00627,PROD005,Fashion,1299,0.0,1299.0,3.0,0,4,standard,card,2025-10-24,1,Quality Issues
ORD000551,CUST01843,PROD006,Books,1299,129.9,1169.1,2.9,0,10,economy,card,2026-05-30,0,
ORD000552,CUST00690,PROD020,Books,4999,749.85,4249.15,2.8,0,3,standard,card,2026-01-10,0,
ORD000553,CUST01930,PROD004,Books,499,99.8,399.2,4.3,0,5,standard,card,2026-05-13,0,
ORD000554,CUST01993,PROD008,Home & Lifestyle,1299,129.9,1169.1,3.6,2,5,standard,cod,2025-10-27,0,
ORD000555,CUST00059,PROD002,Books,4999,499.9,4499.1,3.6,3,3,standard,card,2025-11-25,0,
ORD000556,CUST01864,PROD006,Books,1299,194.85,1104.15,2.6,6,9,economy,cod,2025-09-19,1,Product Not as Expected
ORD000557,CUST00122,PROD011,Fashion,299,0.0,299.0,2.3,2,6,standard,upi,2026-07-08,0,
ORD000558,CUST01553,PROD020,Books,4999,999.8,3999.2,2.9,0,2,express,card,2026-03-10,0,
ORD000559,CUST01239,PROD019,Electronics,1299,0.0,1299.0,4.1,5,1,express,upi,2026-04-12,0,
ORD000560,CUST01922,PROD020,Books,4999,499.9,4499.1,3.0,1,6,standard,card,2026-08-22,0,
ORD000561,CUST01551,PROD007,Fashion,1299,0.0,1299.0,5.0,2,5,standard,cod,2026-06-14,0,
ORD000562,CUST00224,PROD013,Home & Lifestyle,2999,899.7,2099.3,3.6,3,3,standard,card,2026-04-17,1,Better Price Elsewhere
ORD000563,CUST00969,PROD015,Beauty,2999,0.0,2999.0,2.8,4,5,standard,cod,2026-06-13,0,
ORD000564,CUST01955,PROD013,Home & Lifestyle,2999,0.0,2999.0,3.6,4,2,express,card,2026-04-15,0,
ORD000565,CUST00817,PROD006,Books,1299,0.0,1299.0,2.4,1,11,economy,card,2026-08-14,0,
ORD000566,CUST00548,PROD006,Books,1299,259.8,1039.2,2.4,3,3,standard,upi,2026-05-07,1,Better Price Elsewhere
ORD000567,CUST01768,PROD014,Beauty,499,124.75,374.25,3.4,4,4,standard,card,2025-11-10,0,
ORD000568,CUST01155,PROD002,Books,4999,749.85,4249.15,3.4,3,4,standard,card,2026-04-04,0,
ORD000569,CUST00534,PROD001,Beauty,1999,0.0,1999.0,3.0,0,1,express,cod,2026-04-01,1,Late Delivery
ORD000570,CUST01282,PROD017,Beauty,299,74.75,224.25,4.6,0,5,standard,card,2026-02-28,1,Quality Issues
ORD000571,CUST00917,PROD002,Books,4999,0.0,4999.0,3.3,1,1,express,card,2026-04-20,0,
ORD000572,CUST01864,PROD008,Home & Lifestyle,1299,389.7,909.3,3.5,1,1,express,cod,2025-11-20,1,Late Delivery
ORD000573,CUST00669,PROD006,Books,1299,389.7,909.3,2.7,1,2,express,card,2026-02-10,0,
ORD000574,CUST01106,PROD009,Home & Lifestyle,1999,499.75,1499.25,4.1,4,1,express,card,2025-12-12,0,
ORD000575,CUST01369,PROD014,Beauty,499,74.85,424.15,3.2,0,4,standard,card,2025-12-02,0,
ORD000576,CUST01772,PROD014,Beauty,499,149.7,349.3,3.7,0,1,express,card,2026-06-02,0,
ORD000577,CUST01570,PROD010,Fashion,1299,129.9,1169.1,4.9,0,4,standard,cod,2026-05-12,1,Ordered by Mistake
ORD000578,CUST00163,PROD009,Home & Lifestyle,1999,0.0,1999.0,4.1,0,9,economy,upi,2025-09-25,0,
ORD000579,CUST00136,PROD004,Books,499,74.85,424.15,4.0,0,1,express,card,2025-09-13,1,Wrong Size
ORD000580,CUST01465,PROD005,Fashion,1299,194.85,1104.15,3.2,4,2,express,card,2026-06-25,1,Wrong Size
ORD000581,CUST00878,PROD012,Beauty,4999,749.85,4249.15,4.0,2,1,express,card,2026-07-15,0,
ORD000582,CUST01972,PROD013,Home & Lifestyle,2999,449.85,2549.15,3.1,5,3,standard,upi,2025-10-30,0,
ORD000583,CUST00827,PROD020,Books,4999,0.0,4999.0,2.9,1,4,standard,card,2026-03-12,1,Damaged/Defective
ORD000584,CUST00216,PROD018,Books,499,0.0,499.0,3.8,1,10,economy,card,2026-04-11,1,Quality Issues
ORD000585,CUST01732,PROD006,Books,1299,0.0,1299.0,2.6,0,4,standard,card,2025-09-16,0,
ORD000586,CUST00259,PROD012,Beauty,4999,499.9,4499.1,3.9,3,5,standard,card,2025-10-06,0,
ORD000587,CUST01121,PROD003,Home & Lifestyle,1999,199.9,1799.1,4.2,1,1,express,upi,2026-07-17,0,
ORD000588,CUST00624,PROD017,Beauty,299,74.75,224.25,4.7,2,8,economy,card,2026-03-29,0,
ORD000589,CUST00483,PROD010,Fashion,1299,129.9,1169.1,4.9,2,4,standard,card,2026-08-17,0,
ORD000590,CUST00901,PROD007,Fashion,1299,0.0,1299.0,4.6,1,5,standard,upi,2026-03-05,0,
ORD000591,CUST01332,PROD011,Fashion,299,0.0,299.0,2.6,3,2,express,card,2026-05-16,1,Wrong Size
ORD000592,CUST00798,PROD005,Fashion,1299,324.75,974.25,2.8,0,5,standard,upi,2025-11-15,0,
ORD000593,CUST01226,PROD007,Fashion,1299,519.6,779.4,4.8,7,4,standard,card,2025-11-30,1,Product Not as Expected
ORD000594,CUST01879,PROD017,Beauty,299,0.0,299.0,4.9,3,3,standard,upi,2026-02-26,0,
ORD000595,CUST01973,PROD019,Electronics,1299,194.85,1104.15,3.9,1,11,economy,card,2026-05-08,1,Better Price Elsewhere
ORD000596,CUST00434,PROD011,Fashion,299,29.9,269.1,2.3,0,3,standard,cod,2026-08-30,0,
ORD000597,CUST00824,PROD019,Electronics,1299,519.6,779.4,3.7,0,3,standard,card,2026-05-05,0,
ORD000598,CUST01456,PROD015,Beauty,2999,749.75,2249.25,2.5,0,11,economy,upi,2026-04-15,0,
ORD000599,CUST00162,PROD009,Home & Lifestyle,1999,399.8,1599.2,3.8,7,3,standard,card,2026-06-30,1,Product Not as Expected
ORD000600,CUST01243,PROD017,Beauty,299,44.85,254.15,4.7,5,6,standard,upi,2026-02-13,0,
ORD000601,CUST01157,PROD010,Fashion,1299,129.9,1169.1,4.6,5,3,standard,upi,2026-06-17,1,Late Delivery
ORD000602,CUST00226,PROD011,Fashion,299,0.0,299.0,2.3,0,2,express,cod,2025-09-15,0,
ORD000603,CUST01019,PROD018,Books,499,74.85,424.15,3.5,0,1,express,upi,2026-02-24,0,
ORD000604,CUST01169,PROD011,Fashion,299,0.0,299.0,2.4,3,4,standard,cod,2026-06-01,0,
ORD000605,CUST01939,PROD007,Fashion,1299,389.7,909.3,4.5,3,3,standard,upi,2026-02-04,0,
ORD000606,CUST01038,PROD009,Home & Lifestyle,1999,199.9,1799.1,3.9,7,2,express,upi,2026-03-17,1,Quality Issues
ORD000607,CUST01326,PROD009,Home & Lifestyle,1999,299.85,1699.15,4.0,3,3,standard,cod,2026-04-25,1,Quality Issues
ORD000608,CUST01091,PROD016,Beauty,499,0.0,499.0,3.3,0,3,standard,upi,2026-09-04,1,Damaged/Defective
ORD000609,CUST00354,PROD012,Beauty,4999,0.0,4999.0,4.0,7,4,standard,card,2026-01-15,0,
ORD000610,CUST01789,PROD005,Fashion,1299,129.9,1169.1,2.9,1,2,express,card,2025-09-26,1,Better Price Elsewhere
ORD000611,CUST00444,PROD005,Fashion,1299,259.8,1039.2,2.9,1,4,standard,upi,2025-10-18,0,
ORD000612,CUST00179,PROD013,Home & Lifestyle,2999,599.8,2399.2,3.3,5,2,express,upi,2026-01-28,1,Product Not as Expected
ORD000613,CUST01551,PROD004,Books,499,0.0,499.0,4.4,2,2,express,upi,2026-05-01,0,
ORD000614,CUST00044,PROD009,Home & Lifestyle,1999,199.9,1799.1,3.7,5,6,standard,card,2025-12-10,0,
ORD000615,CUST01867,PROD019,Electronics,1299,0.0,1299.0,3.8,4,6,standard,card,2025-11-19,0,
ORD000616,CUST00946,PROD013,Home & Lifestyle,2999,899.7,2099.3,3.5,0,4,standard,card,2025-09-28,1,Better Price Elsewhere
ORD000617,CUST01941,PROD001,Beauty,1999,0.0,1999.0,3.2,1,11,economy,cod,2025-12-25,0,
ORD000618,CUST01238,PROD019,Electronics,1299,259.8,1039.2,4.0,2,1,express,card,2026-02-16,0,
ORD000619,CUST01692,PROD009,Home & Lifestyle,1999,199.9,1799.1,3.9,3,10,economy,card,2025-12-28,1,Product Not as Expected
ORD000620,CUST01102,PROD017,Beauty,299,44.85,254.15,4.5,0,9,economy,card,2026-01-30,0,
ORD000621,CUST00277,PROD014,Beauty,499,124.75,374.25,3.6,2,6,standard,upi,2025-12-06,1,Changed Mind
ORD000622,CUST01356,PROD001,Beauty,1999,199.9,1799.1,2.9,0,2,express,card,2025-12-14,0,
ORD000623,CUST00945,PROD003,Home & Lifestyle,1999,499.75,1499.25,4.1,2,5,standard,cod,2026-08-09,1,Better Price Elsewhere
ORD000624,CUST00086,PROD012,Beauty,4999,0.0,4999.0,4.3,0,6,standard,card,2025-10-26,1,Product Not as Expected
ORD000625,CUST01506,PROD012,Beauty,4999,999.8,3999.2,3.9,0,4,standard,card,2026-05-18,0,
ORD000626,CUST00146,PROD014,Beauty,499,0.0,499.0,3.4,0,5,standard,card,2026-07-23,0,
ORD000627,CUST01293,PROD005,Fashion,1299,0.0,1299.0,2.9,0,1,express,card,2026-04-23,0,
ORD000628,CUST01784,PROD015,Beauty,2999,449.85,2549.15,2.8,1,1,express,card,2026-03-10,1,Quality Issues
ORD000629,CUST00432,PROD008,Home & Lifestyle,1299,324.75,974.25,3.4,0,10,economy,upi,2026-05-17,0,
ORD000630,CUST00565,PROD001,Beauty,1999,199.9,1799.1,3.0,1,6,standard,card,2026-04-24,1,Late Delivery
ORD000631,CUST00356,PROD002,Books,4999,499.9,4499.1,3.3,1,1,express,card,2026-03-13,0,
ORD000632,CUST00165,PROD006,Books,1299,0.0,1299.0,2.5,4,3,standard,upi,2025-10-17,0,
ORD000633,CUST01645,PROD017,Beauty,299,29.9,269.1,4.6,1,1,express,cod,2026-08-29,0,
ORD000634,CUST00515,PROD014,Beauty,499,74.85,424.15,3.7,4,3,standard,upi,2026-01-13,0,
ORD000635,CUST00053,PROD009,Home & Lifestyle,1999,299.85,1699.15,3.7,3,1,express,card,2025-11-30,0,
ORD000636,CUST00229,PROD010,Fashion,1299,259.8,1039.2,4.4,2,3,standard,card,2026-01-07,1,Wrong Size
ORD000637,CUST01300,PROD020,Books,4999,749.85,4249.15,2.8,3,5,standard,card,2026-04-13,1,Changed Mind
ORD000638,CUST01888,PROD010,Fashion,1299,0.0,1299.0,4.9,2,5,standard,upi,2026-07-02,0,
ORD000639,CUST00462,PROD014,Beauty,499,49.9,449.1,3.3,1,3,standard,upi,2025-12-31,0,
ORD000640,CUST01185,PROD019,Electronics,1299,0.0,1299.0,3.8,3,6,standard,upi,2026-01-23,1,Changed Mind
ORD000641,CUST01325,PROD016,Beauty,499,124.75,374.25,3.7,3,6,standard,card,2026-08-27,1,Better Price Elsewhere
ORD000642,CUST01983,PROD007,Fashion,1299,259.8,1039.2,4.6,0,3,standard,card,2025-12-06,0,
ORD000643,CUST00103,PROD020,Books,4999,0.0,4999.0,3.0,1,3,standard,cod,2025-10-07,0,
ORD000644,CUST00280,PROD015,Beauty,2999,599.8,2399.2,2.5,3,3,standard,card,2026-08-03,0,
ORD000645,CUST00877,PROD013,Home & Lifestyle,2999,899.7,2099.3,3.1,0,4,standard,card,2026-06-02,0,
ORD000646,CUST00467,PROD011,Fashion,299,0.0,299.0,2.4,0,2,express,cod,2025-10-17,0,
ORD000647,CUST00748,PROD001,Beauty,1999,0.0,1999.0,2.7,2,6,standard,cod,2026-07-05,1,Wrong Size
ORD000648,CUST00868,PROD009,Home & Lifestyle,1999,799.6,1199.4,3.8,0,2,express,upi,2026-09-02,1,Damaged/Defective
ORD000649,CUST00404,PROD010,Fashion,1299,129.9,1169.1,4.9,0,6,standard,card,2025-10-19,0,
ORD000650,CUST01703,PROD018,Books,499,124.75,374.25,3.9,5,6,standard,card,2026-03-27,1,Changed Mind
ORD000651,CUST00139,PROD015,Beauty,2999,599.8,2399.2,2.6,1,1,express,card,2025-10-20,0,
ORD000652,CUST00482,PROD005,Fashion,1299,259.8,1039.2,2.6,0,3,standard,card,2026-06-08,0,
ORD000653,CUST01293,PROD012,Beauty,4999,0.0,4999.0,3.9,3,4,standard,card,2025-11-19,0,
ORD000654,CUST00126,PROD008,Home & Lifestyle,1299,324.75,974.25,3.8,1,2,express,card,2026-06-26,0,
ORD000655,CUST01341,PROD014,Beauty,499,99.8,399.2,3.6,0,2,express,card,2026-01-02,0,
ORD000656,CUST00995,PROD012,Beauty,4999,1249.75,3749.25,4.3,1,1,express,upi,2026-07-02,1,Changed Mind
ORD000657,CUST00560,PROD017,Beauty,299,0.0,299.0,4.4,0,1,express,upi,2025-10-20,0,
ORD000658,CUST00791,PROD012,Beauty,4999,999.8,3999.2,3.8,1,3,standard,card,2025-11-14,0,
ORD000659,CUST00716,PROD001,Beauty,1999,799.6,1199.4,3.1,0,9,economy,wallet,2025-10-11,1,Wrong Size
ORD000660,CUST01734,PROD011,Fashion,299,89.7,209.3,2.2,2,1,express,wallet,2026-05-01,0,
ORD000661,CUST01724,PROD010,Fashion,1299,0.0,1299.0,4.5,5,4,standard,card,2025-09-28,0,
ORD000662,CUST01861,PROD014,Beauty,499,0.0,499.0,3.2,5,6,standard,card,2026-04-22,1,Changed Mind
ORD000663,CUST01797,PROD002,Books,4999,749.85,4249.15,3.6,0,6,standard,cod,2026-07-09,0,
ORD000664,CUST00654,PROD010,Fashion,1299,129.9,1169.1,4.7,2,6,standard,card,2026-04-10,0,
ORD000665,CUST00863,PROD020,Books,4999,499.9,4499.1,2.9,1,1,express,card,2026-06-06,1,Ordered by Mistake
ORD000666,CUST01158,PROD009,Home & Lifestyle,1999,0.0,1999.0,3.8,1,6,standard,upi,2026-03-26,0,
ORD000667,CUST01543,PROD015,Beauty,2999,299.9,2699.1,2.6,1,3,standard,card,2026-03-05,1,Quality Issues
ORD000668,CUST00860,PROD017,Beauty,299,29.9,269.1,4.8,2,3,standard,card,2026-03-29,0,
ORD000669,CUST01015,PROD015,Beauty,2999,449.85,2549.15,2.7,0,4,standard,cod,2026-05-19,1,Wrong Size
ORD000670,CUST01263,PROD012,Beauty,4999,0.0,4999.0,4.0,3,1,express,upi,2026-03-07,1,Quality Issues
ORD000671,CUST01351,PROD019,Electronics,1299,129.9,1169.1,4.1,5,9,economy,card,2026-06-03,0,
ORD000672,CUST00202,PROD003,Home & Lifestyle,1999,299.85,1699.15,3.9,0,3,standard,card,2026-03-13,0,
ORD000673,CUST01646,PROD015,Beauty,2999,749.75,2249.25,2.5,1,6,standard,upi,2025-11-28,0,
ORD000674,CUST01893,PROD014,Beauty,499,0.0,499.0,3.5,0,2,express,wallet,2026-02-21,0,
ORD000675,CUST01048,PROD007,Fashion,1299,0.0,1299.0,5.0,0,4,standard,upi,2026-01-08,1,Damaged/Defective
ORD000676,CUST00961,PROD014,Beauty,499,49.9,449.1,3.2,3,6,standard,cod,2026-01-27,1,Quality Issues
ORD000677,CUST00561,PROD016,Beauty,499,49.9,449.1,3.2,2,4,standard,upi,2025-11-09,1,Ordered by Mistake
ORD000678,CUST00195,PROD010,Fashion,1299,259.8,1039.2,4.4,0,1,express,card,2025-11-03,0,
ORD000679,CUST01992,PROD002,Books,4999,0.0,4999.0,3.7,3,6,standard,cod,2026-06-01,0,
ORD000680,CUST01464,PROD007,Fashion,1299,0.0,1299.0,4.7,1,1,express,card,2026-01-30,0,
ORD000681,CUST00401,PROD018,Books,499,49.9,449.1,3.4,6,10,economy,cod,2025-12-01,1,Better Price Elsewhere
ORD000682,CUST01523,PROD002,Books,4999,999.8,3999.2,3.7,0,2,express,upi,2026-01-27,0,
ORD000683,CUST00783,PROD015,Beauty,2999,749.75,2249.25,2.5,5,4,standard,card,2025-09-30,1,Quality Issues
ORD000684,CUST00971,PROD014,Beauty,499,0.0,499.0,3.2,2,2,express,card,2026-06-14,0,
ORD000685,CUST01549,PROD007,Fashion,1299,0.0,1299.0,4.8,0,1,express,card,2025-10-20,0,
ORD000686,CUST00568,PROD012,Beauty,4999,499.9,4499.1,4.1,2,1,express,wallet,2026-07-17,1,Wrong Size
ORD000687,CUST00938,PROD016,Beauty,499,0.0,499.0,3.5,0,3,standard,card,2026-09-02,1,Changed Mind
ORD000688,CUST01221,PROD019,Electronics,1299,0.0,1299.0,3.8,1,2,express,cod,2026-08-25,0,
ORD000689,CUST01426,PROD011,Fashion,299,59.8,239.2,2.2,0,5,standard,card,2025-10-14,0,
ORD000690,CUST01677,PROD008,Home & Lifestyle,1299,129.9,1169.1,3.5,0,4,standard,card,2026-03-08,0,
ORD000691,CUST00547,PROD009,Home & Lifestyle,1999,0.0,1999.0,4.2,4,6,standard,wallet,2025-09-21,0,
ORD000692,CUST00146,PROD004,Books,499,49.9,449.1,4.0,2,5,standard,card,2026-07-30,0,
ORD000693,CUST01305,PROD009,Home & Lifestyle,1999,399.8,1599.2,3.9,2,5,standard,upi,2026-06-13,1,Quality Issues
ORD000694,CUST01291,PROD011,Fashion,299,44.85,254.15,2.7,0,3,standard,cod,2025-10-10,1,Product Not as Expected
ORD000695,CUST01306,PROD002,Books,4999,0.0,4999.0,3.5,1,3,standard,upi,2025-09-25,1,Ordered by Mistake
ORD000696,CUST01971,PROD019,Electronics,1299,389.7,909.3,4.1,2,3,standard,upi,2026-08-31,0,
ORD000697,CUST01598,PROD019,Electronics,1299,129.9,1169.1,4.0,6,4,standard,card,2026-02-18,0,
ORD000698,CUST01131,PROD012,Beauty,4999,1499.7,3499.3,3.9,0,1,express,cod,2026-08-31,1,Wrong Size
ORD000699,CUST01477,PROD019,Electronics,1299,259.8,1039.2,3.8,2,5,standard,card,2026-01-21,1,Quality Issues
ORD000700,CUST01676,PROD014,Beauty,499,0.0,499.0,3.6,0,1,express,card,2025-10-21,0,
ORD000701,CUST00066,PROD005,Fashion,1299,0.0,1299.0,2.6,0,2,express,card,2026-08-01,1,Damaged/Defective
ORD000702,CUST01640,PROD019,Electronics,1299,194.85,1104.15,4.1,2,1,express,card,2026-09-04,0,
ORD000703,CUST01429,PROD005,Fashion,1299,129.9,1169.1,3.1,0,4,standard,card,2026-01-22,0,
ORD000704,CUST01045,PROD016,Beauty,499,124.75,374.25,3.3,1,1,express,cod,2026-08-08,0,
ORD000705,CUST01897,PROD015,Beauty,2999,0.0,2999.0,2.9,0,4,standard,upi,2026-05-29,0,
ORD000706,CUST00786,PROD003,Home & Lifestyle,1999,0.0,1999.0,4.0,4,3,standard,card,2026-07-14,1,Better Price Elsewhere
ORD000707,CUST01339,PROD003,Home & Lifestyle,1999,199.9,1799.1,3.7,1,6,standard,upi,2026-09-09,0,
ORD000708,CUST01375,PROD012,Beauty,4999,999.8,3999.2,4.1,0,6,standard,card,2026-06-28,1,Damaged/Defective
ORD000709,CUST01033,PROD011,Fashion,299,0.0,299.0,2.6,2,4,standard,card,2026-02-24,1,Quality Issues
ORD000710,CUST00724,PROD005,Fashion,1299,389.7,909.3,2.9,1,3,standard,card,2025-11-02,0,
ORD000711,CUST01418,PROD013,Home & Lifestyle,2999,899.7,2099.3,3.3,3,1,express,card,2025-12-15,1,Changed Mind
ORD000712,CUST01124,PROD006,Books,1299,0.0,1299.0,2.3,4,6,standard,upi,2025-12-13,0,
ORD000713,CUST01979,PROD010,Fashion,1299,129.9,1169.1,4.6,0,1,express,upi,2026-09-02,1,Better Price Elsewhere
ORD000714,CUST00964,PROD010,Fashion,1299,194.85,1104.15,4.8,1,1,express,card,2026-08-30,1,Wrong Size
ORD000715,CUST00264,PROD017,Beauty,299,44.85,254.15,4.4,1,1,express,card,2026-08-12,0,
ORD000716,CUST00613,PROD004,Books,499,99.8,399.2,4.2,7,5,standard,upi,2026-07-10,0,
ORD000717,CUST01563,PROD004,Books,499,74.85,424.15,4.2,6,3,standard,upi,2026-04-05,0,
ORD000718,CUST01323,PROD017,Beauty,299,59.8,239.2,4.6,3,4,standard,card,2026-04-19,0,
ORD000719,CUST01640,PROD011,Fashion,299,74.75,224.25,2.6,2,4,standard,upi,2026-07-10,0,
ORD000720,CUST01734,PROD016,Beauty,499,199.6,299.4,3.2,4,2,express,upi,2026-06-19,1,Better Price Elsewhere
ORD000721,CUST01673,PROD005,Fashion,1299,324.75,974.25,2.7,2,1,express,card,2026-06-04,0,
ORD000722,CUST01424,PROD017,Beauty,299,74.75,224.25,4.5,2,2,express,card,2026-03-25,1,Ordered by Mistake
ORD000723,CUST01252,PROD015,Beauty,2999,299.9,2699.1,2.3,2,4,standard,card,2025-10-28,0,
ORD000724,CUST01229,PROD016,Beauty,499,99.8,399.2,3.2,6,6,standard,upi,2026-02-23,1,Changed Mind
ORD000725,CUST01286,PROD015,Beauty,2999,0.0,2999.0,2.8,0,3,standard,card,2026-07-25,0,
ORD000726,CUST00285,PROD012,Beauty,4999,0.0,4999.0,3.9,1,3,standard,upi,2026-08-02,1,Wrong Size
ORD000727,CUST01074,PROD009,Home & Lifestyle,1999,0.0,1999.0,4.2,0,3,standard,card,2025-12-14,0,
ORD000728,CUST01540,PROD008,Home & Lifestyle,1299,194.85,1104.15,3.5,1,2,express,cod,2026-05-12,0,
ORD000729,CUST00943,PROD018,Books,499,49.9,449.1,3.8,0,2,express,card,2026-03-26,0,
ORD000730,CUST00535,PROD002,Books,4999,499.9,4499.1,3.6,1,5,standard,card,2026-08-16,0,
ORD000731,CUST01502,PROD006,Books,1299,259.8,1039.2,2.5,1,1,express,card,2026-03-14,1,Quality Issues
ORD000732,CUST00558,PROD019,Electronics,1299,0.0,1299.0,3.7,1,10,economy,upi,2026-07-11,0,
ORD000733,CUST00868,PROD001,Beauty,1999,399.8,1599.2,2.9,6,1,express,card,2025-09-10,0,
ORD000734,CUST00381,PROD004,Books,499,0.0,499.0,4.2,5,8,economy,cod,2025-12-19,1,Damaged/Defective
ORD000735,CUST00376,PROD003,Home & Lifestyle,1999,499.75,1499.25,4.1,4,4,standard,cod,2026-08-14,1,Damaged/Defective
ORD000736,CUST01723,PROD010,Fashion,1299,0.0,1299.0,4.6,3,7,economy,card,2026-07-24,0,
ORD000737,CUST00757,PROD011,Fashion,299,0.0,299.0,2.3,6,4,standard,card,2026-08-05,0,
ORD000738,CUST01550,PROD007,Fashion,1299,0.0,1299.0,4.8,0,5,standard,card,2025-12-05,0,
ORD000739,CUST01241,PROD003,Home & Lifestyle,1999,299.85,1699.15,4.0,4,2,express,upi,2025-11-21,1,Damaged/Defective
ORD000740,CUST00692,PROD019,Electronics,1299,389.7,909.3,4.1,1,5,standard,upi,2026-01-12,0,
ORD000741,CUST00834,PROD018,Books,499,99.8,399.2,4.0,4,1,express,upi,2026-04-06,1,Changed Mind
ORD000742,CUST01366,PROD020,Books,4999,499.9,4499.1,3.0,0,5,standard,card,2026-08-28,1,Changed Mind
ORD000743,CUST01622,PROD008,Home & Lifestyle,1299,0.0,1299.0,3.8,1,5,standard,upi,2025-09-26,0,
ORD000744,CUST00826,PROD001,Beauty,1999,599.7,1399.3,3.0,2,2,express,card,2026-06-29,0,
ORD000745,CUST01274,PROD017,Beauty,299,29.9,269.1,4.4,3,3,standard,upi,2026-07-20,1,Late Delivery
ORD000746,CUST00826,PROD006,Books,1299,259.8,1039.2,2.8,0,5,standard,card,2025-12-28,0,
ORD000747,CUST01801,PROD015,Beauty,2999,599.8,2399.2,2.4,4,3,standard,card,2026-06-14,1,Damaged/Defective
ORD000748,CUST00977,PROD004,Books,499,0.0,499.0,4.3,0,2,express,cod,2026-07-23,1,Quality Issues
ORD000749,CUST00095,PROD015,Beauty,2999,0.0,2999.0,2.5,1,1,express,card,2026-03-10,0,
ORD000750,CUST01886,PROD019,Electronics,1299,129.9,1169.1,4.2,3,2,express,card,2025-10-10,0,
ORD000751,CUST01881,PROD015,Beauty,2999,599.8,2399.2,2.7,2,1,express,card,2026-02-23,1,Product Not as Expected
ORD000752,CUST01626,PROD009,Home & Lifestyle,1999,0.0,1999.0,4.1,1,4,standard,card,2026-04-28,1,Ordered by Mistake
ORD000753,CUST01736,PROD011,Fashion,299,29.9,269.1,2.7,1,3,standard,card,2025-10-05,0,
ORD000754,CUST00370,PROD019,Electronics,1299,0.0,1299.0,4.1,4,5,standard,card,2026-02-23,0,
ORD000755,CUST00118,PROD010,Fashion,1299,194.85,1104.15,4.7,3,9,economy,cod,2026-04-25,1,Changed Mind
ORD000756,CUST00803,PROD013,Home & Lifestyle,2999,299.9,2699.1,3.4,0,5,standard,card,2026-01-20,0,
ORD000757,CUST00618,PROD005,Fashion,1299,519.6,779.4,2.7,0,3,standard,wallet,2025-12-28,0,
ORD000758,CUST00455,PROD018,Books,499,74.85,424.15,3.8,2,3,standard,upi,2026-01-09,1,Late Delivery
ORD000759,CUST01599,PROD004,Books,499,0.0,499.0,4.1,2,6,standard,card,2025-12-03,0,
ORD000760,CUST00371,PROD013,Home & Lifestyle,2999,599.8,2399.2,3.2,0,2,express,cod,2025-12-07,0,
ORD000761,CUST01628,PROD006,Books,1299,259.8,1039.2,2.8,2,2,express,card,2025-10-13,0,
ORD000762,CUST00130,PROD005,Fashion,1299,0.0,1299.0,2.8,0,5,standard,upi,2026-03-20,0,
ORD000763,CUST01778,PROD017,Beauty,299,44.85,254.15,4.8,0,4,standard,card,2026-04-23,0,
ORD000764,CUST01454,PROD005,Fashion,1299,324.75,974.25,2.9,0,2,express,upi,2026-05-19,0,
ORD000765,CUST00684,PROD008,Home & Lifestyle,1299,324.75,974.25,3.8,5,4,standard,card,2026-06-15,1,Product Not as Expected
ORD000766,CUST00656,PROD003,Home & Lifestyle,1999,499.75,1499.25,4.1,5,2,express,wallet,2026-07-01,1,Quality Issues
ORD000767,CUST00339,PROD018,Books,499,0.0,499.0,3.8,0,6,standard,card,2025-10-07,1,Quality Issues
ORD000768,CUST00370,PROD005,Fashion,1299,194.85,1104.15,3.0,2,4,standard,card,2026-07-11,1,Ordered by Mistake
ORD000769,CUST01548,PROD020,Books,4999,999.8,3999.2,2.6,0,8,economy,upi,2025-09-23,1,Ordered by Mistake
ORD000770,CUST01040,PROD013,Home & Lifestyle,2999,299.9,2699.1,3.3,1,4,standard,card,2026-07-25,0,
ORD000771,CUST01371,PROD008,Home & Lifestyle,1299,259.8,1039.2,3.6,4,5,standard,upi,2026-06-18,0,
ORD000772,CUST01098,PROD009,Home & Lifestyle,1999,199.9,1799.1,3.8,2,2,express,card,2026-04-24,1,Ordered by Mistake
ORD000773,CUST01016,PROD019,Electronics,1299,129.9,1169.1,3.7,0,4,standard,card,2025-12-16,0,
ORD000774,CUST00585,PROD016,Beauty,499,124.75,374.25,3.5,3,5,standard,card,2026-05-03,0,
ORD000775,CUST00998,PROD020,Books,4999,1499.7,3499.3,2.7,0,1,express,card,2026-06-06,1,Quality Issues
ORD000776,CUST01616,PROD004,Books,499,99.8,399.2,4.5,0,4,standard,card,2026-07-17,0,
ORD000777,CUST00262,PROD014,Beauty,499,49.9,449.1,3.3,4,2,express,card,2026-06-09,0,
ORD000778,CUST01888,PROD009,Home & Lifestyle,1999,299.85,1699.15,4.0,4,1,express,upi,2025-11-19,1,Late Delivery
ORD000779,CUST00885,PROD003,Home & Lifestyle,1999,599.7,1399.3,4.0,3,6,standard,upi,2026-03-18,0,
ORD000780,CUST00560,PROD008,Home & Lifestyle,1299,389.7,909.3,3.7,0,1,express,upi,2026-07-10,0,
ORD000781,CUST01885,PROD020,Books,4999,0.0,4999.0,2.7,5,6,standard,card,2025-11-08,0,
ORD000782,CUST01264,PROD001,Beauty,1999,0.0,1999.0,3.1,0,6,standard,cod,2026-06-16,0,
ORD000783,CUST00883,PROD013,Home & Lifestyle,2999,1199.6,1799.4,3.5,2,2,express,card,2026-05-12,0,
ORD000784,CUST01749,PROD009,Home & Lifestyle,1999,0.0,1999.0,3.9,3,3,standard,card,2026-02-11,0,
ORD000785,CUST01963,PROD001,Beauty,1999,0.0,1999.0,2.7,1,4,standard,card,2026-01-02,1,Changed Mind
ORD000786,CUST01173,PROD003,Home & Lifestyle,1999,0.0,1999.0,3.9,3,3,standard,cod,2025-11-06,1,Quality Issues
ORD000787,CUST00687,PROD014,Beauty,499,149.7,349.3,3.4,7,1,express,upi,2025-09-24,1,Changed Mind
ORD000788,CUST01523,PROD008,Home & Lifestyle,1299,129.9,1169.1,3.6,0,5,standard,card,2026-02-25,0,
ORD000789,CUST01632,PROD006,Books,1299,129.9,1169.1,2.3,2,6,standard,upi,2026-09-09,0,
ORD000790,CUST00777,PROD003,Home & Lifestyle,1999,299.85,1699.15,4.1,3,3,standard,card,2026-08-21,1,Product Not as Expected
ORD000791,CUST00557,PROD008,Home & Lifestyle,1299,0.0,1299.0,3.8,3,4,standard,upi,2026-07-17,0,
ORD000792,CUST00056,PROD015,Beauty,2999,599.8,2399.2,2.7,6,6,standard,upi,2026-03-21,1,Product Not as Expected
ORD000793,CUST00302,PROD017,Beauty,299,119.6,179.4,4.8,0,8,economy,upi,2026-03-21,1,Wrong Size
ORD000794,CUST01979,PROD020,Books,4999,499.9,4499.1,3.1,4,3,standard,upi,2025-12-03,0,
ORD000795,CUST00243,PROD005,Fashion,1299,129.9,1169.1,2.7,0,4,standard,card,2026-01-06,1,Quality Issues
ORD000796,CUST00147,PROD013,Home & Lifestyle,2999,1199.6,1799.4,3.5,2,5,standard,card,2025-12-14,0,
ORD000797,CUST01150,PROD010,Fashion,1299,194.85,1104.15,5.0,3,3,standard,card,2026-07-22,0,
ORD000798,CUST00765,PROD018,Books,499,74.85,424.15,3.9,2,4,standard,cod,2026-05-26,0,
ORD000799,CUST01808,PROD005,Fashion,1299,0.0,1299.0,3.2,7,5,standard,upi,2026-03-12,1,Better Price Elsewhere
ORD000800,CUST01544,PROD015,Beauty,2999,599.8,2399.2,2.3,2,5,standard,card,2026-08-05,1,Damaged/Defective
ORD000801,CUST00866,PROD011,Fashion,299,0.0,299.0,2.5,3,1,express,card,2025-12-15,1,Ordered by Mistake
ORD000802,CUST00583,PROD007,Fashion,1299,259.8,1039.2,4.8,5,1,express,cod,2026-01-24,0,
ORD000803,CUST00595,PROD016,Beauty,499,49.9,449.1,3.3,6,2,express,cod,2025-12-30,1,Wrong Size
ORD000804,CUST01068,PROD017,Beauty,299,59.8,239.2,4.7,3,9,economy,card,2026-06-19,1,Damaged/Defective
ORD000805,CUST01265,PROD009,Home & Lifestyle,1999,0.0,1999.0,3.9,2,1,express,upi,2026-04-12,0,
ORD000806,CUST00403,PROD013,Home & Lifestyle,2999,0.0,2999.0,3.4,0,1,express,upi,2026-06-17,1,Quality Issues
ORD000807,CUST01796,PROD019,Electronics,1299,259.8,1039.2,4.0,3,6,standard,card,2026-02-05,0,
ORD000808,CUST01923,PROD017,Beauty,299,89.7,209.3,4.6,0,4,standard,wallet,2025-12-20,0,
ORD000809,CUST01717,PROD015,Beauty,2999,449.85,2549.15,2.5,0,5,standard,upi,2025-09-20,1,Product Not as Expected
ORD000810,CUST01692,PROD002,Books,4999,499.9,4499.1,3.4,0,6,standard,card,2025-10-15,0,
ORD000811,CUST01972,PROD002,Books,4999,0.0,4999.0,3.4,1,2,express,upi,2026-08-11,0,
ORD000812,CUST01261,PROD002,Books,4999,0.0,4999.0,3.8,2,1,express,card,2026-07-12,0,
ORD000813,CUST00025,PROD015,Beauty,2999,0.0,2999.0,2.6,0,4,standard,card,2025-10-25,0,
ORD000814,CUST01745,PROD004,Books,499,124.75,374.25,4.0,3,2,express,card,2025-12-31,0,
ORD000815,CUST00630,PROD020,Books,4999,749.85,4249.15,3.2,7,2,express,card,2026-02-16,1,Changed Mind
ORD000816,CUST01393,PROD011,Fashion,299,0.0,299.0,2.4,0,3,standard,upi,2025-09-16,0,
ORD000817,CUST00473,PROD008,Home & Lifestyle,1299,389.7,909.3,3.9,1,3,standard,card,2026-07-21,1,Late Delivery
ORD000818,CUST01383,PROD019,Electronics,1299,129.9,1169.1,3.9,3,4,standard,card,2025-12-04,1,Ordered by Mistake
ORD000819,CUST01204,PROD016,Beauty,499,0.0,499.0,3.3,7,2,express,cod,2026-02-10,1,Quality Issues
ORD000820,CUST01864,PROD007,Fashion,1299,129.9,1169.1,4.6,5,1,express,cod,2026-03-24,1,Wrong Size
ORD000821,CUST01993,PROD009,Home & Lifestyle,1999,299.85,1699.15,3.6,1,1,express,card,2025-12-21,0,
ORD000822,CUST00033,PROD012,Beauty,4999,749.85,4249.15,4.3,1,1,express,upi,2025-09-21,0,
ORD000823,CUST01557,PROD012,Beauty,4999,0.0,4999.0,4.1,4,5,standard,card,2026-01-26,0,
ORD000824,CUST01372,PROD001,Beauty,1999,799.6,1199.4,3.2,3,9,economy,cod,2025-11-27,0,
ORD000825,CUST01236,PROD015,Beauty,2999,599.8,2399.2,2.4,5,1,express,upi,2026-03-21,0,
ORD000826,CUST01679,PROD015,Beauty,2999,899.7,2099.3,2.8,2,5,standard,card,2025-09-22,1,Ordered by Mistake
ORD000827,CUST01744,PROD007,Fashion,1299,324.75,974.25,4.9,1,6,standard,card,2026-06-11,1,Wrong Size
ORD000828,CUST01821,PROD003,Home & Lifestyle,1999,399.8,1599.2,4.2,0,4,standard,upi,2025-10-12,0,
ORD000829,CUST00495,PROD016,Beauty,499,99.8,399.2,3.3,2,1,express,card,2025-11-17,1,Changed Mind
ORD000830,CUST00486,PROD008,Home & Lifestyle,1299,0.0,1299.0,3.8,0,10,economy,upi,2026-05-21,0,
ORD000831,CUST00070,PROD015,Beauty,2999,0.0,2999.0,2.6,1,3,standard,card,2025-12-22,0,
ORD000832,CUST01053,PROD016,Beauty,499,0.0,499.0,3.2,2,4,standard,card,2025-11-25,1,Quality Issues
ORD000833,CUST01334,PROD016,Beauty,499,99.8,399.2,3.3,1,6,standard,card,2026-05-27,1,Ordered by Mistake
ORD000834,CUST01186,PROD010,Fashion,1299,129.9,1169.1,4.8,4,3,standard,card,2025-12-07,1,Ordered by Mistake
ORD000835,CUST01318,PROD020,Books,4999,0.0,4999.0,3.0,3,7,economy,upi,2025-11-14,0,
ORD000836,CUST01603,PROD016,Beauty,499,74.85,424.15,3.6,0,5,standard,cod,2025-12-27,1,Product Not as Expected
ORD000837,CUST01034,PROD016,Beauty,499,99.8,399.2,3.6,1,3,standard,upi,2026-01-30,0,
ORD000838,CUST01324,PROD015,Beauty,2999,0.0,2999.0,2.5,3,2,express,card,2026-06-19,1,Damaged/Defective
ORD000839,CUST00173,PROD002,Books,4999,499.9,4499.1,3.4,0,2,express,upi,2026-07-09,0,
ORD000840,CUST00425,PROD014,Beauty,499,0.0,499.0,3.6,0,2,express,cod,2026-02-05,0,
ORD000841,CUST00016,PROD012,Beauty,4999,1249.75,3749.25,4.2,6,3,standard,wallet,2025-12-14,0,
ORD000842,CUST01569,PROD014,Beauty,499,0.0,499.0,3.7,4,1,express,card,2025-11-05,0,
ORD000843,CUST01916,PROD006,Books,1299,0.0,1299.0,2.9,0,1,express,card,2026-03-14,1,Better Price Elsewhere
ORD000844,CUST00628,PROD005,Fashion,1299,129.9,1169.1,3.0,5,8,economy,upi,2026-05-26,1,Ordered by Mistake
ORD000845,CUST01938,PROD008,Home & Lifestyle,1299,259.8,1039.2,3.9,0,3,standard,upi,2025-11-26,1,Wrong Size
ORD000846,CUST01549,PROD003,Home & Lifestyle,1999,299.85,1699.15,4.1,1,1,express,card,2025-12-24,0,
ORD000847,CUST01859,PROD019,Electronics,1299,259.8,1039.2,3.8,1,11,economy,card,2025-10-18,0,
ORD000848,CUST01034,PROD013,Home & Lifestyle,2999,599.8,2399.2,3.4,4,3,standard,upi,2026-01-13,0,
ORD000849,CUST00214,PROD017,Beauty,299,29.9,269.1,5.0,5,3,standard,upi,2026-07-29,1,Changed Mind
ORD000850,CUST00217,PROD011,Fashion,299,0.0,299.0,2.4,5,3,standard,card,2026-08-22,0,
ORD000851,CUST01366,PROD005,Fashion,1299,129.9,1169.1,2.8,2,2,express,card,2026-07-02,1,Quality Issues
ORD000852,CUST00488,PROD019,Electronics,1299,324.75,974.25,4.1,1,6,standard,upi,2025-11-15,0,
ORD000853,CUST01748,PROD006,Books,1299,519.6,779.4,2.9,7,1,express,upi,2026-07-27,0,
ORD000854,CUST01011,PROD009,Home & Lifestyle,1999,399.8,1599.2,3.9,0,2,express,upi,2026-02-19,0,
ORD000855,CUST01735,PROD020,Books,4999,1999.6,2999.4,3.1,1,3,standard,card,2026-07-24,0,
ORD000856,CUST00871,PROD009,Home & Lifestyle,1999,599.7,1399.3,3.9,2,1,express,upi,2026-06-16,1,Product Not as Expected
ORD000857,CUST01907,PROD019,Electronics,1299,129.9,1169.1,4.0,2,1,express,upi,2026-07-10,0,
ORD000858,CUST01358,PROD020,Books,4999,749.85,4249.15,2.7,6,4,standard,upi,2026-01-12,0,
ORD000859,CUST00480,PROD017,Beauty,299,0.0,299.0,4.4,1,3,standard,card,2026-08-24,1,Product Not as Expected
ORD000860,CUST01932,PROD014,Beauty,499,99.8,399.2,3.4,1,2,express,cod,2026-07-02,0,
ORD000861,CUST00952,PROD017,Beauty,299,59.8,239.2,4.6,1,11,economy,card,2026-01-27,0,
ORD000862,CUST01730,PROD015,Beauty,2999,1199.6,1799.4,2.5,0,6,standard,upi,2025-10-25,1,Late Delivery
ORD000863,CUST01002,PROD017,Beauty,299,74.75,224.25,4.8,1,4,standard,cod,2025-11-09,1,Product Not as Expected
ORD000864,CUST00675,PROD019,Electronics,1299,519.6,779.4,3.9,3,5,standard,upi,2026-06-30,1,Late Delivery
ORD000865,CUST00907,PROD020,Books,4999,499.9,4499.1,3.2,1,5,standard,card,2025-12-21,0,
ORD000866,CUST00758,PROD019,Electronics,1299,259.8,1039.2,4.1,3,5,standard,card,2026-07-07,1,Better Price Elsewhere
ORD000867,CUST01365,PROD019,Electronics,1299,129.9,1169.1,4.0,0,1,express,card,2025-12-05,0,
ORD000868,CUST00800,PROD011,Fashion,299,0.0,299.0,2.7,0,3,standard,card,2026-08-22,0,
ORD000869,CUST00512,PROD007,Fashion,1299,194.85,1104.15,4.5,1,4,standard,cod,2025-11-28,0,
ORD000870,CUST00902,PROD006,Books,1299,519.6,779.4,2.3,2,1,express,wallet,2025-11-30,0,
ORD000871,CUST01277,PROD009,Home & Lifestyle,1999,399.8,1599.2,3.8,0,2,express,card,2026-08-22,0,
ORD000872,CUST00059,PROD011,Fashion,299,0.0,299.0,2.3,1,3,standard,card,2026-05-01,1,Ordered by Mistake
ORD000873,CUST01972,PROD010,Fashion,1299,0.0,1299.0,5.0,0,1,express,upi,2026-01-02,0,
ORD000874,CUST00373,PROD007,Fashion,1299,259.8,1039.2,4.9,1,6,standard,card,2025-09-28,0,
ORD000875,CUST01253,PROD018,Books,499,74.85,424.15,3.8,3,1,express,card,2025-09-24,1,Ordered by Mistake
ORD000876,CUST01490,PROD013,Home & Lifestyle,2999,0.0,2999.0,3.5,5,1,express,upi,2025-11-08,0,
ORD000877,CUST00254,PROD016,Beauty,499,99.8,399.2,3.6,4,1,express,wallet,2025-10-10,1,Ordered by Mistake
ORD000878,CUST01502,PROD001,Beauty,1999,499.75,1499.25,2.9,2,6,standard,card,2026-08-11,1,Ordered by Mistake
ORD000879,CUST00043,PROD018,Books,499,0.0,499.0,4.0,0,2,express,card,2026-07-08,0,
ORD000880,CUST00812,PROD003,Home & Lifestyle,1999,499.75,1499.25,3.8,1,5,standard,card,2026-02-09,0,
ORD000881,CUST00984,PROD002,Books,4999,1249.75,3749.25,3.3,0,6,standard,upi,2026-07-09,0,
ORD000882,CUST01231,PROD010,Fashion,1299,519.6,779.4,4.6,0,2,express,cod,2025-12-02,1,Damaged/Defective
ORD000883,CUST01358,PROD007,Fashion,1299,0.0,1299.0,4.9,1,5,standard,card,2026-03-28,0,
ORD000884,CUST01704,PROD012,Beauty,4999,0.0,4999.0,3.9,0,3,standard,upi,2026-03-29,0,
ORD000885,CUST00798,PROD016,Beauty,499,99.8,399.2,3.4,4,6,standard,upi,2026-08-17,1,Late Delivery
ORD000886,CUST00878,PROD013,Home & Lifestyle,2999,0.0,2999.0,3.2,5,2,express,card,2026-01-22,1,Product Not as Expected
ORD000887,CUST01037,PROD016,Beauty,499,49.9,449.1,3.3,0,10,economy,wallet,2025-09-26,0,
ORD000888,CUST01618,PROD008,Home & Lifestyle,1299,0.0,1299.0,3.6,2,1,express,upi,2026-05-20,0,
ORD000889,CUST01148,PROD005,Fashion,1299,194.85,1104.15,3.2,3,1,express,card,2025-10-19,0,
ORD000890,CUST00179,PROD011,Fashion,299,59.8,239.2,2.8,2,1,express,card,2026-01-18,0,
ORD000891,CUST01460,PROD019,Electronics,1299,519.6,779.4,4.0,0,6,standard,card,2026-01-09,0,
ORD000892,CUST01682,PROD011,Fashion,299,0.0,299.0,2.3,1,1,express,upi,2026-04-29,0,
ORD000893,CUST01613,PROD006,Books,1299,519.6,779.4,2.4,0,2,express,card,2026-02-10,0,
ORD000894,CUST00387,PROD011,Fashion,299,74.75,224.25,2.4,1,2,express,wallet,2026-04-18,0,
ORD000895,CUST00957,PROD017,Beauty,299,59.8,239.2,4.9,6,11,economy,upi,2026-08-03,0,
ORD000896,CUST01221,PROD004,Books,499,0.0,499.0,3.9,1,5,standard,card,2026-02-01,0,
ORD000897,CUST01850,PROD014,Beauty,499,74.85,424.15,3.8,1,6,standard,card,2025-12-25,0,
ORD000898,CUST00122,PROD015,Beauty,2999,299.9,2699.1,2.7,5,6,standard,card,2026-06-15,1,Damaged/Defective
ORD000899,CUST00010,PROD015,Beauty,2999,0.0,2999.0,2.7,8,5,standard,card,2026-01-24,1,Quality Issues
ORD000900,CUST01398,PROD011,Fashion,299,29.9,269.1,2.6,0,6,standard,card,2026-04-13,1,Quality Issues
ORD000901,CUST01618,PROD013,Home & Lifestyle,2999,299.9,2699.1,3.4,2,4,standard,card,2026-08-27,0,
ORD000902,CUST01862,PROD002,Books,4999,999.8,3999.2,3.4,0,5,standard,card,2026-06-20,0,
ORD000903,CUST00008,PROD014,Beauty,499,49.9,449.1,3.5,0,3,standard,cod,2026-03-31,0,
ORD000904,CUST01175,PROD004,Books,499,0.0,499.0,4.3,0,4,standard,card,2025-09-17,0,
ORD000905,CUST00679,PROD015,Beauty,2999,0.0,2999.0,2.6,2,3,standard,card,2026-08-20,1,Late Delivery
ORD000906,CUST00069,PROD011,Fashion,299,29.9,269.1,2.8,0,2,express,cod,2026-05-23,0,
ORD000907,CUST01678,PROD006,Books,1299,259.8,1039.2,2.6,2,5,standard,upi,2026-08-14,1,Wrong Size
ORD000908,CUST01163,PROD006,Books,1299,0.0,1299.0,2.5,1,3,standard,card,2026-07-18,1,Damaged/Defective
ORD000909,CUST00934,PROD005,Fashion,1299,324.75,974.25,3.1,1,1,express,card,2025-11-10,0,
ORD000910,CUST00412,PROD017,Beauty,299,0.0,299.0,4.5,9,3,standard,card,2026-03-24,1,Changed Mind
ORD000911,CUST01025,PROD016,Beauty,499,0.0,499.0,3.4,6,5,standard,upi,2026-02-19,0,
ORD000912,CUST01987,PROD006,Books,1299,129.9,1169.1,2.6,5,4,standard,card,2026-06-14,0,
ORD000913,CUST00778,PROD013,Home & Lifestyle,2999,0.0,2999.0,3.3,0,3,standard,card,2026-08-26,0,
ORD000914,CUST00128,PROD015,Beauty,2999,299.9,2699.1,2.4,1,2,express,cod,2026-07-17,0,
ORD000915,CUST01302,PROD019,Electronics,1299,129.9,1169.1,4.0,0,4,standard,card,2026-04-30,1,Wrong Size
ORD000916,CUST01467,PROD020,Books,4999,1249.75,3749.25,2.8,0,3,standard,upi,2025-11-16,0,
ORD000917,CUST01735,PROD007,Fashion,1299,129.9,1169.1,4.5,0,5,standard,card,2026-08-21,1,Changed Mind
ORD000918,CUST00100,PROD018,Books,499,0.0,499.0,4.0,4,2,express,cod,2026-02-19,0,
ORD000919,CUST01012,PROD010,Fashion,1299,129.9,1169.1,4.8,1,10,economy,card,2026-01-20,0,
ORD000920,CUST01125,PROD002,Books,4999,0.0,4999.0,3.5,3,2,express,card,2025-11-30,0,
ORD000921,CUST01999,PROD019,Electronics,1299,259.8,1039.2,3.8,1,4,standard,card,2025-11-05,0,
ORD000922,CUST01823,PROD005,Fashion,1299,324.75,974.25,2.8,0,3,standard,upi,2026-03-01,0,
ORD000923,CUST01479,PROD016,Beauty,499,0.0,499.0,3.6,4,5,standard,card,2026-01-03,1,Damaged/Defective
ORD000924,CUST01543,PROD009,Home & Lifestyle,1999,799.6,1199.4,4.0,3,5,standard,cod,2026-06-22,1,Product Not as Expected
ORD000925,CUST00384,PROD001,Beauty,1999,499.75,1499.25,3.0,0,4,standard,cod,2025-10-16,1,Quality Issues
ORD000926,CUST01536,PROD013,Home & Lifestyle,2999,0.0,2999.0,3.6,4,3,standard,cod,2026-04-04,0,
ORD000927,CUST00605,PROD019,Electronics,1299,389.7,909.3,3.9,0,4,standard,card,2025-10-10,0,
ORD000928,CUST01769,PROD011,Fashion,299,59.8,239.2,2.3,3,7,economy,upi,2026-07-24,0,
ORD000929,CUST00108,PROD017,Beauty,299,44.85,254.15,5.0,4,8,economy,cod,2025-12-23,1,Changed Mind
ORD000930,CUST01215,PROD007,Fashion,1299,129.9,1169.1,4.5,2,3,standard,card,2026-06-03,1,Damaged/Defective
ORD000931,CUST00743,PROD008,Home & Lifestyle,1299,129.9,1169.1,3.5,3,5,standard,card,2026-05-05,0,
ORD000932,CUST01163,PROD013,Home & Lifestyle,2999,0.0,2999.0,3.4,2,3,standard,upi,2025-09-12,0,
ORD000933,CUST00377,PROD016,Beauty,499,49.9,449.1,3.5,2,2,express,card,2026-04-26,0,
ORD000934,CUST00890,PROD005,Fashion,1299,324.75,974.25,3.1,0,4,standard,wallet,2026-05-10,0,
ORD000935,CUST01930,PROD007,Fashion,1299,129.9,1169.1,4.5,1,4,standard,cod,2025-11-25,0,
ORD000936,CUST00896,PROD019,Electronics,1299,324.75,974.25,3.6,5,1,express,wallet,2026-04-18,0,
ORD000937,CUST01361,PROD015,Beauty,2999,1199.6,1799.4,2.7,3,2,express,cod,2026-07-22,1,Damaged/Defective
ORD000938,CUST00299,PROD013,Home & Lifestyle,2999,0.0,2999.0,3.3,0,6,standard,card,2025-10-16,0,
ORD000939,CUST01939,PROD012,Beauty,4999,999.8,3999.2,3.9,1,4,standard,card,2025-12-13,0,
ORD000940,CUST00010,PROD006,Books,1299,0.0,1299.0,2.7,2,4,standard,card,2026-07-18,1,Wrong Size
ORD000941,CUST00685,PROD012,Beauty,4999,1249.75,3749.25,4.0,1,7,economy,upi,2026-04-13,1,Damaged/Defective
ORD000942,CUST01270,PROD012,Beauty,4999,0.0,4999.0,4.0,4,4,standard,card,2026-08-08,1,Better Price Elsewhere
ORD000943,CUST00023,PROD007,Fashion,1299,129.9,1169.1,4.6,3,3,standard,card,2026-06-30,1,Late Delivery
ORD000944,CUST00399,PROD007,Fashion,1299,194.85,1104.15,4.5,4,5,standard,upi,2026-08-02,0,
ORD000945,CUST00577,PROD012,Beauty,4999,999.8,3999.2,4.4,0,1,express,upi,2026-09-09,0,
ORD000946,CUST00306,PROD002,Books,4999,1499.7,3499.3,3.7,1,9,economy,card,2026-02-19,0,
ORD000947,CUST00253,PROD001,Beauty,1999,299.85,1699.15,2.7,0,1,express,upi,2026-03-15,0,
ORD000948,CUST00724,PROD004,Books,499,49.9,449.1,4.4,0,3,standard,cod,2026-09-01,0,
ORD000949,CUST00676,PROD007,Fashion,1299,0.0,1299.0,4.6,1,11,economy,wallet,2026-03-05,1,Late Delivery
ORD000950,CUST00509,PROD016,Beauty,499,0.0,499.0,3.5,0,3,standard,upi,2026-04-07,1,Quality Issues
ORD000951,CUST00760,PROD020,Books,4999,499.9,4499.1,2.7,0,2,express,card,2025-11-01,0,
ORD000952,CUST01280,PROD009,Home & Lifestyle,1999,199.9,1799.1,4.0,2,2,express,card,2025-10-13,0,
ORD000953,CUST00434,PROD018,Books,499,49.9,449.1,3.9,1,2,express,upi,2025-10-23,0,
ORD000954,CUST01353,PROD019,Electronics,1299,129.9,1169.1,4.2,0,3,standard,card,2025-09-23,0,
ORD000955,CUST00766,PROD003,Home & Lifestyle,1999,499.75,1499.25,3.7,7,6,standard,card,2026-09-05,0,
ORD000956,CUST00345,PROD006,Books,1299,0.0,1299.0,2.5,6,8,economy,card,2025-10-12,1,Changed Mind
ORD000957,CUST00726,PROD016,Beauty,499,99.8,399.2,3.3,2,11,economy,card,2026-01-26,0,
ORD000958,CUST00809,PROD008,Home & Lifestyle,1299,259.8,1039.2,3.7,6,2,express,card,2026-08-14,0,
ORD000959,CUST00132,PROD002,Books,4999,0.0,4999.0,3.7,0,4,standard,card,2026-07-04,0,
ORD000960,CUST00801,PROD003,Home & Lifestyle,1999,599.7,1399.3,3.6,1,3,standard,cod,2025-11-30,1,Product Not as Expected
ORD000961,CUST01808,PROD002,Books,4999,0.0,4999.0,3.6,1,4,standard,wallet,2026-01-22,1,Wrong Size
ORD000962,CUST01423,PROD018,Books,499,0.0,499.0,3.7,4,4,standard,cod,2026-07-06,1,Better Price Elsewhere
ORD000963,CUST00667,PROD002,Books,4999,0.0,4999.0,3.6,0,1,express,card,2026-07-07,0,
ORD000964,CUST00333,PROD015,Beauty,2999,0.0,2999.0,2.4,0,1,express,upi,2026-07-29,1,Product Not as Expected
ORD000965,CUST00580,PROD019,Electronics,1299,0.0,1299.0,4.0,0,5,standard,card,2026-06-23,0,
ORD000966,CUST01458,PROD017,Beauty,299,44.85,254.15,4.5,7,5,standard,card,2025-09-27,1,Wrong Size
ORD000967,CUST00609,PROD020,Books,4999,0.0,4999.0,2.7,0,3,standard,card,2026-07-17,0,
ORD000968,CUST00981,PROD006,Books,1299,259.8,1039.2,2.5,0,3,standard,upi,2026-02-11,0,
ORD000969,CUST01024,PROD014,Beauty,499,99.8,399.2,3.6,0,4,standard,card,2026-01-16,0,
ORD000970,CUST01186,PROD003,Home & Lifestyle,1999,799.6,1199.4,3.9,1,5,standard,upi,2025-11-22,0,
ORD000971,CUST01013,PROD001,Beauty,1999,0.0,1999.0,2.7,3,2,express,card,2026-07-03,1,Wrong Size
ORD000972,CUST00890,PROD020,Books,4999,1999.6,2999.4,2.7,2,4,standard,upi,2025-10-14,0,
ORD000973,CUST00487,PROD015,Beauty,2999,0.0,2999.0,2.5,4,1,express,upi,2026-04-08,1,Changed Mind
ORD000974,CUST01242,PROD004,Books,499,124.75,374.25,4.4,2,5,standard,card,2025-11-16,1,Quality Issues
ORD000975,CUST00901,PROD015,Beauty,2999,1199.6,1799.4,2.7,7,5,standard,card,2026-08-27,1,Ordered by Mistake
ORD000976,CUST00189,PROD011,Fashion,299,44.85,254.15,2.7,0,10,economy,upi,2026-02-26,1,Better Price Elsewhere
ORD000977,CUST00358,PROD019,Electronics,1299,194.85,1104.15,4.1,7,2,express,card,2026-02-25,0,
ORD000978,CUST01707,PROD002,Books,4999,0.0,4999.0,3.5,1,4,standard,card,2026-05-05,0,
ORD000979,CUST01603,PROD012,Beauty,4999,1999.6,2999.4,4.3,9,3,standard,cod,2025-10-03,1,Quality Issues
ORD000980,CUST00390,PROD014,Beauty,499,124.75,374.25,3.3,2,2,express,cod,2026-01-05,0,
ORD000981,CUST01936,PROD008,Home & Lifestyle,1299,194.85,1104.15,3.5,5,5,standard,upi,2025-11-01,1,Damaged/Defective
ORD000982,CUST01329,PROD008,Home & Lifestyle,1299,389.7,909.3,4.0,0,5,standard,upi,2026-04-16,0,
ORD000983,CUST01498,PROD020,Books,4999,999.8,3999.2,3.1,0,4,standard,upi,2025-10-15,0,
ORD000984,CUST01054,PROD012,Beauty,4999,749.85,4249.15,4.1,1,5,standard,cod,2026-08-16,1,Wrong Size
ORD000985,CUST00182,PROD015,Beauty,2999,749.75,2249.25,2.6,2,6,standard,wallet,2025-12-25,0,
ORD000986,CUST00035,PROD014,Beauty,499,149.7,349.3,3.3,0,1,express,upi,2025-10-31,0,
ORD000987,CUST00304,PROD010,Fashion,1299,519.6,779.4,4.4,2,8,economy,upi,2026-07-06,1,Damaged/Defective
ORD000988,CUST01980,PROD010,Fashion,1299,259.8,1039.2,5.0,1,1,express,card,2026-09-01,1,Product Not as Expected
ORD000989,CUST00486,PROD012,Beauty,4999,749.85,4249.15,4.2,0,3,standard,upi,2025-09-24,0,
ORD000990,CUST01920,PROD017,Beauty,299,29.9,269.1,4.6,1,4,standard,cod,2026-06-03,0,
ORD000991,CUST00022,PROD009,Home & Lifestyle,1999,599.7,1399.3,4.2,0,6,standard,card,2025-12-17,0,
ORD000992,CUST00175,PROD003,Home & Lifestyle,1999,299.85,1699.15,3.7,1,2,express,cod,2026-03-26,0,
ORD000993,CUST00784,PROD020,Books,4999,499.9,4499.1,2.6,5,6,standard,upi,2026-08-03,1,Better Price Elsewhere
ORD000994,CUST01189,PROD006,Books,1299,129.9,1169.1,2.9,1,6,standard,upi,2026-04-28,0,
ORD000995,CUST00728,PROD018,Books,499,74.85,424.15,3.9,2,4,standard,card,2025-10-04,0,
ORD000996,CUST00143,PROD003,Home & Lifestyle,1999,0.0,1999.0,4.0,1,3,standard,wallet,2026-05-19,1,Quality Issues
ORD000997,CUST01305,PROD020,Books,4999,0.0,4999.0,2.6,7,2,express,upi,2026-04-16,1,Ordered by Mistake
ORD000998,CUST00188,PROD012,Beauty,4999,1999.6,2999.4,4.4,0,4,standard,cod,2026-03-30,1,Changed Mind
ORD000999,CUST00799,PROD018,Books,499,49.9,449.1,3.7,6,2,express,upi,2026-05-18,0,
ORD001000,CUST00989,PROD019,Electronics,1299,389.7,909.3,3.9,2,11,economy,card,2026-05-24,1,Product Not as Expected
ORD001001,CUST00408,PROD009,Home & Lifestyle,1999,0.0,1999.0,3.9,2,1,express,card,2026-05-22,0,
ORD001002,CUST01141,PROD006,Books,1299,519.6,779.4,2.4,2,6,standard,card,2026-05-08,0,
ORD001003,CUST00229,PROD014,Beauty,499,0.0,499.0,3.2,8,9,economy,wallet,2026-07-22,0,
ORD001004,CUST01935,PROD010,Fashion,1299,0.0,1299.0,5.0,5,4,standard,cod,2026-02-16,0,
ORD001005,CUST00205,PROD007,Fashion,1299,0.0,1299.0,4.9,2,1,express,cod,2026-01-08,1,Damaged/Defective
ORD001006,CUST01143,PROD002,Books,4999,499.9,4499.1,3.4,0,5,standard,upi,2026-08-26,0,
ORD001007,CUST00028,PROD007,Fashion,1299,259.8,1039.2,5.0,2,1,express,card,2025-12-29,0,
ORD001008,CUST00762,PROD005,Fashion,1299,324.75,974.25,2.9,3,1,express,wallet,2025-11-18,0,
ORD001009,CUST01981,PROD019,Electronics,1299,0.0,1299.0,3.9,0,10,economy,upi,2026-02-13,0,
ORD001010,CUST00980,PROD017,Beauty,299,0.0,299.0,4.7,0,9,economy,cod,2026-04-01,1,Ordered by Mistake
ORD001011,CUST00590,PROD002,Books,4999,499.9,4499.1,3.7,3,3,standard,card,2026-04-25,0,
ORD001012,CUST01721,PROD010,Fashion,1299,324.75,974.25,5.0,5,7,economy,card,2026-07-06,0,
ORD001013,CUST00689,PROD020,Books,4999,499.9,4499.1,2.8,0,6,standard,cod,2025-11-14,1,Late Delivery
ORD001014,CUST01898,PROD013,Home & Lifestyle,2999,449.85,2549.15,3.3,0,3,standard,upi,2026-01-22,1,Late Delivery
ORD001015,CUST01826,PROD004,Books,499,49.9,449.1,4.0,4,7,economy,card,2026-07-23,0,
ORD001016,CUST00022,PROD006,Books,1299,0.0,1299.0,2.4,1,2,express,card,2026-06-11,0,
ORD001017,CUST01837,PROD011,Fashion,299,74.75,224.25,2.2,1,2,express,upi,2026-08-19,0,
ORD001018,CUST00712,PROD018,Books,499,99.8,399.2,3.5,4,5,standard,upi,2026-06-05,1,Damaged/Defective
ORD001019,CUST01597,PROD008,Home & Lifestyle,1299,324.75,974.25,3.8,5,3,standard,upi,2025-12-06,0,
ORD001020,CUST00620,PROD017,Beauty,299,59.8,239.2,4.9,0,6,standard,cod,2026-06-14,0,
ORD001021,CUST01291,PROD011,Fashion,299,119.6,179.4,2.6,0,3,standard,card,2026-03-17,0,
ORD001022,CUST00103,PROD015,Beauty,2999,749.75,2249.25,2.4,2,3,standard,upi,2026-05-03,1,Product Not as Expected
ORD001023,CUST00664,PROD016,Beauty,499,74.85,424.15,3.1,7,3,standard,wallet,2026-08-05,1,Product Not as Expected
ORD001024,CUST00781,PROD018,Books,499,124.75,374.25,3.9,7,6,standard,card,2025-11-23,0,
ORD001025,CUST01595,PROD008,Home & Lifestyle,1299,194.85,1104.15,3.5,0,6,standard,cod,2026-08-16,1,Ordered by Mistake
ORD001026,CUST00339,PROD011,Fashion,299,119.6,179.4,2.5,4,1,express,upi,2026-06-30,0,
ORD001027,CUST01439,PROD005,Fashion,1299,259.8,1039.2,2.7,0,3,standard,upi,2026-02-19,0,
ORD001028,CUST00570,PROD005,Fashion,1299,129.9,1169.1,2.6,0,3,standard,upi,2025-09-30,0,
ORD001029,CUST01751,PROD018,Books,499,99.8,399.2,3.9,5,2,express,upi,2026-09-08,0,
ORD001030,CUST00351,PROD015,Beauty,2999,0.0,2999.0,2.5,4,4,standard,card,2026-04-06,0,
ORD001031,CUST00088,PROD004,Books,499,124.75,374.25,4.2,3,4,standard,upi,2026-05-03,0,
ORD001032,CUST00388,PROD013,Home & Lifestyle,2999,1199.6,1799.4,3.4,3,3,standard,cod,2026-08-21,0,
ORD001033,CUST00773,PROD007,Fashion,1299,129.9,1169.1,4.7,2,5,standard,card,2026-08-10,0,
ORD001034,CUST00640,PROD014,Beauty,499,49.9,449.1,3.3,2,6,standard,upi,2026-04-13,0,
ORD001035,CUST01978,PROD006,Books,1299,194.85,1104.15,2.5,1,1,express,card,2025-12-29,0,
ORD001036,CUST00708,PROD011,Fashion,299,29.9,269.1,2.6,5,3,standard,wallet,2025-10-28,0,
ORD001037,CUST00491,PROD018,Books,499,0.0,499.0,3.7,1,9,economy,upi,2026-04-23,0,
ORD001038,CUST01600,PROD013,Home & Lifestyle,2999,599.8,2399.2,3.6,5,3,standard,cod,2026-08-19,0,
ORD001039,CUST00895,PROD019,Electronics,1299,259.8,1039.2,4.0,0,9,economy,upi,2026-04-07,0,
ORD001040,CUST01852,PROD002,Books,4999,999.8,3999.2,3.4,4,5,standard,card,2025-11-15,0,
ORD001041,CUST01579,PROD015,Beauty,2999,899.7,2099.3,2.4,0,10,economy,wallet,2026-03-19,1,Wrong Size
ORD001042,CUST00613,PROD014,Beauty,499,99.8,399.2,3.4,0,2,express,upi,2026-05-10,1,Product Not as Expected
ORD001043,CUST00010,PROD010,Fashion,1299,129.9,1169.1,4.4,0,2,express,card,2026-06-12,0,
ORD001044,CUST00409,PROD002,Books,4999,499.9,4499.1,3.5,3,3,standard,upi,2026-01-14,0,
ORD001045,CUST00225,PROD003,Home & Lifestyle,1999,199.9,1799.1,3.7,0,5,standard,cod,2026-06-07,1,Quality Issues
ORD001046,CUST00368,PROD016,Beauty,499,0.0,499.0,3.4,1,2,express,card,2026-08-30,1,Wrong Size
ORD001047,CUST00190,PROD019,Electronics,1299,324.75,974.25,4.2,4,6,standard,card,2025-11-14,0,
ORD001048,CUST00584,PROD009,Home & Lifestyle,1999,799.6,1199.4,3.7,0,2,express,upi,2026-03-03,0,
ORD001049,CUST00158,PROD016,Beauty,499,49.9,449.1,3.3,3,5,standard,card,2026-05-16,0,
ORD001050,CUST01530,PROD016,Beauty,499,124.75,374.25,3.3,1,3,standard,card,2026-03-27,1,Damaged/Defective
ORD001051,CUST01976,PROD012,Beauty,4999,749.85,4249.15,4.0,1,11,economy,wallet,2026-05-12,0,
ORD001052,CUST00842,PROD019,Electronics,1299,0.0,1299.0,3.7,8,3,standard,card,2026-04-22,1,Changed Mind
ORD001053,CUST01331,PROD011,Fashion,299,74.75,224.25,2.3,0,1,express,upi,2025-09-23,1,Damaged/Defective
ORD001054,CUST01445,PROD020,Books,4999,749.85,4249.15,2.7,0,1,express,card,2026-03-21,0,
ORD001055,CUST00601,PROD004,Books,499,0.0,499.0,4.2,7,6,standard,cod,2026-07-07,1,Ordered by Mistake
ORD001056,CUST01423,PROD002,Books,4999,499.9,4499.1,3.3,3,5,standard,card,2025-11-02,0,
ORD001057,CUST01538,PROD006,Books,1299,259.8,1039.2,2.4,5,5,standard,cod,2026-07-22,0,
ORD001058,CUST00816,PROD018,Books,499,0.0,499.0,3.5,2,6,standard,upi,2026-05-11,1,Late Delivery
ORD001059,CUST00037,PROD009,Home & Lifestyle,1999,399.8,1599.2,4.0,2,6,standard,wallet,2026-03-17,0,
ORD001060,CUST01980,PROD007,Fashion,1299,259.8,1039.2,4.4,6,6,standard,upi,2026-05-18,0,
ORD001061,CUST00047,PROD010,Fashion,1299,259.8,1039.2,5.0,2,3,standard,card,2025-10-19,0,
ORD001062,CUST01130,PROD019,Electronics,1299,0.0,1299.0,4.0,4,6,standard,card,2025-09-17,1,Late Delivery
ORD001063,CUST01394,PROD015,Beauty,2999,0.0,2999.0,2.6,1,5,standard,cod,2026-04-23,0,
ORD001064,CUST01555,PROD017,Beauty,299,29.9,269.1,4.4,1,1,express,cod,2026-07-07,1,Product Not as Expected
ORD001065,CUST00654,PROD020,Books,4999,999.8,3999.2,2.7,2,5,standard,card,2026-02-23,0,
ORD001066,CUST00327,PROD016,Beauty,499,0.0,499.0,3.6,2,4,standard,card,2025-10-27,1,Changed Mind
ORD001067,CUST00110,PROD016,Beauty,499,74.85,424.15,3.2,2,4,standard,upi,2026-02-20,0,
ORD001068,CUST01573,PROD014,Beauty,499,49.9,449.1,3.7,7,3,standard,upi,2026-04-18,0,
ORD001069,CUST01647,PROD019,Electronics,1299,259.8,1039.2,3.6,0,6,standard,cod,2026-01-20,0,
ORD001070,CUST01873,PROD020,Books,4999,749.85,4249.15,2.7,2,1,express,upi,2026-05-13,0,
ORD001071,CUST01542,PROD015,Beauty,2999,299.9,2699.1,2.6,0,4,standard,card,2026-07-03,0,
ORD001072,CUST01693,PROD009,Home & Lifestyle,1999,399.8,1599.2,4.2,5,5,standard,card,2026-07-21,0,
ORD001073,CUST01162,PROD012,Beauty,4999,999.8,3999.2,3.8,5,11,economy,wallet,2025-12-06,1,Late Delivery
ORD001074,CUST00626,PROD006,Books,1299,0.0,1299.0,2.3,1,6,standard,card,2025-10-26,0,
ORD001075,CUST00369,PROD009,Home & Lifestyle,1999,599.7,1399.3,3.8,2,5,standard,cod,2026-03-16,0,
ORD001076,CUST01324,PROD007,Fashion,1299,519.6,779.4,4.8,2,3,standard,card,2025-09-11,0,
ORD001077,CUST00257,PROD007,Fashion,1299,389.7,909.3,4.9,7,4,standard,cod,2025-09-29,0,
ORD001078,CUST01580,PROD010,Fashion,1299,0.0,1299.0,4.5,0,1,express,card,2026-09-06,0,
ORD001079,CUST00919,PROD013,Home & Lifestyle,2999,899.7,2099.3,3.6,0,4,standard,cod,2026-08-03,1,Product Not as Expected
ORD001080,CUST01325,PROD010,Fashion,1299,0.0,1299.0,4.5,0,1,express,card,2025-12-15,1,Better Price Elsewhere
ORD001081,CUST01339,PROD018,Books,499,0.0,499.0,3.6,5,2,express,upi,2026-08-09,0,
ORD001082,CUST01132,PROD002,Books,4999,749.85,4249.15,3.7,2,6,standard,upi,2026-07-24,1,Late Delivery
ORD001083,CUST00733,PROD020,Books,4999,999.8,3999.2,2.7,3,3,standard,card,2025-12-09,0,
ORD001084,CUST00431,PROD010,Fashion,1299,0.0,1299.0,4.6,0,6,standard,card,2026-06-10,0,
ORD001085,CUST00148,PROD020,Books,4999,0.0,4999.0,3.2,1,7,economy,card,2026-04-26,1,Late Delivery
ORD001086,CUST00557,PROD010,Fashion,1299,129.9,1169.1,4.4,1,3,standard,card,2026-04-30,1,Late Delivery
ORD001087,CUST00127,PROD011,Fashion,299,89.7,209.3,2.4,0,3,standard,upi,2026-03-24,0,
ORD001088,CUST00127,PROD009,Home & Lifestyle,1999,499.75,1499.25,3.8,0,2,express,card,2025-10-09,0,
ORD001089,CUST00031,PROD014,Beauty,499,0.0,499.0,3.4,0,3,standard,card,2026-07-08,0,
ORD001090,CUST00669,PROD019,Electronics,1299,194.85,1104.15,4.0,2,2,express,upi,2026-07-03,0,
ORD001091,CUST01100,PROD001,Beauty,1999,199.9,1799.1,2.6,2,5,standard,upi,2026-06-30,0,
ORD001092,CUST00564,PROD006,Books,1299,0.0,1299.0,2.5,2,3,standard,card,2026-06-23,0,
ORD001093,CUST01679,PROD010,Fashion,1299,324.75,974.25,4.9,1,5,standard,card,2025-10-02,0,
ORD001094,CUST01258,PROD004,Books,499,49.9,449.1,4.3,4,1,express,cod,2025-11-25,0,
ORD001095,CUST00543,PROD010,Fashion,1299,0.0,1299.0,4.6,1,4,standard,upi,2025-10-17,1,Wrong Size
ORD001096,CUST01576,PROD004,Books,499,0.0,499.0,4.1,1,1,express,card,2026-09-02,1,Ordered by Mistake
ORD001097,CUST00643,PROD016,Beauty,499,49.9,449.1,3.5,0,3,standard,upi,2025-10-01,0,
ORD001098,CUST00985,PROD005,Fashion,1299,259.8,1039.2,3.0,3,4,standard,card,2026-06-03,1,Late Delivery
ORD001099,CUST01868,PROD001,Beauty,1999,599.7,1399.3,3.1,3,3,standard,card,2025-09-10,0,
ORD001100,CUST00944,PROD013,Home & Lifestyle,2999,0.0,2999.0,3.7,1,7,economy,card,2025-11-16,1,Changed Mind
ORD001101,CUST00515,PROD017,Beauty,299,119.6,179.4,4.9,0,4,standard,card,2025-10-08,0,
ORD001102,CUST01876,PROD014,Beauty,499,74.85,424.15,3.2,0,6,standard,card,2025-10-31,0,
ORD001103,CUST00137,PROD018,Books,499,49.9,449.1,3.4,3,2,express,card,2026-01-12,1,Damaged/Defective
ORD001104,CUST01345,PROD017,Beauty,299,74.75,224.25,4.6,0,5,standard,card,2025-11-21,0,
ORD001105,CUST00374,PROD001,Beauty,1999,0.0,1999.0,3.0,1,5,standard,card,2026-07-14,0,
ORD001106,CUST01977,PROD012,Beauty,4999,499.9,4499.1,4.1,0,6,standard,card,2025-12-13,0,
ORD001107,CUST00549,PROD002,Books,4999,1999.6,2999.4,3.4,3,5,standard,cod,2026-05-09,1,Changed Mind
ORD001108,CUST01328,PROD016,Beauty,499,0.0,499.0,3.5,8,1,express,wallet,2025-10-30,0,
ORD001109,CUST01611,PROD009,Home & Lifestyle,1999,299.85,1699.15,4.0,0,4,standard,card,2026-06-05,0,
ORD001110,CUST01790,PROD007,Fashion,1299,129.9,1169.1,4.6,1,6,standard,card,2026-04-25,0,
ORD001111,CUST01594,PROD013,Home & Lifestyle,2999,299.9,2699.1,3.7,3,5,standard,card,2026-02-18,0,
ORD001112,CUST00209,PROD014,Beauty,499,74.85,424.15,3.5,3,6,standard,upi,2026-01-28,0,
ORD001113,CUST00079,PROD008,Home & Lifestyle,1299,129.9,1169.1,3.8,5,4,standard,cod,2026-02-28,0,
ORD001114,CUST01033,PROD020,Books,4999,0.0,4999.0,3.2,2,3,standard,upi,2026-08-16,1,Quality Issues
ORD001115,CUST01554,PROD012,Beauty,4999,999.8,3999.2,4.1,4,5,standard,cod,2026-08-04,0,
ORD001116,CUST00387,PROD015,Beauty,2999,0.0,2999.0,2.8,0,5,standard,card,2026-01-10,0,
ORD001117,CUST00987,PROD013,Home & Lifestyle,2999,0.0,2999.0,3.6,0,2,express,upi,2025-09-24,0,
ORD001118,CUST01424,PROD018,Books,499,74.85,424.15,3.5,0,3,standard,card,2026-08-12,1,Damaged/Defective
ORD001119,CUST00428,PROD012,Beauty,4999,0.0,4999.0,3.9,0,2,express,upi,2026-06-06,1,Product Not as Expected
ORD001120,CUST00931,PROD016,Beauty,499,99.8,399.2,3.2,0,4,standard,card,2026-06-28,0,
ORD001121,CUST01198,PROD008,Home & Lifestyle,1299,194.85,1104.15,3.9,3,8,economy,upi,2025-10-07,0,
ORD001122,CUST01841,PROD001,Beauty,1999,199.9,1799.1,3.0,4,6,standard,wallet,2026-04-02,1,Quality Issues
ORD001123,CUST01215,PROD016,Beauty,499,49.9,449.1,3.5,2,4,standard,card,2026-04-05,0,
ORD001124,CUST00140,PROD019,Electronics,1299,324.75,974.25,3.9,0,6,standard,upi,2026-02-27,0,
ORD001125,CUST00421,PROD020,Books,4999,0.0,4999.0,2.6,0,3,standard,card,2025-10-02,0,
ORD001126,CUST00922,PROD017,Beauty,299,29.9,269.1,4.4,2,4,standard,upi,2025-12-28,1,Better Price Elsewhere
ORD001127,CUST00995,PROD017,Beauty,299,44.85,254.15,4.8,1,1,express,card,2026-09-01,0,
ORD001128,CUST01221,PROD018,Books,499,199.6,299.4,3.9,0,3,standard,card,2026-04-18,0,
ORD001129,CUST01442,PROD001,Beauty,1999,299.85,1699.15,3.2,2,3,standard,upi,2025-10-05,0,
ORD001130,CUST01898,PROD012,Beauty,4999,0.0,4999.0,4.4,1,6,standard,upi,2026-03-22,0,
ORD001131,CUST00443,PROD011,Fashion,299,0.0,299.0,2.5,5,3,standard,cod,2025-12-20,1,Product Not as Expected
ORD001132,CUST00623,PROD019,Electronics,1299,0.0,1299.0,3.9,1,3,standard,card,2026-05-23,0,
ORD001133,CUST01546,PROD017,Beauty,299,0.0,299.0,4.6,0,6,standard,card,2025-09-12,1,Wrong Size
ORD001134,CUST00476,PROD004,Books,499,99.8,399.2,4.3,1,4,standard,card,2026-05-06,0,
ORD001135,CUST01905,PROD008,Home & Lifestyle,1299,259.8,1039.2,3.9,7,5,standard,upi,2025-12-07,0,
ORD001136,CUST00551,PROD006,Books,1299,194.85,1104.15,2.7,0,5,standard,upi,2026-05-07,1,Wrong Size
ORD001137,CUST00377,PROD012,Beauty,4999,0.0,4999.0,3.9,1,1,express,card,2026-08-27,0,
ORD001138,CUST00325,PROD005,Fashion,1299,0.0,1299.0,3.1,2,4,standard,card,2026-05-05,1,Product Not as Expected
ORD001139,CUST01083,PROD002,Books,4999,499.9,4499.1,3.3,0,6,standard,upi,2026-04-17,1,Wrong Size
ORD001140,CUST00384,PROD007,Fashion,1299,129.9,1169.1,4.7,3,5,standard,wallet,2025-12-07,0,
ORD001141,CUST00158,PROD016,Beauty,499,74.85,424.15,3.3,3,6,standard,card,2026-06-17,1,Ordered by Mistake
ORD001142,CUST00768,PROD016,Beauty,499,0.0,499.0,3.6,3,3,standard,cod,2025-10-27,1,Ordered by Mistake
ORD001143,CUST00033,PROD014,Beauty,499,49.9,449.1,3.4,3,3,standard,upi,2026-01-02,0,
ORD001144,CUST00028,PROD002,Books,4999,1999.6,2999.4,3.3,1,5,standard,cod,2025-12-02,0,
ORD001145,CUST00537,PROD006,Books,1299,324.75,974.25,2.8,1,6,standard,card,2025-09-20,1,Product Not as Expected
ORD001146,CUST00042,PROD009,Home & Lifestyle,1999,0.0,1999.0,3.6,1,6,standard,cod,2026-07-20,0,
ORD001147,CUST01609,PROD016,Beauty,499,149.7,349.3,3.6,0,6,standard,card,2025-10-17,0,
ORD001148,CUST01086,PROD011,Fashion,299,0.0,299.0,2.7,0,4,standard,card,2026-03-01,1,Better Price Elsewhere
ORD001149,CUST01816,PROD014,Beauty,499,74.85,424.15,3.2,5,1,express,card,2026-05-11,1,Changed Mind
ORD001150,CUST01586,PROD018,Books,499,199.6,299.4,3.6,0,2,express,upi,2026-02-20,0,
ORD001151,CUST00102,PROD007,Fashion,1299,129.9,1169.1,4.8,1,3,standard,card,2025-11-13,0,
ORD001152,CUST00459,PROD014,Beauty,499,99.8,399.2,3.3,2,2,express,card,2026-03-19,0,
ORD001153,CUST01416,PROD013,Home & Lifestyle,2999,0.0,2999.0,3.3,0,10,economy,upi,2026-05-28,0,
ORD001154,CUST01130,PROD005,Fashion,1299,129.9,1169.1,3.1,0,3,standard,upi,2026-07-27,0,
ORD001155,CUST00722,PROD003,Home & Lifestyle,1999,199.9,1799.1,3.9,0,1,express,upi,2026-03-29,0,
ORD001156,CUST01076,PROD011,Fashion,299,119.6,179.4,2.7,0,3,standard,upi,2026-04-10,0,
ORD001157,CUST00134,PROD014,Beauty,499,99.8,399.2,3.6,1,5,standard,upi,2026-08-03,0,
ORD001158,CUST01120,PROD006,Books,1299,0.0,1299.0,2.5,1,1,express,card,2026-08-24,1,Changed Mind
ORD001159,CUST00234,PROD018,Books,499,149.7,349.3,3.7,4,1,express,card,2026-01-26,0,
ORD001160,CUST01903,PROD012,Beauty,4999,0.0,4999.0,4.1,3,4,standard,upi,2026-09-01,0,
ORD001161,CUST00216,PROD010,Fashion,1299,259.8,1039.2,4.5,1,3,standard,card,2026-02-06,1,Better Price Elsewhere
ORD001162,CUST00306,PROD001,Beauty,1999,499.75,1499.25,2.9,4,1,express,card,2026-08-13,0,
ORD001163,CUST01066,PROD008,Home & Lifestyle,1299,0.0,1299.0,4.0,3,1,express,card,2026-07-18,1,Wrong Size
ORD001164,CUST01898,PROD012,Beauty,4999,749.85,4249.15,4.1,0,3,standard,cod,2026-03-31,0,
ORD001165,CUST00221,PROD009,Home & Lifestyle,1999,199.9,1799.1,4.1,1,2,express,card,2026-05-08,0,
ORD001166,CUST00353,PROD012,Beauty,4999,999.8,3999.2,4.0,1,3,standard,cod,2026-04-30,0,
ORD001167,CUST01123,PROD005,Fashion,1299,519.6,779.4,2.8,1,3,standard,card,2026-03-12,1,Better Price Elsewhere
ORD001168,CUST00873,PROD011,Fashion,299,0.0,299.0,2.4,2,1,express,upi,2025-09-18,0,
ORD001169,CUST01849,PROD013,Home & Lifestyle,2999,0.0,2999.0,3.2,0,4,standard,card,2026-05-25,0,
ORD001170,CUST01434,PROD005,Fashion,1299,129.9,1169.1,2.8,2,3,standard,upi,2026-03-21,1,Better Price Elsewhere
ORD001171,CUST01682,PROD011,Fashion,299,0.0,299.0,2.4,0,5,standard,card,2025-11-26,0,
ORD001172,CUST00819,PROD006,Books,1299,129.9,1169.1,2.6,0,6,standard,card,2026-07-12,1,Ordered by Mistake
ORD001173,CUST01788,PROD013,Home & Lifestyle,2999,899.7,2099.3,3.4,3,5,standard,cod,2025-11-09,0,
ORD001174,CUST00700,PROD001,Beauty,1999,0.0,1999.0,2.7,0,3,standard,upi,2025-10-13,1,Product Not as Expected
ORD001175,CUST00909,PROD017,Beauty,299,119.6,179.4,4.5,1,4,standard,card,2026-07-09,1,Damaged/Defective
ORD001176,CUST00715,PROD004,Books,499,99.8,399.2,4.2,0,4,standard,upi,2026-07-08,0,
ORD001177,CUST00597,PROD015,Beauty,2999,0.0,2999.0,2.7,1,5,standard,card,2025-09-30,0,
ORD001178,CUST01779,PROD016,Beauty,499,199.6,299.4,3.2,4,2,express,card,2025-10-17,1,Damaged/Defective
ORD001179,CUST00111,PROD015,Beauty,2999,599.8,2399.2,2.8,0,1,express,cod,2026-07-04,1,Better Price Elsewhere
ORD001180,CUST01723,PROD014,Beauty,499,49.9,449.1,3.3,5,2,express,card,2026-08-04,0,
ORD001181,CUST01004,PROD006,Books,1299,0.0,1299.0,2.6,1,10,economy,card,2026-05-26,0,
ORD001182,CUST01218,PROD005,Fashion,1299,129.9,1169.1,3.1,7,6,standard,wallet,2025-12-13,1,Changed Mind
ORD001183,CUST00738,PROD010,Fashion,1299,519.6,779.4,4.4,5,4,standard,card,2026-02-19,1,Quality Issues
ORD001184,CUST01220,PROD003,Home & Lifestyle,1999,399.8,1599.2,4.0,2,6,standard,upi,2025-12-25,1,Late Delivery
ORD001185,CUST00889,PROD003,Home & Lifestyle,1999,299.85,1699.15,3.8,0,5,standard,upi,2026-06-07,0,
ORD001186,CUST00325,PROD009,Home & Lifestyle,1999,0.0,1999.0,3.7,0,2,express,card,2026-02-02,0,
ORD001187,CUST01141,PROD013,Home & Lifestyle,2999,899.7,2099.3,3.4,5,6,standard,upi,2026-04-26,1,Ordered by Mistake
ORD001188,CUST01775,PROD016,Beauty,499,49.9,449.1,3.7,0,4,standard,upi,2025-09-30,1,Late Delivery
ORD001189,CUST01805,PROD017,Beauty,299,29.9,269.1,4.8,2,6,standard,cod,2025-12-09,0,
ORD001190,CUST01890,PROD005,Fashion,1299,259.8,1039.2,2.7,3,3,standard,card,2026-08-11,0,
ORD001191,CUST01944,PROD009,Home & Lifestyle,1999,0.0,1999.0,3.9,0,2,express,upi,2026-06-30,0,
ORD001192,CUST01787,PROD019,Electronics,1299,0.0,1299.0,3.7,0,3,standard,card,2026-08-26,0,
ORD001193,CUST00623,PROD019,Electronics,1299,259.8,1039.2,3.6,2,2,express,upi,2026-04-10,0,
ORD001194,CUST00360,PROD012,Beauty,4999,0.0,4999.0,4.0,3,2,express,upi,2026-02-08,1,Quality Issues
ORD001195,CUST01501,PROD020,Books,4999,1499.7,3499.3,2.8,2,6,standard,card,2026-08-16,0,
ORD001196,CUST00311,PROD002,Books,4999,999.8,3999.2,3.7,4,3,standard,card,2026-04-26,1,Quality Issues
ORD001197,CUST00460,PROD012,Beauty,4999,0.0,4999.0,4.4,3,3,standard,upi,2026-04-08,0,
ORD001198,CUST00154,PROD012,Beauty,4999,999.8,3999.2,4.2,1,2,express,cod,2025-10-15,1,Ordered by Mistake
ORD001199,CUST01956,PROD020,Books,4999,1499.7,3499.3,3.0,0,5,standard,card,2026-07-20,1,Product Not as Expected
ORD001200,CUST00563,PROD004,Books,499,124.75,374.25,4.5,1,10,economy,cod,2026-03-06,1,Quality Issues
ORD001201,CUST01236,PROD016,Beauty,499,49.9,449.1,3.5,5,2,express,card,2026-07-31,0,
ORD001202,CUST01179,PROD013,Home & Lifestyle,2999,1199.6,1799.4,3.6,2,4,standard,card,2026-02-20,0,
ORD001203,CUST00416,PROD018,Books,499,99.8,399.2,3.7,0,5,standard,card,2026-03-08,0,
ORD001204,CUST00331,PROD011,Fashion,299,59.8,239.2,2.7,4,3,standard,upi,2025-10-06,1,Damaged/Defective
ORD001205,CUST01331,PROD006,Books,1299,389.7,909.3,2.4,1,4,standard,card,2026-04-10,0,
ORD001206,CUST01483,PROD009,Home & Lifestyle,1999,499.75,1499.25,4.1,0,3,standard,card,2026-05-02,1,Late Delivery
ORD001207,CUST00428,PROD016,Beauty,499,49.9,449.1,3.2,1,11,economy,upi,2025-11-18,0,
ORD001208,CUST00524,PROD019,Electronics,1299,259.8,1039.2,4.0,2,1,express,wallet,2025-10-23,1,Ordered by Mistake
ORD001209,CUST01646,PROD017,Beauty,299,29.9,269.1,5.0,2,5,standard,card,2025-11-26,0,
ORD001210,CUST01499,PROD014,Beauty,499,74.85,424.15,3.4,0,2,express,upi,2026-04-21,0,
ORD001211,CUST01551,PROD012,Beauty,4999,499.9,4499.1,4.0,3,4,standard,upi,2025-09-10,1,Late Delivery
ORD001212,CUST01756,PROD007,Fashion,1299,324.75,974.25,4.7,4,5,standard,cod,2026-02-16,0,
ORD001213,CUST00761,PROD003,Home & Lifestyle,1999,0.0,1999.0,4.0,0,4,standard,cod,2026-07-17,0,
ORD001214,CUST01282,PROD008,Home & Lifestyle,1299,0.0,1299.0,3.6,6,4,standard,card,2026-03-11,0,
ORD001215,CUST01559,PROD017,Beauty,299,0.0,299.0,4.6,4,11,economy,upi,2026-06-08,0,
ORD001216,CUST01945,PROD004,Books,499,124.75,374.25,4.5,0,6,standard,cod,2026-07-31,1,Quality Issues
ORD001217,CUST00181,PROD011,Fashion,299,29.9,269.1,2.4,2,2,express,card,2025-12-10,1,Better Price Elsewhere
ORD001218,CUST00228,PROD009,Home & Lifestyle,1999,0.0,1999.0,4.0,3,2,express,card,2026-02-08,0,
ORD001219,CUST01013,PROD004,Books,499,99.8,399.2,4.4,3,1,express,card,2025-09-15,0,
ORD001220,CUST00084,PROD004,Books,499,0.0,499.0,4.5,3,6,standard,card,2026-06-29,0,
ORD001221,CUST01983,PROD010,Fashion,1299,129.9,1169.1,4.8,0,4,standard,card,2025-12-22,0,
ORD001222,CUST01559,PROD019,Electronics,1299,0.0,1299.0,3.9,0,4,standard,card,2025-11-21,0,
ORD001223,CUST01746,PROD017,Beauty,299,74.75,224.25,4.8,2,6,standard,cod,2026-05-30,1,Better Price Elsewhere
ORD001224,CUST01160,PROD007,Fashion,1299,129.9,1169.1,5.0,1,4,standard,card,2025-12-22,0,
ORD001225,CUST01250,PROD008,Home & Lifestyle,1299,0.0,1299.0,4.0,2,5,standard,upi,2025-12-05,1,Better Price Elsewhere
ORD001226,CUST00773,PROD008,Home & Lifestyle,1299,129.9,1169.1,3.9,5,6,standard,upi,2026-08-15,1,Ordered by Mistake
ORD001227,CUST00002,PROD015,Beauty,2999,0.0,2999.0,2.5,0,1,express,card,2025-11-14,0,
ORD001228,CUST01603,PROD016,Beauty,499,199.6,299.4,3.7,0,4,standard,card,2026-02-27,1,Changed Mind
ORD001229,CUST01515,PROD005,Fashion,1299,129.9,1169.1,3.0,1,1,express,upi,2025-10-04,1,Quality Issues
ORD001230,CUST00996,PROD013,Home & Lifestyle,2999,449.85,2549.15,3.4,2,6,standard,card,2026-06-21,0,
ORD001231,CUST01668,PROD011,Fashion,299,29.9,269.1,2.7,0,4,standard,card,2026-02-27,0,
ORD001232,CUST00068,PROD015,Beauty,2999,449.85,2549.15,2.4,7,2,express,upi,2025-10-27,0,
ORD001233,CUST00823,PROD020,Books,4999,749.85,4249.15,2.7,2,1,express,card,2026-04-09,0,
ORD001234,CUST00987,PROD020,Books,4999,0.0,4999.0,3.2,0,6,standard,upi,2026-05-13,1,Better Price Elsewhere
ORD001235,CUST01105,PROD012,Beauty,4999,1499.7,3499.3,4.1,0,7,economy,cod,2025-12-13,0,
ORD001236,CUST01840,PROD007,Fashion,1299,129.9,1169.1,4.7,1,1,express,card,2025-09-21,0,
ORD001237,CUST00850,PROD007,Fashion,1299,0.0,1299.0,4.6,2,4,standard,card,2025-12-30,0,
ORD001238,CUST01104,PROD013,Home & Lifestyle,2999,449.85,2549.15,3.5,6,1,express,card,2026-02-21,0,
ORD001239,CUST01526,PROD018,Books,499,49.9,449.1,3.7,2,5,standard,cod,2026-04-15,0,
ORD001240,CUST00031,PROD014,Beauty,499,149.7,349.3,3.5,1,4,standard,card,2026-05-13,0,
ORD001241,CUST01003,PROD015,Beauty,2999,599.8,2399.2,2.8,2,4,standard,upi,2026-06-11,1,Better Price Elsewhere
ORD001242,CUST01795,PROD011,Fashion,299,59.8,239.2,2.7,2,4,standard,upi,2026-08-08,1,Quality Issues
ORD001243,CUST00518,PROD008,Home & Lifestyle,1299,0.0,1299.0,3.9,5,5,standard,upi,2026-08-26,0,
ORD001244,CUST01038,PROD014,Beauty,499,49.9,449.1,3.3,4,1,express,wallet,2026-04-06,1,Late Delivery
ORD001245,CUST00893,PROD001,Beauty,1999,199.9,1799.1,2.6,1,1,express,card,2026-08-14,0,
ORD001246,CUST00661,PROD007,Fashion,1299,259.8,1039.2,4.9,0,4,standard,card,2025-10-10,0,
ORD001247,CUST01895,PROD011,Fashion,299,29.9,269.1,2.5,6,6,standard,upi,2026-05-24,0,
ORD001248,CUST00576,PROD020,Books,4999,0.0,4999.0,2.7,1,1,express,card,2026-08-09,0,
ORD001249,CUST01169,PROD016,Beauty,499,74.85,424.15,3.6,0,4,standard,card,2026-03-18,0,
ORD001250,CUST01294,PROD018,Books,499,124.75,374.25,3.6,5,1,express,card,2026-03-21,1,Product Not as Expected
ORD001251,CUST01003,PROD008,Home & Lifestyle,1299,194.85,1104.15,3.8,1,11,economy,card,2026-07-04,1,Changed Mind
ORD001252,CUST01933,PROD017,Beauty,299,29.9,269.1,5.0,2,6,standard,upi,2026-03-04,0,
ORD001253,CUST00633,PROD019,Electronics,1299,0.0,1299.0,3.6,5,4,standard,card,2026-08-20,0,
ORD001254,CUST01526,PROD006,Books,1299,324.75,974.25,2.7,1,1,express,card,2025-10-08,0,
ORD001255,CUST01945,PROD005,Fashion,1299,259.8,1039.2,2.9,6,6,standard,upi,2026-02-05,1,Late Delivery
ORD001256,CUST01913,PROD007,Fashion,1299,129.9,1169.1,5.0,4,2,express,wallet,2026-01-16,1,Wrong Size
ORD001257,CUST01450,PROD003,Home & Lifestyle,1999,799.6,1199.4,3.7,1,5,standard,card,2026-02-10,0,
ORD001258,CUST00333,PROD014,Beauty,499,0.0,499.0,3.2,3,6,standard,card,2026-01-05,0,
ORD001259,CUST00723,PROD018,Books,499,74.85,424.15,4.0,7,2,express,card,2026-02-17,0,
ORD001260,CUST00909,PROD019,Electronics,1299,194.85,1104.15,4.0,6,5,standard,card,2025-12-23,0,
ORD001261,CUST00129,PROD004,Books,499,99.8,399.2,4.3,1,3,standard,upi,2025-10-19,0,
ORD001262,CUST01322,PROD003,Home & Lifestyle,1999,499.75,1499.25,3.9,5,3,standard,card,2026-07-10,0,
ORD001263,CUST01740,PROD014,Beauty,499,99.8,399.2,3.6,1,9,economy,upi,2026-05-05,0,
ORD001264,CUST00463,PROD001,Beauty,1999,399.8,1599.2,2.9,1,1,express,card,2026-07-27,1,Product Not as Expected
ORD001265,CUST01363,PROD002,Books,4999,499.9,4499.1,3.5,0,6,standard,cod,2026-03-07,0,
ORD001266,CUST01002,PROD002,Books,4999,999.8,3999.2,3.2,1,6,standard,card,2026-07-14,0,
ORD001267,CUST00067,PROD008,Home & Lifestyle,1299,389.7,909.3,3.4,6,6,standard,upi,2025-10-06,1,Ordered by Mistake
ORD001268,CUST00377,PROD003,Home & Lifestyle,1999,0.0,1999.0,4.0,1,6,standard,card,2025-11-30,1,Ordered by Mistake
ORD001269,CUST01021,PROD001,Beauty,1999,0.0,1999.0,2.9,2,2,express,card,2025-12-16,0,
ORD001270,CUST00177,PROD004,Books,499,74.85,424.15,4.4,0,5,standard,cod,2026-03-11,0,
ORD001271,CUST00903,PROD019,Electronics,1299,129.9,1169.1,3.8,3,3,standard,cod,2026-08-19,1,Quality Issues
ORD001272,CUST00846,PROD010,Fashion,1299,0.0,1299.0,4.7,0,1,express,card,2026-05-01,0,
ORD001273,CUST01869,PROD001,Beauty,1999,199.9,1799.1,2.7,0,3,standard,card,2026-04-28,0,
ORD001274,CUST01621,PROD014,Beauty,499,149.7,349.3,3.6,0,9,economy,card,2026-05-15,0,
ORD001275,CUST00437,PROD007,Fashion,1299,259.8,1039.2,4.9,4,1,express,wallet,2026-02-15,1,Product Not as Expected
ORD001276,CUST00248,PROD017,Beauty,299,119.6,179.4,4.9,0,4,standard,card,2026-09-04,1,Product Not as Expected
ORD001277,CUST01196,PROD010,Fashion,1299,324.75,974.25,5.0,0,9,economy,card,2026-05-09,1,Damaged/Defective
ORD001278,CUST01070,PROD005,Fashion,1299,194.85,1104.15,2.6,1,6,standard,upi,2026-07-28,0,
ORD001279,CUST00167,PROD010,Fashion,1299,0.0,1299.0,4.5,0,1,express,card,2025-10-17,0,
ORD001280,CUST00426,PROD016,Beauty,499,99.8,399.2,3.6,8,7,economy,card,2026-06-25,0,
ORD001281,CUST00448,PROD008,Home & Lifestyle,1299,129.9,1169.1,3.8,3,5,standard,card,2025-11-16,0,
ORD001282,CUST01234,PROD018,Books,499,49.9,449.1,3.6,5,9,economy,card,2025-10-05,0,
ORD001283,CUST01567,PROD005,Fashion,1299,129.9,1169.1,3.1,0,10,economy,card,2025-11-13,0,
ORD001284,CUST01609,PROD019,Electronics,1299,324.75,974.25,3.6,0,2,express,upi,2025-12-20,0,
ORD001285,CUST01412,PROD020,Books,4999,1499.7,3499.3,2.9,1,5,standard,upi,2025-10-19,0,
ORD001286,CUST00905,PROD006,Books,1299,0.0,1299.0,2.8,0,4,standard,upi,2025-11-02,1,Damaged/Defective
ORD001287,CUST00601,PROD004,Books,499,74.85,424.15,4.1,5,5,standard,upi,2025-12-31,0,
ORD001288,CUST01614,PROD014,Beauty,499,74.85,424.15,3.4,7,5,standard,card,2025-12-15,0,
ORD001289,CUST00007,PROD007,Fashion,1299,324.75,974.25,4.8,4,9,economy,card,2026-03-02,1,Product Not as Expected
ORD001290,CUST01627,PROD006,Books,1299,0.0,1299.0,2.8,1,2,express,card,2026-05-28,0,
ORD001291,CUST00707,PROD007,Fashion,1299,194.85,1104.15,4.7,2,1,express,card,2025-09-20,0,
ORD001292,CUST00633,PROD016,Beauty,499,74.85,424.15,3.5,1,4,standard,card,2025-11-27,1,Quality Issues
ORD001293,CUST01655,PROD013,Home & Lifestyle,2999,0.0,2999.0,3.4,1,2,express,wallet,2025-09-21,1,Quality Issues
ORD001294,CUST01278,PROD001,Beauty,1999,199.9,1799.1,2.9,4,3,standard,card,2026-02-21,0,
ORD001295,CUST01395,PROD003,Home & Lifestyle,1999,0.0,1999.0,4.1,1,10,economy,upi,2026-03-17,0,
ORD001296,CUST01204,PROD012,Beauty,4999,999.8,3999.2,4.1,1,1,express,upi,2026-04-07,0,
ORD001297,CUST00228,PROD013,Home & Lifestyle,2999,0.0,2999.0,3.5,1,6,standard,upi,2026-03-24,0,
ORD001298,CUST00845,PROD013,Home & Lifestyle,2999,299.9,2699.1,3.6,1,5,standard,card,2025-11-06,0,
ORD001299,CUST01572,PROD009,Home & Lifestyle,1999,199.9,1799.1,3.8,0,5,standard,upi,2025-11-23,0,
ORD001300,CUST00228,PROD001,Beauty,1999,799.6,1199.4,3.1,0,6,standard,card,2026-05-17,1,Changed Mind
ORD001301,CUST00717,PROD011,Fashion,299,44.85,254.15,2.7,3,4,standard,card,2026-02-05,1,Late Delivery
ORD001302,CUST00505,PROD017,Beauty,299,74.75,224.25,4.8,2,2,express,cod,2026-08-31,0,
ORD001303,CUST01030,PROD007,Fashion,1299,129.9,1169.1,4.7,0,6,standard,wallet,2025-12-17,0,
ORD001304,CUST00616,PROD003,Home & Lifestyle,1999,0.0,1999.0,3.8,0,5,standard,upi,2026-07-03,0,
ORD001305,CUST01306,PROD007,Fashion,1299,194.85,1104.15,4.6,2,3,standard,wallet,2025-12-08,1,Late Delivery
ORD001306,CUST01086,PROD004,Books,499,99.8,399.2,4.1,0,7,economy,card,2025-12-21,0,
ORD001307,CUST00963,PROD003,Home & Lifestyle,1999,0.0,1999.0,3.9,1,4,standard,card,2025-11-01,0,
ORD001308,CUST00640,PROD010,Fashion,1299,0.0,1299.0,4.9,1,6,standard,card,2025-10-22,1,Late Delivery
ORD001309,CUST00174,PROD010,Fashion,1299,0.0,1299.0,5.0,0,2,express,upi,2025-12-30,1,Quality Issues
ORD001310,CUST01722,PROD019,Electronics,1299,324.75,974.25,4.1,4,6,standard,card,2025-10-29,0,
ORD001311,CUST01846,PROD003,Home & Lifestyle,1999,499.75,1499.25,3.8,1,2,express,card,2025-12-06,0,
ORD001312,CUST01005,PROD019,Electronics,1299,0.0,1299.0,4.1,5,1,express,card,2026-04-07,0,
ORD001313,CUST00706,PROD001,Beauty,1999,199.9,1799.1,3.0,2,11,economy,card,2026-05-07,1,Late Delivery
ORD001314,CUST00377,PROD005,Fashion,1299,389.7,909.3,3.1,0,5,standard,cod,2025-09-16,0,
ORD001315,CUST00788,PROD012,Beauty,4999,499.9,4499.1,4.2,2,4,standard,card,2025-12-29,0,
ORD001316,CUST00851,PROD001,Beauty,1999,299.85,1699.15,2.8,0,5,standard,upi,2025-10-21,1,Ordered by Mistake
ORD001317,CUST00183,PROD001,Beauty,1999,799.6,1199.4,2.6,0,6,standard,card,2026-01-23,0,
ORD001318,CUST00100,PROD014,Beauty,499,49.9,449.1,3.4,3,8,economy,upi,2025-12-06,0,
ORD001319,CUST01102,PROD010,Fashion,1299,389.7,909.3,4.9,2,3,standard,upi,2026-01-13,1,Ordered by Mistake
ORD001320,CUST01056,PROD017,Beauty,299,0.0,299.0,4.7,3,2,express,upi,2025-10-25,0,
ORD001321,CUST01904,PROD016,Beauty,499,0.0,499.0,3.1,6,1,express,card,2025-12-27,1,Wrong Size
ORD001322,CUST00241,PROD014,Beauty,499,124.75,374.25,3.7,2,2,express,card,2026-01-22,0,
ORD001323,CUST00683,PROD008,Home & Lifestyle,1299,194.85,1104.15,3.8,4,9,economy,cod,2026-02-11,1,Wrong Size
ORD001324,CUST00556,PROD019,Electronics,1299,259.8,1039.2,3.7,5,1,express,card,2025-12-04,0,
ORD001325,CUST01217,PROD002,Books,4999,999.8,3999.2,3.3,7,6,standard,upi,2026-05-28,1,Better Price Elsewhere
ORD001326,CUST01511,PROD005,Fashion,1299,324.75,974.25,2.6,5,3,standard,card,2026-03-28,0,
ORD001327,CUST01394,PROD001,Beauty,1999,0.0,1999.0,3.2,1,4,standard,upi,2026-02-01,1,Quality Issues
ORD001328,CUST01899,PROD002,Books,4999,499.9,4499.1,3.7,4,6,standard,card,2026-02-03,1,Quality Issues
ORD001329,CUST00592,PROD006,Books,1299,0.0,1299.0,2.6,0,1,express,card,2026-03-31,1,Wrong Size
ORD001330,CUST00461,PROD019,Electronics,1299,129.9,1169.1,4.0,1,1,express,cod,2026-06-28,1,Product Not as Expected
ORD001331,CUST00471,PROD013,Home & Lifestyle,2999,0.0,2999.0,3.3,5,5,standard,card,2026-02-27,0,
ORD001332,CUST00582,PROD012,Beauty,4999,0.0,4999.0,4.0,4,5,standard,upi,2025-11-18,1,Late Delivery
ORD001333,CUST00616,PROD012,Beauty,4999,0.0,4999.0,4.3,0,9,economy,card,2025-09-12,0,
ORD001334,CUST01459,PROD007,Fashion,1299,129.9,1169.1,4.5,3,6,standard,card,2025-12-08,0,
ORD001335,CUST00538,PROD005,Fashion,1299,0.0,1299.0,2.6,1,2,express,card,2025-12-26,0,
ORD001336,CUST01379,PROD017,Beauty,299,0.0,299.0,4.8,6,1,express,card,2025-09-18,1,Quality Issues
ORD001337,CUST01095,PROD006,Books,1299,519.6,779.4,2.8,0,1,express,card,2025-12-18,0,
ORD001338,CUST01993,PROD008,Home & Lifestyle,1299,194.85,1104.15,3.8,0,5,standard,upi,2025-09-17,0,
ORD001339,CUST00450,PROD005,Fashion,1299,0.0,1299.0,2.6,2,10,economy,card,2025-09-30,0,
ORD001340,CUST00189,PROD007,Fashion,1299,0.0,1299.0,4.5,0,1,express,cod,2026-02-09,0,
ORD001341,CUST01424,PROD007,Fashion,1299,324.75,974.25,4.8,1,9,economy,upi,2026-02-06,0,
ORD001342,CUST00172,PROD005,Fashion,1299,0.0,1299.0,3.0,1,6,standard,card,2026-03-10,0,
ORD001343,CUST01828,PROD001,Beauty,1999,399.8,1599.2,2.7,1,2,express,card,2026-03-19,0,
ORD001344,CUST00140,PROD004,Books,499,124.75,374.25,4.3,2,7,economy,cod,2026-03-12,0,
ORD001345,CUST00320,PROD004,Books,499,124.75,374.25,4.2,0,8,economy,card,2026-07-14,0,
ORD001346,CUST01130,PROD010,Fashion,1299,259.8,1039.2,4.5,0,1,express,upi,2025-11-03,0,
ORD001347,CUST00896,PROD001,Beauty,1999,199.9,1799.1,2.9,1,2,express,card,2025-10-15,0,
ORD001348,CUST00077,PROD013,Home & Lifestyle,2999,599.8,2399.2,3.3,1,6,standard,upi,2026-05-14,0,
ORD001349,CUST01366,PROD001,Beauty,1999,399.8,1599.2,2.6,6,3,standard,cod,2026-01-07,1,Damaged/Defective
ORD001350,CUST01462,PROD020,Books,4999,499.9,4499.1,2.7,4,6,standard,wallet,2026-08-08,1,Wrong Size
ORD001351,CUST01993,PROD002,Books,4999,749.85,4249.15,3.8,0,1,express,card,2025-10-28,0,
ORD001352,CUST01955,PROD015,Beauty,2999,0.0,2999.0,2.3,2,6,standard,card,2025-10-27,1,Product Not as Expected
ORD001353,CUST01649,PROD013,Home & Lifestyle,2999,1199.6,1799.4,3.4,2,10,economy,wallet,2026-03-08,0,
ORD001354,CUST01726,PROD010,Fashion,1299,519.6,779.4,4.6,5,3,standard,card,2025-10-05,1,Wrong Size
ORD001355,CUST00736,PROD009,Home & Lifestyle,1999,199.9,1799.1,3.8,1,6,standard,card,2026-05-31,0,
ORD001356,CUST01543,PROD009,Home & Lifestyle,1999,199.9,1799.1,3.6,0,3,standard,card,2026-07-02,1,Ordered by Mistake
ORD001357,CUST00061,PROD010,Fashion,1299,194.85,1104.15,4.5,3,4,standard,cod,2025-12-25,0,
ORD001358,CUST01535,PROD018,Books,499,74.85,424.15,3.9,1,5,standard,upi,2025-10-21,0,
ORD001359,CUST00081,PROD014,Beauty,499,199.6,299.4,3.6,7,4,standard,wallet,2026-04-26,0,
ORD001360,CUST00335,PROD011,Fashion,299,0.0,299.0,2.6,1,5,standard,wallet,2026-03-31,0,
ORD001361,CUST01321,PROD005,Fashion,1299,0.0,1299.0,2.8,2,6,standard,cod,2025-10-30,0,
ORD001362,CUST00581,PROD004,Books,499,49.9,449.1,4.2,0,1,express,card,2026-08-01,0,
ORD001363,CUST01025,PROD011,Fashion,299,44.85,254.15,2.4,3,9,economy,upi,2026-07-04,0,
ORD001364,CUST00523,PROD014,Beauty,499,0.0,499.0,3.8,0,4,standard,card,2026-06-15,0,
ORD001365,CUST00193,PROD011,Fashion,299,89.7,209.3,2.3,0,5,standard,upi,2025-10-23,0,
ORD001366,CUST01540,PROD005,Fashion,1299,129.9,1169.1,2.6,0,6,standard,cod,2026-04-18,1,Wrong Size
ORD001367,CUST00737,PROD012,Beauty,4999,1999.6,2999.4,3.9,0,4,standard,cod,2026-01-08,0,
ORD001368,CUST00736,PROD013,Home & Lifestyle,2999,299.9,2699.1,3.2,7,5,standard,upi,2026-04-11,1,Quality Issues
ORD001369,CUST01398,PROD019,Electronics,1299,0.0,1299.0,3.8,0,7,economy,card,2026-03-06,0,
ORD001370,CUST00285,PROD015,Beauty,2999,0.0,2999.0,2.9,0,5,standard,card,2025-11-10,1,Quality Issues
ORD001371,CUST00107,PROD016,Beauty,499,199.6,299.4,3.6,2,6,standard,cod,2026-02-17,0,
ORD001372,CUST00063,PROD013,Home & Lifestyle,2999,299.9,2699.1,3.7,0,3,standard,card,2026-05-03,0,
ORD001373,CUST00243,PROD010,Fashion,1299,389.7,909.3,4.8,0,5,standard,card,2025-12-20,1,Changed Mind
ORD001374,CUST00674,PROD013,Home & Lifestyle,2999,299.9,2699.1,3.7,5,5,standard,cod,2026-06-02,0,
ORD001375,CUST00842,PROD002,Books,4999,0.0,4999.0,3.6,3,2,express,upi,2026-05-10,0,
ORD001376,CUST01015,PROD018,Books,499,49.9,449.1,3.7,4,5,standard,card,2025-10-04,0,
ORD001377,CUST01534,PROD014,Beauty,499,99.8,399.2,3.4,2,3,standard,card,2026-05-11,0,
ORD001378,CUST01275,PROD012,Beauty,4999,749.85,4249.15,4.2,2,1,express,upi,2026-05-22,1,Quality Issues
ORD001379,CUST01896,PROD018,Books,499,149.7,349.3,4.0,0,4,standard,card,2026-01-20,0,
ORD001380,CUST00169,PROD018,Books,499,49.9,449.1,3.5,3,1,express,upi,2025-11-30,1,Changed Mind
ORD001381,CUST00175,PROD001,Beauty,1999,499.75,1499.25,2.7,2,3,standard,card,2025-11-07,1,Late Delivery
ORD001382,CUST01671,PROD019,Electronics,1299,259.8,1039.2,4.1,5,4,standard,card,2025-10-03,0,
ORD001383,CUST01159,PROD010,Fashion,1299,194.85,1104.15,4.9,3,6,standard,upi,2026-07-15,0,
ORD001384,CUST00901,PROD020,Books,4999,0.0,4999.0,2.9,1,6,standard,wallet,2026-08-05,0,
ORD001385,CUST01731,PROD014,Beauty,499,149.7,349.3,3.7,7,4,standard,card,2026-06-02,1,Changed Mind
ORD001386,CUST01060,PROD001,Beauty,1999,0.0,1999.0,2.8,0,2,express,upi,2026-04-21,1,Wrong Size
ORD001387,CUST01124,PROD014,Beauty,499,49.9,449.1,3.8,0,6,standard,card,2025-12-24,0,
ORD001388,CUST00426,PROD020,Books,4999,1499.7,3499.3,3.1,4,3,standard,card,2026-06-24,1,Wrong Size
ORD001389,CUST00007,PROD012,Beauty,4999,749.85,4249.15,3.9,2,2,express,upi,2026-07-08,0,
ORD001390,CUST00951,PROD002,Books,4999,1249.75,3749.25,3.7,4,3,standard,card,2025-09-19,0,
ORD001391,CUST01460,PROD010,Fashion,1299,259.8,1039.2,4.8,1,1,express,card,2025-11-23,0,
ORD001392,CUST01914,PROD008,Home & Lifestyle,1299,0.0,1299.0,3.9,1,6,standard,upi,2026-03-25,0,
ORD001393,CUST01969,PROD004,Books,499,199.6,299.4,4.4,3,9,economy,cod,2026-07-04,1,Damaged/Defective
ORD001394,CUST00613,PROD013,Home & Lifestyle,2999,0.0,2999.0,3.3,3,8,economy,cod,2026-06-11,1,Product Not as Expected
ORD001395,CUST00963,PROD012,Beauty,4999,749.85,4249.15,3.9,1,1,express,upi,2026-01-21,0,
ORD001396,CUST00215,PROD011,Fashion,299,119.6,179.4,2.7,5,3,standard,card,2026-04-24,1,Changed Mind
ORD001397,CUST01332,PROD002,Books,4999,499.9,4499.1,3.6,2,4,standard,upi,2026-01-06,0,
ORD001398,CUST01453,PROD001,Beauty,1999,599.7,1399.3,3.0,6,1,express,card,2026-06-24,1,Damaged/Defective
ORD001399,CUST00322,PROD020,Books,4999,499.9,4499.1,2.7,0,4,standard,wallet,2026-07-12,0,
ORD001400,CUST00688,PROD013,Home & Lifestyle,2999,449.85,2549.15,3.5,2,1,express,upi,2026-08-22,0,
ORD001401,CUST01484,PROD006,Books,1299,129.9,1169.1,2.8,2,7,economy,upi,2026-05-25,1,Changed Mind
ORD001402,CUST00615,PROD004,Books,499,74.85,424.15,4.2,4,2,express,cod,2026-07-25,1,Changed Mind
ORD001403,CUST01306,PROD011,Fashion,299,44.85,254.15,2.3,5,5,standard,cod,2026-05-05,1,Wrong Size
ORD001404,CUST01065,PROD013,Home & Lifestyle,2999,299.9,2699.1,3.1,7,7,economy,upi,2026-02-16,1,Ordered by Mistake
ORD001405,CUST01708,PROD013,Home & Lifestyle,2999,299.9,2699.1,3.2,5,6,standard,cod,2026-05-19,0,
ORD001406,CUST01630,PROD005,Fashion,1299,129.9,1169.1,3.1,3,6,standard,card,2026-01-07,0,
ORD001407,CUST01234,PROD014,Beauty,499,0.0,499.0,3.4,0,5,standard,upi,2026-06-27,0,
ORD001408,CUST01319,PROD015,Beauty,2999,0.0,2999.0,2.6,3,4,standard,cod,2026-03-23,1,Changed Mind
ORD001409,CUST00907,PROD009,Home & Lifestyle,1999,399.8,1599.2,4.1,3,6,standard,wallet,2025-10-08,1,Ordered by Mistake
ORD001410,CUST01268,PROD012,Beauty,4999,0.0,4999.0,4.1,1,3,standard,cod,2025-11-29,1,Ordered by Mistake
ORD001411,CUST00921,PROD020,Books,4999,0.0,4999.0,3.0,1,4,standard,card,2026-02-19,0,
ORD001412,CUST01790,PROD001,Beauty,1999,0.0,1999.0,3.1,4,4,standard,upi,2026-02-11,1,Late Delivery
ORD001413,CUST00220,PROD011,Fashion,299,0.0,299.0,2.2,2,5,standard,upi,2025-11-18,1,Late Delivery
ORD001414,CUST00456,PROD018,Books,499,99.8,399.2,3.7,3,4,standard,upi,2026-08-26,0,
ORD001415,CUST00995,PROD014,Beauty,499,0.0,499.0,3.6,0,3,standard,wallet,2026-07-15,0,
ORD001416,CUST01828,PROD010,Fashion,1299,259.8,1039.2,4.6,4,3,standard,upi,2026-08-28,1,Ordered by Mistake
ORD001417,CUST00398,PROD015,Beauty,2999,449.85,2549.15,2.6,2,2,express,cod,2026-07-19,0,
ORD001418,CUST01018,PROD005,Fashion,1299,259.8,1039.2,2.7,6,1,express,upi,2026-09-03,1,Late Delivery
ORD001419,CUST00475,PROD014,Beauty,499,149.7,349.3,3.4,6,6,standard,upi,2025-12-28,0,
ORD001420,CUST01013,PROD006,Books,1299,0.0,1299.0,2.5,1,1,express,upi,2025-10-25,0,
ORD001421,CUST01878,PROD016,Beauty,499,149.7,349.3,3.3,2,3,standard,upi,2026-05-18,1,Late Delivery
ORD001422,CUST01221,PROD013,Home & Lifestyle,2999,599.8,2399.2,3.5,3,5,standard,cod,2026-04-26,0,
ORD001423,CUST01045,PROD004,Books,499,74.85,424.15,4.0,2,1,express,upi,2025-09-20,0,
ORD001424,CUST00337,PROD004,Books,499,149.7,349.3,4.2,4,8,economy,card,2026-04-08,1,Changed Mind
ORD001425,CUST00582,PROD011,Fashion,299,0.0,299.0,2.4,1,10,economy,wallet,2026-03-26,0,
ORD001426,CUST01270,PROD007,Fashion,1299,324.75,974.25,4.8,7,5,standard,card,2025-12-13,1,Wrong Size
ORD001427,CUST01510,PROD012,Beauty,4999,0.0,4999.0,4.3,5,1,express,card,2025-09-18,0,
ORD001428,CUST00735,PROD017,Beauty,299,0.0,299.0,4.6,8,6,standard,upi,2025-12-25,0,
ORD001429,CUST00964,PROD014,Beauty,499,99.8,399.2,3.7,1,4,standard,card,2026-07-06,0,
ORD001430,CUST00142,PROD010,Fashion,1299,389.7,909.3,4.6,2,5,standard,upi,2026-01-15,1,Changed Mind
ORD001431,CUST00497,PROD006,Books,1299,0.0,1299.0,2.3,2,4,standard,card,2026-01-20,1,Product Not as Expected
ORD001432,CUST01085,PROD008,Home & Lifestyle,1299,259.8,1039.2,3.8,2,6,standard,upi,2025-10-14,1,Late Delivery
ORD001433,CUST01762,PROD017,Beauty,299,0.0,299.0,4.5,4,1,express,card,2026-02-10,0,
ORD001434,CUST01123,PROD001,Beauty,1999,199.9,1799.1,2.6,2,3,standard,card,2025-10-13,0,
ORD001435,CUST01839,PROD009,Home & Lifestyle,1999,0.0,1999.0,4.0,2,2,express,card,2026-04-30,0,
ORD001436,CUST00154,PROD012,Beauty,4999,0.0,4999.0,3.9,7,5,standard,card,2026-03-23,1,Wrong Size
ORD001437,CUST01913,PROD017,Beauty,299,59.8,239.2,4.9,1,4,standard,card,2026-06-16,0,
ORD001438,CUST00985,PROD013,Home & Lifestyle,2999,449.85,2549.15,3.4,8,1,express,card,2025-10-22,1,Better Price Elsewhere
ORD001439,CUST01712,PROD016,Beauty,499,49.9,449.1,3.3,8,5,standard,card,2025-10-20,0,
ORD001440,CUST01217,PROD017,Beauty,299,29.9,269.1,4.9,1,3,standard,upi,2026-05-15,0,
ORD001441,CUST00060,PROD017,Beauty,299,0.0,299.0,4.9,2,1,express,upi,2025-12-02,0,
ORD001442,CUST01954,PROD017,Beauty,299,29.9,269.1,4.4,8,7,economy,card,2026-03-15,1,Better Price Elsewhere
ORD001443,CUST00986,PROD015,Beauty,2999,299.9,2699.1,2.4,1,5,standard,card,2026-07-26,0,
ORD001444,CUST00657,PROD002,Books,4999,1249.75,3749.25,3.3,3,5,standard,upi,2026-01-30,0,
ORD001445,CUST01502,PROD001,Beauty,1999,299.85,1699.15,3.2,0,5,standard,card,2026-03-16,0,
ORD001446,CUST00220,PROD011,Fashion,299,0.0,299.0,2.5,3,1,express,cod,2025-10-16,1,Wrong Size
ORD001447,CUST00028,PROD015,Beauty,2999,299.9,2699.1,2.3,0,5,standard,card,2026-07-17,0,
ORD001448,CUST00837,PROD019,Electronics,1299,389.7,909.3,4.2,0,1,express,card,2026-05-24,1,Quality Issues
ORD001449,CUST00916,PROD016,Beauty,499,99.8,399.2,3.5,1,5,standard,cod,2025-11-26,0,
ORD001450,CUST01598,PROD009,Home & Lifestyle,1999,299.85,1699.15,3.8,2,10,economy,upi,2025-10-01,0,
ORD001451,CUST00618,PROD010,Fashion,1299,129.9,1169.1,4.8,2,3,standard,card,2026-01-25,1,Changed Mind
ORD001452,CUST01859,PROD012,Beauty,4999,499.9,4499.1,4.1,8,5,standard,cod,2025-12-10,1,Ordered by Mistake
ORD001453,CUST01342,PROD010,Fashion,1299,0.0,1299.0,4.7,8,8,economy,upi,2026-03-05,1,Quality Issues
ORD001454,CUST01315,PROD017,Beauty,299,29.9,269.1,4.5,0,2,express,upi,2026-03-31,1,Better Price Elsewhere
ORD001455,CUST00531,PROD014,Beauty,499,99.8,399.2,3.6,7,6,standard,upi,2026-04-04,0,
ORD001456,CUST01137,PROD013,Home & Lifestyle,2999,299.9,2699.1,3.4,8,1,express,card,2026-06-30,0,
ORD001457,CUST00438,PROD013,Home & Lifestyle,2999,599.8,2399.2,3.5,0,4,standard,card,2026-02-27,0,
ORD001458,CUST00732,PROD017,Beauty,299,59.8,239.2,5.0,0,3,standard,card,2026-05-01,1,Product Not as Expected
ORD001459,CUST00036,PROD018,Books,499,49.9,449.1,3.4,2,11,economy,card,2026-03-19,0,
ORD001460,CUST01702,PROD011,Fashion,299,0.0,299.0,2.6,0,5,standard,card,2025-10-25,0,
ORD001461,CUST01240,PROD020,Books,4999,0.0,4999.0,2.7,1,5,standard,card,2026-07-05,1,Ordered by Mistake
ORD001462,CUST00896,PROD006,Books,1299,0.0,1299.0,2.5,0,3,standard,card,2026-05-14,1,Damaged/Defective
ORD001463,CUST00869,PROD016,Beauty,499,49.9,449.1,3.5,3,2,express,card,2025-11-12,0,
ORD001464,CUST01133,PROD008,Home & Lifestyle,1299,324.75,974.25,3.8,3,9,economy,cod,2026-06-24,1,Late Delivery
ORD001465,CUST01958,PROD020,Books,4999,0.0,4999.0,3.0,3,2,express,card,2026-03-04,1,Changed Mind
ORD001466,CUST00963,PROD001,Beauty,1999,499.75,1499.25,3.2,0,5,standard,card,2026-01-15,1,Damaged/Defective
ORD001467,CUST01582,PROD017,Beauty,299,0.0,299.0,4.8,3,5,standard,card,2025-10-02,0,
ORD001468,CUST00599,PROD017,Beauty,299,44.85,254.15,5.0,0,3,standard,cod,2025-10-27,0,
ORD001469,CUST01277,PROD013,Home & Lifestyle,2999,0.0,2999.0,3.6,1,4,standard,upi,2025-12-18,0,
ORD001470,CUST01457,PROD001,Beauty,1999,0.0,1999.0,2.7,2,6,standard,card,2026-03-08,0,
ORD001471,CUST00788,PROD016,Beauty,499,0.0,499.0,3.5,6,2,express,upi,2026-01-11,0,
ORD001472,CUST01785,PROD008,Home & Lifestyle,1299,194.85,1104.15,3.6,4,4,standard,upi,2026-08-23,1,Late Delivery
ORD001473,CUST01545,PROD008,Home & Lifestyle,1299,194.85,1104.15,3.5,3,2,express,upi,2026-06-08,0,
ORD001474,CUST00648,PROD012,Beauty,4999,0.0,4999.0,4.3,7,10,economy,wallet,2026-05-08,1,Late Delivery
ORD001475,CUST01366,PROD006,Books,1299,0.0,1299.0,2.6,1,5,standard,upi,2025-09-13,0,
ORD001476,CUST00248,PROD016,Beauty,499,49.9,449.1,3.1,0,1,express,card,2025-09-18,1,Quality Issues
ORD001477,CUST01282,PROD020,Books,4999,499.9,4499.1,2.6,3,1,express,card,2025-09-26,0,
ORD001478,CUST01463,PROD004,Books,499,199.6,299.4,4.3,6,3,standard,card,2026-07-17,1,Changed Mind
ORD001479,CUST01737,PROD016,Beauty,499,49.9,449.1,3.2,3,1,express,cod,2026-08-03,0,
ORD001480,CUST01406,PROD003,Home & Lifestyle,1999,499.75,1499.25,4.1,0,6,standard,cod,2026-08-19,0,
ORD001481,CUST01191,PROD005,Fashion,1299,389.7,909.3,2.6,3,6,standard,card,2026-04-23,1,Damaged/Defective
ORD001482,CUST00294,PROD017,Beauty,299,119.6,179.4,4.6,7,4,standard,cod,2026-06-17,1,Late Delivery
ORD001483,CUST00416,PROD004,Books,499,0.0,499.0,4.4,1,2,express,cod,2025-11-02,1,Ordered by Mistake
ORD001484,CUST01594,PROD010,Fashion,1299,519.6,779.4,4.5,2,4,standard,upi,2026-01-06,0,
ORD001485,CUST01382,PROD020,Books,4999,0.0,4999.0,3.2,4,5,standard,wallet,2025-11-06,1,Late Delivery
ORD001486,CUST00142,PROD013,Home & Lifestyle,2999,0.0,2999.0,3.6,0,5,standard,card,2025-11-30,0,
ORD001487,CUST01723,PROD018,Books,499,99.8,399.2,3.7,0,5,standard,card,2026-03-25,0,
ORD001488,CUST01546,PROD014,Beauty,499,74.85,424.15,3.4,1,1,express,card,2026-01-25,1,Better Price Elsewhere
ORD001489,CUST01266,PROD001,Beauty,1999,499.75,1499.25,2.7,2,6,standard,card,2026-06-29,0,
ORD001490,CUST00637,PROD014,Beauty,499,0.0,499.0,3.5,4,5,standard,upi,2026-08-23,1,Quality Issues
ORD001491,CUST00183,PROD019,Electronics,1299,0.0,1299.0,3.8,2,6,standard,card,2026-03-28,1,Changed Mind
ORD001492,CUST00706,PROD003,Home & Lifestyle,1999,0.0,1999.0,3.9,6,6,standard,card,2026-07-15,0,
ORD001493,CUST00218,PROD010,Fashion,1299,194.85,1104.15,4.7,2,6,standard,card,2025-12-09,0,
ORD001494,CUST00439,PROD010,Fashion,1299,0.0,1299.0,4.4,0,1,express,upi,2026-03-12,0,
ORD001495,CUST00721,PROD016,Beauty,499,199.6,299.4,3.5,3,3,standard,wallet,2026-04-01,1,Late Delivery
ORD001496,CUST00193,PROD018,Books,499,149.7,349.3,3.6,6,6,standard,card,2026-03-14,0,
ORD001497,CUST01456,PROD017,Beauty,299,59.8,239.2,4.6,3,4,standard,upi,2025-12-15,0,
ORD001498,CUST00954,PROD018,Books,499,99.8,399.2,3.6,2,5,standard,card,2026-08-13,0,
ORD001499,CUST00288,PROD010,Fashion,1299,324.75,974.25,4.9,1,1,express,card,2025-11-08,0,
ORD001500,CUST01976,PROD003,Home & Lifestyle,1999,0.0,1999.0,3.9,0,6,standard,upi,2025-11-01,1,Better Price Elsewhere
ORD001501,CUST01338,PROD007,Fashion,1299,129.9,1169.1,4.9,1,3,standard,upi,2026-04-22,0,
ORD001502,CUST00269,PROD006,Books,1299,0.0,1299.0,2.9,1,5,standard,card,2026-02-22,1,Wrong Size
ORD001503,CUST00124,PROD009,Home & Lifestyle,1999,399.8,1599.2,3.7,2,10,economy,upi,2025-09-17,0,
ORD001504,CUST01408,PROD018,Books,499,0.0,499.0,3.5,1,3,standard,card,2026-08-04,0,
ORD001505,CUST00254,PROD006,Books,1299,324.75,974.25,2.5,0,2,express,upi,2026-04-02,0,
ORD001506,CUST01390,PROD017,Beauty,299,0.0,299.0,4.7,7,3,standard,card,2025-10-23,1,Late Delivery
ORD001507,CUST01005,PROD004,Books,499,0.0,499.0,4.0,3,6,standard,card,2025-09-19,1,Damaged/Defective
ORD001508,CUST01125,PROD011,Fashion,299,59.8,239.2,2.7,1,2,express,cod,2026-02-21,1,Product Not as Expected
ORD001509,CUST01314,PROD006,Books,1299,194.85,1104.15,2.9,2,7,economy,upi,2026-06-15,1,Wrong Size
ORD001510,CUST00931,PROD007,Fashion,1299,0.0,1299.0,4.6,2,5,standard,card,2026-03-31,1,Ordered by Mistake
ORD001511,CUST00690,PROD019,Electronics,1299,389.7,909.3,3.9,0,2,express,upi,2025-09-27,0,
ORD001512,CUST00914,PROD008,Home & Lifestyle,1299,259.8,1039.2,3.8,0,2,express,upi,2026-03-13,0,
ORD001513,CUST01775,PROD016,Beauty,499,124.75,374.25,3.5,1,6,standard,card,2026-08-29,0,
ORD001514,CUST01303,PROD006,Books,1299,0.0,1299.0,2.9,1,3,standard,card,2026-01-28,0,
ORD001515,CUST00713,PROD018,Books,499,124.75,374.25,3.7,0,1,express,card,2025-11-22,0,
ORD001516,CUST01130,PROD002,Books,4999,749.85,4249.15,3.3,4,1,express,upi,2026-01-28,1,Quality Issues
ORD001517,CUST00490,PROD008,Home & Lifestyle,1299,259.8,1039.2,3.6,3,2,express,card,2026-06-04,1,Better Price Elsewhere
ORD001518,CUST00388,PROD004,Books,499,49.9,449.1,4.4,3,1,express,upi,2026-03-29,1,Wrong Size
ORD001519,CUST01581,PROD020,Books,4999,749.85,4249.15,2.7,6,6,standard,upi,2026-03-25,0,
ORD001520,CUST01434,PROD020,Books,4999,1999.6,2999.4,2.7,0,2,express,cod,2026-02-15,0,
ORD001521,CUST01241,PROD015,Beauty,2999,299.9,2699.1,2.7,1,6,standard,upi,2025-10-05,0,
ORD001522,CUST01094,PROD007,Fashion,1299,129.9,1169.1,4.5,2,4,standard,card,2026-06-02,0,
ORD001523,CUST01768,PROD016,Beauty,499,0.0,499.0,3.3,6,3,standard,card,2026-07-20,0,
ORD001524,CUST00514,PROD015,Beauty,2999,599.8,2399.2,2.7,0,4,standard,card,2026-06-10,0,
ORD001525,CUST01186,PROD015,Beauty,2999,0.0,2999.0,2.5,4,6,standard,card,2026-04-24,0,
ORD001526,CUST00779,PROD019,Electronics,1299,0.0,1299.0,4.0,0,5,standard,card,2026-05-06,0,
ORD001527,CUST01874,PROD005,Fashion,1299,0.0,1299.0,3.1,0,2,express,wallet,2026-05-09,0,
ORD001528,CUST00368,PROD009,Home & Lifestyle,1999,0.0,1999.0,4.1,0,4,standard,card,2025-11-07,0,
ORD001529,CUST01986,PROD005,Fashion,1299,129.9,1169.1,2.8,0,6,standard,card,2025-12-08,0,
ORD001530,CUST00340,PROD010,Fashion,1299,324.75,974.25,4.4,1,3,standard,card,2026-06-20,1,Changed Mind
ORD001531,CUST01383,PROD020,Books,4999,0.0,4999.0,3.0,2,5,standard,card,2026-03-02,0,
ORD001532,CUST01309,PROD001,Beauty,1999,0.0,1999.0,2.7,3,5,standard,cod,2026-07-26,1,Damaged/Defective
ORD001533,CUST00002,PROD012,Beauty,4999,0.0,4999.0,4.2,2,4,standard,card,2026-03-24,1,Damaged/Defective
ORD001534,CUST00388,PROD012,Beauty,4999,0.0,4999.0,4.2,5,1,express,card,2026-08-08,0,
ORD001535,CUST00681,PROD009,Home & Lifestyle,1999,0.0,1999.0,3.8,3,9,economy,card,2026-04-14,0,
ORD001536,CUST00830,PROD008,Home & Lifestyle,1299,0.0,1299.0,3.7,0,6,standard,card,2026-08-13,0,
ORD001537,CUST01697,PROD011,Fashion,299,74.75,224.25,2.3,0,6,standard,upi,2026-07-24,1,Product Not as Expected
ORD001538,CUST00920,PROD003,Home & Lifestyle,1999,499.75,1499.25,3.8,2,3,standard,cod,2026-05-03,1,Wrong Size
ORD001539,CUST00771,PROD018,Books,499,0.0,499.0,3.9,1,1,express,cod,2026-06-02,0,
ORD001540,CUST01242,PROD015,Beauty,2999,0.0,2999.0,2.7,7,2,express,card,2026-01-10,0,
ORD001541,CUST00467,PROD011,Fashion,299,29.9,269.1,2.4,2,4,standard,cod,2026-02-23,0,
ORD001542,CUST00138,PROD009,Home & Lifestyle,1999,399.8,1599.2,4.0,6,6,standard,wallet,2025-12-23,1,Late Delivery
ORD001543,CUST00829,PROD008,Home & Lifestyle,1299,324.75,974.25,4.0,6,1,express,cod,2025-11-06,1,Changed Mind
ORD001544,CUST01468,PROD002,Books,4999,1249.75,3749.25,3.6,0,6,standard,upi,2026-02-14,0,
ORD001545,CUST00236,PROD006,Books,1299,129.9,1169.1,2.4,6,1,express,cod,2026-08-18,0,
ORD001546,CUST01481,PROD003,Home & Lifestyle,1999,199.9,1799.1,4.0,1,1,express,upi,2026-08-28,1,Quality Issues
ORD001547,CUST00510,PROD007,Fashion,1299,129.9,1169.1,4.4,0,6,standard,card,2026-04-10,0,
ORD001548,CUST00700,PROD015,Beauty,2999,749.75,2249.25,2.6,4,3,standard,card,2026-07-07,1,Late Delivery
ORD001549,CUST00438,PROD018,Books,499,49.9,449.1,3.8,1,1,express,upi,2026-04-11,0,
ORD001550,CUST00418,PROD004,Books,499,99.8,399.2,4.1,1,5,standard,card,2026-05-12,0,
ORD001551,CUST01800,PROD003,Home & Lifestyle,1999,0.0,1999.0,3.7,1,6,standard,card,2026-08-16,1,Late Delivery
ORD001552,CUST00799,PROD001,Beauty,1999,599.7,1399.3,3.1,3,1,express,upi,2026-07-18,1,Changed Mind
ORD001553,CUST00035,PROD014,Beauty,499,74.85,424.15,3.5,3,2,express,upi,2026-02-13,0,
ORD001554,CUST01811,PROD004,Books,499,49.9,449.1,4.2,0,5,standard,cod,2026-01-02,1,Damaged/Defective
ORD001555,CUST01851,PROD013,Home & Lifestyle,2999,0.0,2999.0,3.3,0,6,standard,upi,2025-09-25,1,Ordered by Mistake
ORD001556,CUST00221,PROD007,Fashion,1299,0.0,1299.0,4.8,0,6,standard,upi,2025-11-27,1,Better Price Elsewhere
ORD001557,CUST00846,PROD010,Fashion,1299,324.75,974.25,4.9,4,2,express,upi,2026-03-23,0,
ORD001558,CUST01387,PROD008,Home & Lifestyle,1299,324.75,974.25,3.6,1,4,standard,wallet,2026-06-30,0,
ORD001559,CUST01715,PROD016,Beauty,499,199.6,299.4,3.6,0,3,standard,cod,2025-11-16,0,
ORD001560,CUST01292,PROD014,Beauty,499,74.85,424.15,3.4,0,1,express,upi,2025-10-06,0,
ORD001561,CUST00940,PROD008,Home & Lifestyle,1299,389.7,909.3,3.8,0,4,standard,card,2026-07-07,0,
ORD001562,CUST01140,PROD018,Books,499,49.9,449.1,3.8,2,4,standard,wallet,2026-07-27,0,
ORD001563,CUST01850,PROD016,Beauty,499,0.0,499.0,3.6,1,3,standard,card,2026-02-28,0,
ORD001564,CUST01059,PROD008,Home & Lifestyle,1299,259.8,1039.2,3.5,4,5,standard,card,2026-07-13,1,Changed Mind
ORD001565,CUST01288,PROD013,Home & Lifestyle,2999,299.9,2699.1,3.3,0,8,economy,card,2026-05-12,0,
ORD001566,CUST00871,PROD007,Fashion,1299,259.8,1039.2,4.8,0,6,standard,cod,2026-01-28,1,Better Price Elsewhere
ORD001567,CUST01681,PROD012,Beauty,4999,0.0,4999.0,4.0,0,6,standard,card,2026-05-07,0,
ORD001568,CUST00966,PROD008,Home & Lifestyle,1299,0.0,1299.0,3.7,0,3,standard,card,2026-01-31,0,
ORD001569,CUST00035,PROD016,Beauty,499,99.8,399.2,3.5,2,1,express,cod,2025-12-11,1,Better Price Elsewhere
ORD001570,CUST00522,PROD012,Beauty,4999,499.9,4499.1,3.9,7,1,express,upi,2026-04-01,1,Ordered by Mistake
ORD001571,CUST00890,PROD009,Home & Lifestyle,1999,199.9,1799.1,4.1,4,2,express,upi,2026-02-07,0,
ORD001572,CUST00095,PROD011,Fashion,299,0.0,299.0,2.3,4,2,express,upi,2026-07-13,1,Changed Mind
ORD001573,CUST00150,PROD017,Beauty,299,74.75,224.25,4.9,1,6,standard,card,2025-09-28,0,
ORD001574,CUST00083,PROD017,Beauty,299,0.0,299.0,4.6,2,1,express,cod,2026-07-18,1,Better Price Elsewhere
ORD001575,CUST00633,PROD011,Fashion,299,0.0,299.0,2.3,1,2,express,upi,2026-01-11,0,
ORD001576,CUST01231,PROD016,Beauty,499,0.0,499.0,3.6,1,2,express,wallet,2026-06-01,1,Better Price Elsewhere
ORD001577,CUST01571,PROD001,Beauty,1999,0.0,1999.0,2.8,3,6,standard,upi,2026-09-05,1,Better Price Elsewhere
ORD001578,CUST01175,PROD011,Fashion,299,119.6,179.4,2.3,1,4,standard,card,2026-03-25,0,
ORD001579,CUST01440,PROD007,Fashion,1299,0.0,1299.0,4.5,2,4,standard,card,2025-09-27,0,
ORD001580,CUST01136,PROD014,Beauty,499,99.8,399.2,3.3,0,2,express,card,2026-07-22,0,
ORD001581,CUST00303,PROD012,Beauty,4999,1249.75,3749.25,3.9,1,1,express,upi,2026-04-11,0,
ORD001582,CUST00023,PROD014,Beauty,499,49.9,449.1,3.4,2,1,express,card,2026-06-19,0,
ORD001583,CUST01798,PROD019,Electronics,1299,194.85,1104.15,4.1,0,4,standard,card,2026-07-12,1,Wrong Size
ORD001584,CUST00954,PROD017,Beauty,299,29.9,269.1,4.5,0,2,express,cod,2026-01-24,0,
ORD001585,CUST00494,PROD003,Home & Lifestyle,1999,399.8,1599.2,4.1,0,6,standard,card,2026-02-09,0,
ORD001586,CUST01122,PROD001,Beauty,1999,599.7,1399.3,2.7,3,2,express,upi,2026-03-26,1,Changed Mind
ORD001587,CUST00535,PROD009,Home & Lifestyle,1999,199.9,1799.1,4.1,0,2,express,upi,2026-06-04,0,
ORD001588,CUST00079,PROD007,Fashion,1299,0.0,1299.0,4.5,0,4,standard,upi,2026-06-01,0,
ORD001589,CUST00416,PROD017,Beauty,299,59.8,239.2,4.8,1,1,express,card,2026-03-03,0,
ORD001590,CUST00316,PROD008,Home & Lifestyle,1299,389.7,909.3,3.7,5,3,standard,upi,2026-06-21,0,
ORD001591,CUST00340,PROD020,Books,4999,999.8,3999.2,3.1,3,5,standard,upi,2026-02-06,1,Better Price Elsewhere
ORD001592,CUST00315,PROD009,Home & Lifestyle,1999,0.0,1999.0,3.8,0,3,standard,card,2025-09-22,0,
ORD001593,CUST01024,PROD017,Beauty,299,44.85,254.15,5.0,0,9,economy,cod,2026-04-21,1,Damaged/Defective
ORD001594,CUST00176,PROD004,Books,499,0.0,499.0,4.3,0,8,economy,upi,2026-02-28,0,
ORD001595,CUST00276,PROD009,Home & Lifestyle,1999,0.0,1999.0,4.0,2,5,standard,card,2025-09-30,0,
ORD001596,CUST00414,PROD004,Books,499,49.9,449.1,4.0,2,1,express,cod,2025-12-07,1,Product Not as Expected
ORD001597,CUST00492,PROD008,Home & Lifestyle,1299,194.85,1104.15,3.8,2,5,standard,card,2026-02-05,0,
ORD001598,CUST01500,PROD016,Beauty,499,124.75,374.25,3.4,0,5,standard,card,2026-09-07,0,
ORD001599,CUST00708,PROD014,Beauty,499,49.9,449.1,3.4,6,3,standard,upi,2026-03-07,1,Ordered by Mistake
ORD001600,CUST00839,PROD013,Home & Lifestyle,2999,299.9,2699.1,3.5,4,8,economy,card,2026-05-23,0,
ORD001601,CUST01812,PROD005,Fashion,1299,259.8,1039.2,2.7,0,4,standard,wallet,2025-10-14,0,
ORD001602,CUST00761,PROD005,Fashion,1299,194.85,1104.15,2.7,5,2,express,card,2025-11-14,0,
ORD001603,CUST01617,PROD020,Books,4999,1999.6,2999.4,2.6,3,5,standard,upi,2026-01-07,0,
ORD001604,CUST01207,PROD009,Home & Lifestyle,1999,399.8,1599.2,3.7,5,4,standard,card,2026-08-27,0,
ORD001605,CUST01964,PROD016,Beauty,499,149.7,349.3,3.5,8,4,standard,card,2025-12-29,0,
ORD001606,CUST00580,PROD017,Beauty,299,59.8,239.2,4.4,0,1,express,card,2026-03-21,0,
ORD001607,CUST00653,PROD013,Home & Lifestyle,2999,0.0,2999.0,3.4,1,2,express,card,2026-06-15,1,Wrong Size
ORD001608,CUST01558,PROD014,Beauty,499,149.7,349.3,3.3,0,2,express,card,2026-01-25,1,Better Price Elsewhere
ORD001609,CUST01070,PROD014,Beauty,499,99.8,399.2,3.2,7,3,standard,upi,2026-04-03,0,
ORD001610,CUST00490,PROD016,Beauty,499,0.0,499.0,3.5,2,2,express,upi,2026-06-14,0,
ORD001611,CUST00175,PROD012,Beauty,4999,1249.75,3749.25,4.1,2,2,express,upi,2025-09-28,0,
ORD001612,CUST01209,PROD011,Fashion,299,44.85,254.15,2.7,2,1,express,upi,2025-11-12,0,
ORD001613,CUST01281,PROD006,Books,1299,0.0,1299.0,2.9,3,1,express,upi,2026-04-02,0,
ORD001614,CUST00911,PROD019,Electronics,1299,194.85,1104.15,4.0,1,5,standard,card,2026-08-12,0,
ORD001615,CUST01348,PROD020,Books,4999,749.85,4249.15,3.1,3,6,standard,card,2025-10-19,1,Better Price Elsewhere
ORD001616,CUST00121,PROD014,Beauty,499,0.0,499.0,3.6,3,6,standard,card,2025-09-26,1,Late Delivery
ORD001617,CUST01269,PROD003,Home & Lifestyle,1999,0.0,1999.0,3.9,0,10,economy,upi,2026-01-24,0,
ORD001618,CUST00073,PROD007,Fashion,1299,0.0,1299.0,4.5,4,6,standard,card,2025-09-22,1,Better Price Elsewhere
ORD001619,CUST01422,PROD005,Fashion,1299,129.9,1169.1,3.0,0,9,economy,card,2026-05-13,1,Quality Issues
ORD001620,CUST01661,PROD014,Beauty,499,0.0,499.0,3.3,0,4,standard,card,2026-05-06,0,
ORD001621,CUST01067,PROD002,Books,4999,749.85,4249.15,3.5,5,4,standard,card,2026-01-19,1,Wrong Size
ORD001622,CUST01639,PROD005,Fashion,1299,259.8,1039.2,2.7,2,2,express,cod,2026-07-01,1,Changed Mind
ORD001623,CUST01636,PROD015,Beauty,2999,599.8,2399.2,2.8,1,3,standard,cod,2025-11-15,0,
ORD001624,CUST01510,PROD009,Home & Lifestyle,1999,399.8,1599.2,4.1,7,5,standard,upi,2025-09-24,0,
ORD001625,CUST01210,PROD008,Home & Lifestyle,1299,324.75,974.25,3.4,0,5,standard,upi,2025-11-09,0,
ORD001626,CUST00621,PROD004,Books,499,0.0,499.0,4.1,4,5,standard,cod,2025-12-10,1,Late Delivery
ORD001627,CUST01231,PROD020,Books,4999,499.9,4499.1,2.8,4,6,standard,wallet,2026-01-09,1,Product Not as Expected
ORD001628,CUST00826,PROD020,Books,4999,749.85,4249.15,2.7,1,5,standard,upi,2026-03-23,0,
ORD001629,CUST01759,PROD019,Electronics,1299,194.85,1104.15,4.0,0,5,standard,upi,2026-06-18,0,
ORD001630,CUST00373,PROD001,Beauty,1999,0.0,1999.0,2.7,0,7,economy,card,2025-12-25,1,Quality Issues
ORD001631,CUST01288,PROD011,Fashion,299,44.85,254.15,2.4,4,4,standard,card,2026-02-08,1,Changed Mind
ORD001632,CUST01036,PROD016,Beauty,499,49.9,449.1,3.6,0,6,standard,upi,2026-07-17,1,Late Delivery
ORD001633,CUST01688,PROD006,Books,1299,129.9,1169.1,2.5,4,5,standard,upi,2026-03-30,0,
ORD001634,CUST00328,PROD004,Books,499,49.9,449.1,4.1,0,3,standard,wallet,2026-05-03,0,
ORD001635,CUST00190,PROD006,Books,1299,519.6,779.4,2.5,0,6,standard,cod,2025-10-14,0,
ORD001636,CUST01897,PROD012,Beauty,4999,999.8,3999.2,4.0,0,5,standard,upi,2026-07-13,0,
ORD001637,CUST00419,PROD011,Fashion,299,29.9,269.1,2.4,2,2,express,card,2025-09-26,1,Damaged/Defective
ORD001638,CUST01490,PROD016,Beauty,499,0.0,499.0,3.7,0,5,standard,upi,2026-09-09,0,
ORD001639,CUST01103,PROD006,Books,1299,0.0,1299.0,2.6,2,4,standard,card,2026-05-23,1,Late Delivery
ORD001640,CUST00727,PROD006,Books,1299,194.85,1104.15,2.6,8,4,standard,upi,2026-08-09,0,
ORD001641,CUST01685,PROD020,Books,4999,0.0,4999.0,2.8,2,4,standard,upi,2026-07-23,1,Quality Issues
ORD001642,CUST00401,PROD011,Fashion,299,74.75,224.25,2.7,8,11,economy,upi,2026-05-25,1,Quality Issues
ORD001643,CUST01047,PROD020,Books,4999,749.85,4249.15,3.2,1,3,standard,card,2025-09-21,1,Changed Mind
ORD001644,CUST00209,PROD013,Home & Lifestyle,2999,299.9,2699.1,3.4,5,1,express,card,2026-09-01,0,
ORD001645,CUST00009,PROD017,Beauty,299,74.75,224.25,4.6,0,3,standard,card,2025-10-22,1,Ordered by Mistake
ORD001646,CUST01036,PROD008,Home & Lifestyle,1299,0.0,1299.0,3.5,5,3,standard,wallet,2026-06-01,1,Better Price Elsewhere
ORD001647,CUST00634,PROD006,Books,1299,259.8,1039.2,2.8,1,4,standard,cod,2026-07-27,1,Wrong Size
ORD001648,CUST00757,PROD005,Fashion,1299,194.85,1104.15,2.8,2,1,express,card,2025-12-03,1,Product Not as Expected
ORD001649,CUST00259,PROD019,Electronics,1299,259.8,1039.2,3.8,3,2,express,card,2026-02-18,1,Better Price Elsewhere
ORD001650,CUST00718,PROD001,Beauty,1999,599.7,1399.3,2.9,4,4,standard,card,2026-06-02,1,Wrong Size
ORD001651,CUST01558,PROD001,Beauty,1999,299.85,1699.15,3.2,9,5,standard,card,2025-11-25,1,Ordered by Mistake
ORD001652,CUST00218,PROD005,Fashion,1299,194.85,1104.15,2.7,1,5,standard,card,2026-05-17,1,Ordered by Mistake
ORD001653,CUST00825,PROD014,Beauty,499,0.0,499.0,3.4,3,1,express,upi,2025-11-27,1,Ordered by Mistake
ORD001654,CUST01616,PROD019,Electronics,1299,324.75,974.25,3.8,8,2,express,cod,2026-08-21,0,
ORD001655,CUST00263,PROD014,Beauty,499,99.8,399.2,3.3,0,6,standard,card,2025-10-18,0,
ORD001656,CUST00362,PROD011,Fashion,299,59.8,239.2,2.4,3,2,express,card,2026-03-16,0,
ORD001657,CUST00592,PROD007,Fashion,1299,389.7,909.3,4.6,1,1,express,card,2026-02-22,1,Better Price Elsewhere
ORD001658,CUST00154,PROD008,Home & Lifestyle,1299,519.6,779.4,3.9,3,3,standard,card,2026-06-14,0,
ORD001659,CUST00956,PROD009,Home & Lifestyle,1999,299.85,1699.15,4.1,1,2,express,cod,2025-10-03,0,
ORD001660,CUST00623,PROD016,Beauty,499,0.0,499.0,3.5,2,6,standard,cod,2026-05-11,1,Product Not as Expected
ORD001661,CUST01984,PROD018,Books,499,49.9,449.1,3.4,3,5,standard,card,2026-06-28,0,
ORD001662,CUST01722,PROD015,Beauty,2999,599.8,2399.2,2.8,1,6,standard,wallet,2026-03-08,1,Changed Mind
ORD001663,CUST01484,PROD016,Beauty,499,0.0,499.0,3.3,0,1,express,cod,2025-09-25,1,Late Delivery
ORD001664,CUST01777,PROD007,Fashion,1299,129.9,1169.1,4.8,1,1,express,card,2026-01-26,0,
ORD001665,CUST01565,PROD008,Home & Lifestyle,1299,129.9,1169.1,3.9,1,5,standard,card,2026-04-23,1,Ordered by Mistake
ORD001666,CUST00314,PROD007,Fashion,1299,519.6,779.4,4.7,2,4,standard,card,2026-01-30,1,Product Not as Expected
ORD001667,CUST01174,PROD009,Home & Lifestyle,1999,499.75,1499.25,3.9,0,3,standard,card,2026-03-23,0,
ORD001668,CUST01585,PROD018,Books,499,99.8,399.2,3.9,1,1,express,upi,2025-11-13,0,
ORD001669,CUST00686,PROD006,Books,1299,129.9,1169.1,2.7,0,2,express,card,2026-05-15,0,
ORD001670,CUST01351,PROD001,Beauty,1999,0.0,1999.0,2.7,1,2,express,cod,2025-09-24,0,
ORD001671,CUST01825,PROD013,Home & Lifestyle,2999,0.0,2999.0,3.4,2,1,express,cod,2026-03-04,0,
ORD001672,CUST00725,PROD004,Books,499,149.7,349.3,4.0,5,6,standard,card,2026-02-05,1,Ordered by Mistake
ORD001673,CUST00593,PROD019,Electronics,1299,259.8,1039.2,3.9,2,1,express,card,2025-11-17,0,
ORD001674,CUST01600,PROD014,Beauty,499,149.7,349.3,3.5,0,5,standard,card,2025-10-27,0,
ORD001675,CUST01207,PROD018,Books,499,74.85,424.15,3.9,3,5,standard,wallet,2026-08-14,1,Better Price Elsewhere
ORD001676,CUST01369,PROD010,Fashion,1299,259.8,1039.2,4.5,0,5,standard,card,2026-07-18,0,
ORD001677,CUST00731,PROD020,Books,4999,499.9,4499.1,2.7,6,1,express,cod,2026-03-18,0,
ORD001678,CUST01251,PROD017,Beauty,299,74.75,224.25,4.6,3,1,express,upi,2025-11-06,1,Damaged/Defective
ORD001679,CUST01193,PROD008,Home & Lifestyle,1299,0.0,1299.0,3.6,0,2,express,card,2025-11-26,0,
ORD001680,CUST01598,PROD005,Fashion,1299,0.0,1299.0,2.9,0,6,standard,card,2026-01-30,0,
ORD001681,CUST00233,PROD017,Beauty,299,0.0,299.0,4.7,0,3,standard,upi,2025-12-31,1,Damaged/Defective
ORD001682,CUST01752,PROD015,Beauty,2999,299.9,2699.1,2.7,7,2,express,upi,2025-10-02,1,Better Price Elsewhere
ORD001683,CUST01677,PROD011,Fashion,299,44.85,254.15,2.8,0,5,standard,upi,2026-02-16,0,
ORD001684,CUST01232,PROD019,Electronics,1299,0.0,1299.0,4.2,0,4,standard,card,2026-02-17,0,
ORD001685,CUST01128,PROD006,Books,1299,0.0,1299.0,2.4,2,3,standard,cod,2026-05-25,0,
ORD001686,CUST00867,PROD005,Fashion,1299,389.7,909.3,2.9,2,4,standard,card,2026-06-05,1,Damaged/Defective
ORD001687,CUST00883,PROD020,Books,4999,1999.6,2999.4,3.0,0,8,economy,card,2025-10-16,1,Ordered by Mistake
ORD001688,CUST00369,PROD011,Fashion,299,29.9,269.1,2.3,4,2,express,card,2025-11-27,1,Changed Mind
ORD001689,CUST00850,PROD002,Books,4999,499.9,4499.1,3.7,2,1,express,upi,2025-11-14,0,
ORD001690,CUST01070,PROD014,Beauty,499,124.75,374.25,3.8,1,1,express,upi,2026-07-24,0,
ORD001691,CUST01015,PROD014,Beauty,499,74.85,424.15,3.5,1,8,economy,upi,2026-07-31,1,Late Delivery
ORD001692,CUST00604,PROD019,Electronics,1299,129.9,1169.1,3.8,2,5,standard,upi,2026-02-05,0,
ORD001693,CUST00997,PROD004,Books,499,124.75,374.25,4.3,0,4,standard,upi,2025-09-20,1,Wrong Size
ORD001694,CUST01761,PROD007,Fashion,1299,324.75,974.25,4.9,2,3,standard,card,2026-04-18,0,
ORD001695,CUST01842,PROD016,Beauty,499,74.85,424.15,3.6,0,5,standard,upi,2026-01-07,1,Product Not as Expected
ORD001696,CUST01458,PROD017,Beauty,299,44.85,254.15,4.7,4,1,express,upi,2026-05-11,0,
ORD001697,CUST01394,PROD019,Electronics,1299,259.8,1039.2,4.1,2,3,standard,upi,2025-09-28,0,
ORD001698,CUST00153,PROD017,Beauty,299,44.85,254.15,4.5,5,2,express,upi,2026-09-01,1,Changed Mind
ORD001699,CUST01045,PROD016,Beauty,499,49.9,449.1,3.2,0,1,express,card,2025-09-29,1,Ordered by Mistake
ORD001700,CUST00880,PROD015,Beauty,2999,449.85,2549.15,2.6,2,1,express,upi,2026-08-29,1,Changed Mind
ORD001701,CUST01850,PROD020,Books,4999,749.85,4249.15,2.8,1,6,standard,cod,2026-08-05,0,
ORD001702,CUST01691,PROD006,Books,1299,0.0,1299.0,2.7,1,2,express,wallet,2026-06-28,1,Quality Issues
ORD001703,CUST00105,PROD005,Fashion,1299,0.0,1299.0,3.0,0,3,standard,cod,2026-02-05,1,Quality Issues
ORD001704,CUST01985,PROD017,Beauty,299,0.0,299.0,4.9,7,6,standard,cod,2026-03-04,1,Late Delivery
ORD001705,CUST00039,PROD012,Beauty,4999,1499.7,3499.3,4.3,3,2,express,card,2026-01-19,0,
ORD001706,CUST00741,PROD005,Fashion,1299,129.9,1169.1,2.8,2,6,standard,card,2025-10-06,1,Better Price Elsewhere
ORD001707,CUST00884,PROD017,Beauty,299,74.75,224.25,4.8,4,1,express,card,2026-07-11,1,Quality Issues
ORD001708,CUST00035,PROD018,Books,499,0.0,499.0,3.7,6,6,standard,upi,2026-07-02,1,Wrong Size
ORD001709,CUST01217,PROD006,Books,1299,259.8,1039.2,2.5,2,1,express,upi,2026-08-11,0,
ORD001710,CUST01988,PROD001,Beauty,1999,199.9,1799.1,2.8,6,5,standard,card,2026-01-26,1,Better Price Elsewhere
ORD001711,CUST00600,PROD005,Fashion,1299,194.85,1104.15,2.8,0,1,express,upi,2025-10-17,0,
ORD001712,CUST00594,PROD013,Home & Lifestyle,2999,449.85,2549.15,3.7,0,1,express,upi,2025-12-22,0,
ORD001713,CUST01632,PROD002,Books,4999,0.0,4999.0,3.8,1,4,standard,card,2026-05-19,0,
ORD001714,CUST00459,PROD008,Home & Lifestyle,1299,259.8,1039.2,3.7,2,5,standard,card,2025-10-16,0,
ORD001715,CUST00814,PROD001,Beauty,1999,199.9,1799.1,2.9,1,5,standard,cod,2026-05-01,1,Quality Issues
ORD001716,CUST00336,PROD013,Home & Lifestyle,2999,0.0,2999.0,3.6,3,5,standard,card,2026-06-03,0,
ORD001717,CUST00653,PROD015,Beauty,2999,599.8,2399.2,2.5,2,3,standard,card,2025-09-14,0,
ORD001718,CUST00895,PROD003,Home & Lifestyle,1999,299.85,1699.15,3.6,5,4,standard,card,2025-10-24,0,
ORD001719,CUST00086,PROD002,Books,4999,1999.6,2999.4,3.6,6,3,standard,card,2026-05-17,0,
ORD001720,CUST01789,PROD010,Fashion,1299,519.6,779.4,4.7,4,1,express,card,2025-11-03,1,Better Price Elsewhere
ORD001721,CUST00495,PROD018,Books,499,0.0,499.0,3.4,1,1,express,upi,2026-04-05,0,
ORD001722,CUST00674,PROD005,Fashion,1299,129.9,1169.1,2.8,5,5,standard,upi,2026-01-17,0,
ORD001723,CUST01948,PROD020,Books,4999,749.85,4249.15,2.8,7,5,standard,card,2025-12-01,0,
ORD001724,CUST00126,PROD011,Fashion,299,74.75,224.25,2.6,0,5,standard,wallet,2026-04-06,0,
ORD001725,CUST00907,PROD001,Beauty,1999,199.9,1799.1,2.9,6,2,express,card,2026-06-11,0,
ORD001726,CUST01351,PROD004,Books,499,49.9,449.1,4.0,3,2,express,upi,2025-12-02,0,
ORD001727,CUST01128,PROD015,Beauty,2999,299.9,2699.1,2.6,0,4,standard,wallet,2026-02-05,0,
ORD001728,CUST00762,PROD010,Fashion,1299,0.0,1299.0,4.9,1,8,economy,cod,2026-04-07,0,
ORD001729,CUST00359,PROD014,Beauty,499,49.9,449.1,3.8,2,3,standard,upi,2026-07-24,0,
ORD001730,CUST00076,PROD017,Beauty,299,74.75,224.25,4.5,7,4,standard,card,2026-06-18,1,Wrong Size
ORD001731,CUST01106,PROD012,Beauty,4999,499.9,4499.1,3.8,4,2,express,card,2026-05-07,0,
ORD001732,CUST00202,PROD007,Fashion,1299,129.9,1169.1,4.6,2,6,standard,card,2026-05-16,1,Quality Issues
ORD001733,CUST00448,PROD013,Home & Lifestyle,2999,449.85,2549.15,3.5,2,2,express,card,2026-05-06,0,
ORD001734,CUST00320,PROD010,Fashion,1299,129.9,1169.1,4.7,0,2,express,card,2025-11-29,1,Late Delivery
ORD001735,CUST00188,PROD011,Fashion,299,29.9,269.1,2.5,2,6,standard,card,2026-05-17,0,
ORD001736,CUST01223,PROD002,Books,4999,1249.75,3749.25,3.6,0,2,express,cod,2025-12-30,1,Late Delivery
ORD001737,CUST00051,PROD002,Books,4999,0.0,4999.0,3.7,1,5,standard,card,2026-03-21,1,Better Price Elsewhere
ORD001738,CUST01830,PROD018,Books,499,0.0,499.0,3.7,0,11,economy,upi,2026-07-08,0,
ORD001739,CUST00070,PROD006,Books,1299,129.9,1169.1,2.4,1,5,standard,card,2026-04-25,1,Product Not as Expected
ORD001740,CUST00944,PROD013,Home & Lifestyle,2999,299.9,2699.1,3.5,1,5,standard,cod,2026-08-01,0,
ORD001741,CUST00685,PROD016,Beauty,499,149.7,349.3,3.4,0,3,standard,cod,2026-02-24,0,
ORD001742,CUST01782,PROD005,Fashion,1299,129.9,1169.1,3.0,3,4,standard,card,2026-07-24,1,Damaged/Defective
ORD001743,CUST01382,PROD005,Fashion,1299,194.85,1104.15,2.7,1,1,express,card,2026-02-22,1,Product Not as Expected
ORD001744,CUST01320,PROD001,Beauty,1999,199.9,1799.1,3.1,1,1,express,card,2026-06-24,0,
ORD001745,CUST00396,PROD015,Beauty,2999,0.0,2999.0,2.8,1,3,standard,card,2026-04-25,1,Quality Issues
ORD001746,CUST00785,PROD011,Fashion,299,59.8,239.2,2.3,6,2,express,upi,2025-10-30,1,Better Price Elsewhere
ORD001747,CUST01563,PROD010,Fashion,1299,129.9,1169.1,4.5,1,6,standard,upi,2025-09-10,0,
ORD001748,CUST01253,PROD015,Beauty,2999,0.0,2999.0,2.6,4,6,standard,card,2026-04-29,1,Product Not as Expected
ORD001749,CUST00243,PROD019,Electronics,1299,324.75,974.25,3.8,2,1,express,cod,2026-04-18,1,Damaged/Defective
ORD001750,CUST01084,PROD017,Beauty,299,29.9,269.1,4.8,2,1,express,card,2026-07-15,1,Ordered by Mistake
ORD001751,CUST00782,PROD017,Beauty,299,0.0,299.0,4.6,0,4,standard,upi,2025-12-18,0,
ORD001752,CUST00499,PROD002,Books,4999,0.0,4999.0,3.7,7,2,express,cod,2025-09-26,0,
ORD001753,CUST01918,PROD014,Beauty,499,99.8,399.2,3.6,0,8,economy,upi,2025-10-04,0,
ORD001754,CUST01937,PROD017,Beauty,299,29.9,269.1,4.9,0,1,express,cod,2026-06-13,0,
ORD001755,CUST00929,PROD001,Beauty,1999,199.9,1799.1,2.7,4,6,standard,upi,2026-03-03,1,Product Not as Expected
ORD001756,CUST01034,PROD014,Beauty,499,0.0,499.0,3.6,2,6,standard,cod,2025-10-27,1,Better Price Elsewhere
ORD001757,CUST01824,PROD007,Fashion,1299,0.0,1299.0,4.4,0,4,standard,upi,2026-06-07,0,
ORD001758,CUST00059,PROD015,Beauty,2999,599.8,2399.2,2.5,3,3,standard,card,2026-02-24,0,
ORD001759,CUST01861,PROD012,Beauty,4999,499.9,4499.1,3.9,0,5,standard,upi,2026-05-13,0,
ORD001760,CUST00472,PROD011,Fashion,299,59.8,239.2,2.6,6,4,standard,upi,2026-06-16,0,
ORD001761,CUST01209,PROD014,Beauty,499,74.85,424.15,3.6,2,1,express,card,2026-02-23,0,
ORD001762,CUST01360,PROD016,Beauty,499,74.85,424.15,3.5,4,1,express,upi,2026-05-03,0,
ORD001763,CUST01451,PROD011,Fashion,299,119.6,179.4,2.5,0,5,standard,cod,2025-09-22,0,
ORD001764,CUST00311,PROD012,Beauty,4999,999.8,3999.2,3.9,5,5,standard,card,2026-03-22,1,Ordered by Mistake
ORD001765,CUST01836,PROD016,Beauty,499,199.6,299.4,3.2,0,4,standard,upi,2025-12-26,1,Late Delivery
ORD001766,CUST00727,PROD014,Beauty,499,49.9,449.1,3.7,3,5,standard,card,2026-06-28,1,Wrong Size
ORD001767,CUST00460,PROD002,Books,4999,0.0,4999.0,3.4,1,1,express,upi,2026-06-08,0,
ORD001768,CUST00158,PROD003,Home & Lifestyle,1999,0.0,1999.0,3.9,1,3,standard,card,2026-05-31,0,
ORD001769,CUST01269,PROD002,Books,4999,749.85,4249.15,3.6,0,2,express,card,2026-05-11,0,
ORD001770,CUST00973,PROD008,Home & Lifestyle,1299,129.9,1169.1,3.4,1,2,express,upi,2026-04-16,0,
ORD001771,CUST00440,PROD019,Electronics,1299,0.0,1299.0,3.7,5,5,standard,wallet,2026-03-15,0,
ORD001772,CUST01409,PROD002,Books,4999,999.8,3999.2,3.6,3,6,standard,card,2026-01-07,1,Changed Mind
ORD001773,CUST01185,PROD011,Fashion,299,0.0,299.0,2.5,2,7,economy,card,2025-11-15,1,Quality Issues
ORD001774,CUST01347,PROD002,Books,4999,749.85,4249.15,3.3,1,4,standard,wallet,2026-07-25,0,
ORD001775,CUST00466,PROD008,Home & Lifestyle,1299,194.85,1104.15,4.0,7,2,express,card,2026-06-05,0,
ORD001776,CUST01057,PROD010,Fashion,1299,259.8,1039.2,4.4,2,3,standard,upi,2026-02-17,0,
ORD001777,CUST01784,PROD020,Books,4999,999.8,3999.2,3.2,0,6,standard,cod,2025-12-25,0,
ORD001778,CUST00477,PROD010,Fashion,1299,129.9,1169.1,4.6,0,5,standard,card,2025-10-13,0,
ORD001779,CUST01017,PROD005,Fashion,1299,0.0,1299.0,3.0,2,4,standard,upi,2026-05-02,1,Wrong Size
ORD001780,CUST00842,PROD007,Fashion,1299,0.0,1299.0,5.0,4,6,standard,card,2026-08-21,1,Ordered by Mistake
ORD001781,CUST00183,PROD003,Home & Lifestyle,1999,399.8,1599.2,3.9,4,2,express,upi,2026-03-23,0,
ORD001782,CUST00969,PROD009,Home & Lifestyle,1999,0.0,1999.0,3.8,0,1,express,upi,2026-07-11,0,
ORD001783,CUST01877,PROD004,Books,499,149.7,349.3,4.1,1,11,economy,card,2025-09-30,0,
ORD001784,CUST01276,PROD020,Books,4999,0.0,4999.0,2.8,1,6,standard,cod,2025-12-12,0,
ORD001785,CUST01778,PROD011,Fashion,299,29.9,269.1,2.3,4,1,express,cod,2026-02-20,0,
ORD001786,CUST01128,PROD001,Beauty,1999,299.85,1699.15,2.9,0,4,standard,card,2025-10-04,0,
ORD001787,CUST01157,PROD003,Home & Lifestyle,1999,199.9,1799.1,3.8,0,1,express,cod,2026-01-27,0,
ORD001788,CUST00457,PROD004,Books,499,199.6,299.4,4.1,5,2,express,card,2026-01-03,1,Late Delivery
ORD001789,CUST00638,PROD014,Beauty,499,0.0,499.0,3.3,1,4,standard,card,2026-08-26,0,
ORD001790,CUST00695,PROD003,Home & Lifestyle,1999,799.6,1199.4,4.1,0,5,standard,cod,2026-02-13,1,Better Price Elsewhere
ORD001791,CUST00660,PROD019,Electronics,1299,259.8,1039.2,3.7,1,1,express,card,2025-09-19,0,
ORD001792,CUST00042,PROD008,Home & Lifestyle,1299,0.0,1299.0,4.0,2,5,standard,cod,2026-06-24,1,Damaged/Defective
ORD001793,CUST01733,PROD016,Beauty,499,199.6,299.4,3.4,1,3,standard,upi,2026-09-04,1,Wrong Size
ORD001794,CUST01977,PROD002,Books,4999,1499.7,3499.3,3.8,4,4,standard,card,2026-07-22,0,
ORD001795,CUST01454,PROD018,Books,499,74.85,424.15,3.8,0,3,standard,upi,2026-05-17,1,Wrong Size
ORD001796,CUST01933,PROD012,Beauty,4999,499.9,4499.1,4.2,3,3,standard,card,2026-02-13,0,
ORD001797,CUST01244,PROD020,Books,4999,0.0,4999.0,3.0,5,9,economy,upi,2026-05-19,1,Product Not as Expected
ORD001798,CUST00295,PROD013,Home & Lifestyle,2999,299.9,2699.1,3.6,1,4,standard,card,2025-10-03,0,
ORD001799,CUST00992,PROD019,Electronics,1299,389.7,909.3,3.8,0,11,economy,upi,2026-08-17,0,
ORD001800,CUST01767,PROD012,Beauty,4999,999.8,3999.2,4.0,8,4,standard,card,2026-06-18,0,
ORD001801,CUST01042,PROD002,Books,4999,999.8,3999.2,3.8,2,4,standard,card,2026-04-25,0,
ORD001802,CUST00244,PROD016,Beauty,499,149.7,349.3,3.4,0,6,standard,upi,2026-03-14,1,Quality Issues
ORD001803,CUST00919,PROD014,Beauty,499,124.75,374.25,3.7,0,4,standard,upi,2026-02-26,0,
ORD001804,CUST01925,PROD019,Electronics,1299,0.0,1299.0,3.7,0,3,standard,wallet,2026-01-21,0,
ORD001805,CUST00207,PROD018,Books,499,0.0,499.0,3.6,0,3,standard,upi,2026-08-15,0,
ORD001806,CUST00257,PROD018,Books,499,0.0,499.0,3.8,0,9,economy,cod,2025-12-31,1,Better Price Elsewhere
ORD001807,CUST01013,PROD009,Home & Lifestyle,1999,199.9,1799.1,3.8,0,6,standard,upi,2026-07-16,0,
ORD001808,CUST00466,PROD017,Beauty,299,0.0,299.0,4.7,2,6,standard,upi,2026-01-29,0,
ORD001809,CUST00619,PROD012,Beauty,4999,999.8,3999.2,3.8,1,4,standard,card,2026-08-11,0,
ORD001810,CUST01712,PROD011,Fashion,299,29.9,269.1,2.8,3,2,express,card,2026-01-14,0,
ORD001811,CUST01865,PROD016,Beauty,499,49.9,449.1,3.7,3,4,standard,upi,2026-03-19,1,Product Not as Expected
ORD001812,CUST00993,PROD013,Home & Lifestyle,2999,749.75,2249.25,3.5,6,3,standard,card,2026-09-09,0,
ORD001813,CUST00265,PROD003,Home & Lifestyle,1999,499.75,1499.25,3.9,3,5,standard,card,2026-03-03,0,
ORD001814,CUST01016,PROD011,Fashion,299,0.0,299.0,2.8,7,4,standard,card,2025-09-25,1,Product Not as Expected
ORD001815,CUST00790,PROD002,Books,4999,499.9,4499.1,3.7,4,3,standard,wallet,2026-08-01,1,Better Price Elsewhere
ORD001816,CUST00991,PROD019,Electronics,1299,324.75,974.25,4.1,0,5,standard,cod,2026-05-16,0,
ORD001817,CUST00826,PROD007,Fashion,1299,324.75,974.25,4.6,0,5,standard,card,2025-10-26,0,
ORD001818,CUST00722,PROD003,Home & Lifestyle,1999,199.9,1799.1,4.0,4,3,standard,cod,2026-03-07,0,
ORD001819,CUST01641,PROD015,Beauty,2999,299.9,2699.1,2.5,0,6,standard,upi,2026-04-07,1,Quality Issues
ORD001820,CUST00014,PROD003,Home & Lifestyle,1999,0.0,1999.0,3.8,0,4,standard,cod,2026-03-20,1,Changed Mind
ORD001821,CUST00362,PROD003,Home & Lifestyle,1999,0.0,1999.0,3.8,3,3,standard,card,2026-06-03,0,
ORD001822,CUST01827,PROD017,Beauty,299,74.75,224.25,4.9,0,1,express,upi,2025-11-11,0,
ORD001823,CUST01601,PROD008,Home & Lifestyle,1299,259.8,1039.2,3.9,2,4,standard,card,2026-03-25,1,Changed Mind
ORD001824,CUST01574,PROD005,Fashion,1299,519.6,779.4,3.1,2,3,standard,upi,2026-01-05,1,Ordered by Mistake
ORD001825,CUST01344,PROD013,Home & Lifestyle,2999,599.8,2399.2,3.2,4,5,standard,upi,2025-11-30,1,Wrong Size
ORD001826,CUST01878,PROD005,Fashion,1299,0.0,1299.0,2.9,3,5,standard,card,2025-10-07,1,Damaged/Defective
ORD001827,CUST01648,PROD004,Books,499,0.0,499.0,4.3,0,3,standard,cod,2025-09-19,1,Quality Issues
ORD001828,CUST00785,PROD018,Books,499,99.8,399.2,4.0,0,3,standard,upi,2026-08-18,0,
ORD001829,CUST00518,PROD012,Beauty,4999,0.0,4999.0,4.1,1,1,express,cod,2026-08-16,0,
ORD001830,CUST01389,PROD013,Home & Lifestyle,2999,1199.6,1799.4,3.7,2,3,standard,upi,2025-10-04,0,
ORD001831,CUST01620,PROD012,Beauty,4999,499.9,4499.1,4.3,2,5,standard,card,2026-02-22,1,Ordered by Mistake
ORD001832,CUST00394,PROD001,Beauty,1999,0.0,1999.0,3.0,0,6,standard,card,2025-10-05,0,
ORD001833,CUST00073,PROD004,Books,499,0.0,499.0,4.2,0,4,standard,card,2026-01-27,0,
ORD001834,CUST01447,PROD013,Home & Lifestyle,2999,749.75,2249.25,3.6,0,2,express,card,2025-09-11,0,
ORD001835,CUST01365,PROD010,Fashion,1299,0.0,1299.0,4.7,5,9,economy,card,2025-11-24,0,
ORD001836,CUST01372,PROD006,Books,1299,0.0,1299.0,2.9,6,2,express,card,2026-08-06,0,
ORD001837,CUST01847,PROD015,Beauty,2999,0.0,2999.0,2.8,1,1,express,cod,2025-10-26,1,Product Not as Expected
ORD001838,CUST01398,PROD017,Beauty,299,0.0,299.0,4.8,1,3,standard,wallet,2025-10-30,1,Wrong Size
ORD001839,CUST00355,PROD003,Home & Lifestyle,1999,199.9,1799.1,3.7,4,10,economy,cod,2026-07-21,1,Ordered by Mistake
ORD001840,CUST01789,PROD014,Beauty,499,49.9,449.1,3.4,4,8,economy,card,2025-12-27,0,
ORD001841,CUST01580,PROD004,Books,499,124.75,374.25,4.4,5,2,express,card,2026-06-09,1,Ordered by Mistake
ORD001842,CUST00616,PROD019,Electronics,1299,324.75,974.25,4.0,3,1,express,card,2026-04-04,0,
ORD001843,CUST01719,PROD001,Beauty,1999,199.9,1799.1,2.7,6,4,standard,upi,2026-05-21,0,
ORD001844,CUST01906,PROD004,Books,499,74.85,424.15,4.5,3,1,express,card,2026-09-04,0,
ORD001845,CUST00408,PROD014,Beauty,499,199.6,299.4,3.7,3,10,economy,cod,2026-01-03,1,Ordered by Mistake
ORD001846,CUST01270,PROD005,Fashion,1299,129.9,1169.1,2.8,1,3,standard,wallet,2026-04-13,0,
ORD001847,CUST00672,PROD007,Fashion,1299,129.9,1169.1,4.6,0,2,express,upi,2026-01-07,0,
ORD001848,CUST01027,PROD018,Books,499,74.85,424.15,3.8,0,3,standard,card,2025-10-31,0,
ORD001849,CUST01327,PROD013,Home & Lifestyle,2999,449.85,2549.15,3.5,0,6,standard,upi,2026-05-14,0,
ORD001850,CUST00628,PROD008,Home & Lifestyle,1299,259.8,1039.2,3.9,4,4,standard,card,2026-03-26,0,
ORD001851,CUST00408,PROD014,Beauty,499,0.0,499.0,3.3,2,9,economy,card,2025-12-24,0,
ORD001852,CUST00025,PROD002,Books,4999,999.8,3999.2,3.3,2,5,standard,card,2025-09-28,0,
ORD001853,CUST00473,PROD014,Beauty,499,0.0,499.0,3.5,0,4,standard,wallet,2026-02-25,0,
ORD001854,CUST00955,PROD003,Home & Lifestyle,1999,499.75,1499.25,3.8,3,9,economy,cod,2026-02-21,1,Ordered by Mistake
ORD001855,CUST01208,PROD005,Fashion,1299,259.8,1039.2,3.1,2,1,express,card,2026-06-23,0,
ORD001856,CUST00939,PROD017,Beauty,299,0.0,299.0,4.6,4,5,standard,card,2026-06-17,0,
ORD001857,CUST00397,PROD012,Beauty,4999,1249.75,3749.25,4.1,3,5,standard,card,2026-01-02,0,
ORD001858,CUST01328,PROD004,Books,499,99.8,399.2,3.9,1,6,standard,upi,2026-04-04,1,Better Price Elsewhere
ORD001859,CUST01275,PROD013,Home & Lifestyle,2999,0.0,2999.0,3.1,5,5,standard,cod,2026-01-29,1,Product Not as Expected
ORD001860,CUST00953,PROD001,Beauty,1999,0.0,1999.0,2.8,5,2,express,card,2026-05-04,1,Late Delivery
ORD001861,CUST01813,PROD020,Books,4999,499.9,4499.1,3.1,5,5,standard,upi,2025-09-23,0,
ORD001862,CUST01224,PROD009,Home & Lifestyle,1999,199.9,1799.1,4.0,4,10,economy,wallet,2025-12-20,1,Product Not as Expected
ORD001863,CUST01591,PROD013,Home & Lifestyle,2999,899.7,2099.3,3.3,0,6,standard,card,2026-01-16,0,
ORD001864,CUST01889,PROD013,Home & Lifestyle,2999,599.8,2399.2,3.1,0,4,standard,card,2026-08-08,0,
ORD001865,CUST00370,PROD002,Books,4999,0.0,4999.0,3.3,0,6,standard,card,2026-06-10,1,Changed Mind
ORD001866,CUST01606,PROD020,Books,4999,1249.75,3749.25,2.9,1,1,express,cod,2025-12-18,0,
ORD001867,CUST01002,PROD010,Fashion,1299,194.85,1104.15,4.4,2,11,economy,card,2026-02-13,0,
ORD001868,CUST01206,PROD007,Fashion,1299,324.75,974.25,4.9,1,3,standard,card,2026-07-05,0,
ORD001869,CUST00252,PROD011,Fashion,299,74.75,224.25,2.3,4,6,standard,upi,2026-02-03,1,Quality Issues
ORD001870,CUST01275,PROD002,Books,4999,1499.7,3499.3,3.4,2,8,economy,card,2026-07-12,0,
ORD001871,CUST01067,PROD006,Books,1299,0.0,1299.0,2.8,3,1,express,cod,2026-09-07,1,Ordered by Mistake
ORD001872,CUST01767,PROD002,Books,4999,749.85,4249.15,3.6,1,1,express,upi,2025-09-30,0,
ORD001873,CUST00426,PROD017,Beauty,299,0.0,299.0,4.7,0,4,standard,cod,2026-04-19,0,
ORD001874,CUST00254,PROD016,Beauty,499,0.0,499.0,3.5,3,6,standard,card,2026-04-27,1,Damaged/Defective
ORD001875,CUST00361,PROD016,Beauty,499,49.9,449.1,3.5,6,1,express,card,2026-03-03,0,
ORD001876,CUST01972,PROD005,Fashion,1299,259.8,1039.2,3.0,6,3,standard,upi,2026-05-28,1,Wrong Size
ORD001877,CUST00699,PROD002,Books,4999,0.0,4999.0,3.3,4,6,standard,wallet,2026-09-01,0,
ORD001878,CUST01942,PROD013,Home & Lifestyle,2999,0.0,2999.0,3.6,4,2,express,wallet,2025-11-07,1,Late Delivery
ORD001879,CUST01646,PROD019,Electronics,1299,129.9,1169.1,4.0,4,5,standard,card,2026-02-07,0,
ORD001880,CUST00776,PROD010,Fashion,1299,129.9,1169.1,4.9,6,5,standard,card,2025-12-11,0,
ORD001881,CUST01622,PROD014,Beauty,499,149.7,349.3,3.4,1,6,standard,card,2025-12-26,0,
ORD001882,CUST00271,PROD020,Books,4999,1249.75,3749.25,2.8,0,3,standard,card,2025-12-26,0,
ORD001883,CUST00811,PROD003,Home & Lifestyle,1999,499.75,1499.25,3.8,0,5,standard,upi,2025-10-19,1,Better Price Elsewhere
ORD001884,CUST01549,PROD017,Beauty,299,89.7,209.3,4.8,0,4,standard,card,2025-09-25,0,
ORD001885,CUST01940,PROD016,Beauty,499,149.7,349.3,3.4,4,5,standard,card,2026-05-21,1,Product Not as Expected
ORD001886,CUST01568,PROD020,Books,4999,999.8,3999.2,2.8,3,4,standard,upi,2026-06-13,1,Wrong Size
ORD001887,CUST00248,PROD011,Fashion,299,0.0,299.0,2.3,1,2,express,card,2025-12-05,1,Product Not as Expected
ORD001888,CUST00937,PROD017,Beauty,299,89.7,209.3,4.6,4,6,standard,upi,2025-12-26,1,Wrong Size
ORD001889,CUST00818,PROD009,Home & Lifestyle,1999,399.8,1599.2,4.1,3,2,express,wallet,2026-08-23,0,
ORD001890,CUST01970,PROD017,Beauty,299,0.0,299.0,4.7,6,2,express,wallet,2026-02-24,1,Changed Mind
ORD001891,CUST00781,PROD003,Home & Lifestyle,1999,0.0,1999.0,3.6,5,4,standard,upi,2026-07-16,0,
ORD001892,CUST01165,PROD014,Beauty,499,74.85,424.15,3.6,4,4,standard,cod,2026-01-16,0,
ORD001893,CUST01622,PROD001,Beauty,1999,499.75,1499.25,2.8,0,11,economy,upi,2025-11-10,0,
ORD001894,CUST01685,PROD010,Fashion,1299,129.9,1169.1,4.6,1,2,express,card,2026-03-21,0,
ORD001895,CUST01453,PROD011,Fashion,299,59.8,239.2,2.5,5,8,economy,card,2026-02-22,1,Ordered by Mistake
ORD001896,CUST00848,PROD020,Books,4999,999.8,3999.2,3.0,0,9,economy,cod,2026-08-05,0,
ORD001897,CUST00185,PROD007,Fashion,1299,194.85,1104.15,4.5,1,1,express,cod,2026-08-17,1,Damaged/Defective
ORD001898,CUST01551,PROD020,Books,4999,0.0,4999.0,3.1,2,2,express,card,2026-05-22,0,
ORD001899,CUST00777,PROD001,Beauty,1999,799.6,1199.4,3.0,3,3,standard,upi,2026-03-19,1,Wrong Size
ORD001900,CUST00568,PROD012,Beauty,4999,749.85,4249.15,4.1,2,2,express,cod,2025-11-06,1,Changed Mind
ORD001901,CUST00308,PROD005,Fashion,1299,0.0,1299.0,3.0,3,4,standard,card,2025-09-13,0,
ORD001902,CUST01727,PROD007,Fashion,1299,0.0,1299.0,4.6,2,4,standard,cod,2026-03-17,0,
ORD001903,CUST00555,PROD006,Books,1299,259.8,1039.2,2.5,3,6,standard,cod,2026-04-12,0,
ORD001904,CUST00600,PROD019,Electronics,1299,0.0,1299.0,3.9,0,6,standard,card,2026-06-01,1,Product Not as Expected
ORD001905,CUST01064,PROD005,Fashion,1299,519.6,779.4,3.0,0,2,express,upi,2026-01-08,1,Late Delivery
ORD001906,CUST00476,PROD020,Books,4999,0.0,4999.0,2.8,4,3,standard,upi,2025-10-07,1,Late Delivery
ORD001907,CUST01790,PROD004,Books,499,74.85,424.15,4.0,1,10,economy,card,2026-06-21,0,
ORD001908,CUST01601,PROD011,Fashion,299,29.9,269.1,2.6,1,6,standard,upi,2026-06-08,0,
ORD001909,CUST00304,PROD011,Fashion,299,89.7,209.3,2.3,0,6,standard,card,2026-02-28,1,Damaged/Defective
ORD001910,CUST01072,PROD020,Books,4999,999.8,3999.2,3.1,0,1,express,card,2025-11-29,0,
ORD001911,CUST00676,PROD011,Fashion,299,0.0,299.0,2.8,1,3,standard,wallet,2026-05-23,0,
ORD001912,CUST00424,PROD019,Electronics,1299,194.85,1104.15,3.6,1,5,standard,card,2025-10-24,0,
ORD001913,CUST00815,PROD011,Fashion,299,0.0,299.0,2.6,0,6,standard,upi,2026-07-26,1,Damaged/Defective
ORD001914,CUST01526,PROD005,Fashion,1299,194.85,1104.15,3.0,0,4,standard,cod,2025-09-13,1,Changed Mind
ORD001915,CUST00009,PROD001,Beauty,1999,499.75,1499.25,3.0,2,6,standard,card,2025-10-19,1,Changed Mind
ORD001916,CUST01489,PROD007,Fashion,1299,0.0,1299.0,4.9,5,10,economy,card,2026-05-29,1,Quality Issues
ORD001917,CUST00053,PROD016,Beauty,499,0.0,499.0,3.2,1,1,express,upi,2025-12-04,1,Ordered by Mistake
ORD001918,CUST00978,PROD005,Fashion,1299,0.0,1299.0,2.9,0,5,standard,cod,2026-06-22,0,
ORD001919,CUST00524,PROD003,Home & Lifestyle,1999,199.9,1799.1,3.8,0,5,standard,card,2026-06-05,1,Changed Mind
ORD001920,CUST00157,PROD003,Home & Lifestyle,1999,0.0,1999.0,4.1,0,3,standard,card,2026-03-01,0,
ORD001921,CUST00802,PROD015,Beauty,2999,449.85,2549.15,2.5,2,1,express,upi,2026-04-24,1,Wrong Size
ORD001922,CUST01845,PROD010,Fashion,1299,129.9,1169.1,4.5,0,5,standard,card,2025-11-12,0,
ORD001923,CUST00568,PROD015,Beauty,2999,0.0,2999.0,2.6,4,5,standard,card,2026-08-18,1,Damaged/Defective
ORD001924,CUST00503,PROD008,Home & Lifestyle,1299,324.75,974.25,3.6,4,3,standard,upi,2025-09-20,0,
ORD001925,CUST00804,PROD006,Books,1299,0.0,1299.0,2.5,3,2,express,upi,2025-11-28,1,Better Price Elsewhere
ORD001926,CUST00727,PROD016,Beauty,499,49.9,449.1,3.3,3,11,economy,card,2026-08-17,0,
ORD001927,CUST00067,PROD012,Beauty,4999,749.85,4249.15,4.1,0,6,standard,card,2026-07-11,0,
ORD001928,CUST00235,PROD016,Beauty,499,99.8,399.2,3.2,7,2,express,card,2026-08-06,0,
ORD001929,CUST00749,PROD017,Beauty,299,119.6,179.4,4.4,1,1,express,cod,2026-03-25,0,
ORD001930,CUST00987,PROD012,Beauty,4999,499.9,4499.1,4.4,0,5,standard,upi,2025-12-17,1,Damaged/Defective
ORD001931,CUST01753,PROD018,Books,499,0.0,499.0,3.4,0,8,economy,card,2026-05-24,1,Better Price Elsewhere
ORD001932,CUST00702,PROD010,Fashion,1299,129.9,1169.1,4.5,6,3,standard,wallet,2025-10-10,1,Changed Mind
ORD001933,CUST00012,PROD003,Home & Lifestyle,1999,199.9,1799.1,4.0,1,4,standard,upi,2026-02-23,0,
ORD001934,CUST00072,PROD006,Books,1299,129.9,1169.1,2.5,1,5,standard,card,2026-07-22,0,
ORD001935,CUST00134,PROD019,Electronics,1299,129.9,1169.1,3.7,0,2,express,upi,2026-07-10,0,
ORD001936,CUST01537,PROD005,Fashion,1299,194.85,1104.15,2.9,5,7,economy,card,2026-05-23,1,Late Delivery
ORD001937,CUST00025,PROD018,Books,499,49.9,449.1,3.7,1,5,standard,upi,2025-11-05,1,Better Price Elsewhere
ORD001938,CUST00010,PROD016,Beauty,499,0.0,499.0,3.7,3,1,express,card,2026-04-29,1,Better Price Elsewhere
ORD001939,CUST00234,PROD013,Home & Lifestyle,2999,1199.6,1799.4,3.2,4,5,standard,upi,2025-10-30,1,Wrong Size
ORD001940,CUST00068,PROD004,Books,499,99.8,399.2,4.0,3,9,economy,card,2026-04-06,1,Product Not as Expected
ORD001941,CUST00371,PROD008,Home & Lifestyle,1299,194.85,1104.15,3.6,1,5,standard,card,2026-08-20,1,Better Price Elsewhere
ORD001942,CUST00374,PROD007,Fashion,1299,129.9,1169.1,5.0,4,3,standard,card,2026-06-02,0,
ORD001943,CUST00089,PROD004,Books,499,49.9,449.1,4.3,1,1,express,card,2025-10-29,0,
ORD001944,CUST01917,PROD016,Beauty,499,0.0,499.0,3.3,7,4,standard,card,2026-06-19,1,Wrong Size
ORD001945,CUST00374,PROD010,Fashion,1299,129.9,1169.1,4.9,5,5,standard,wallet,2026-02-14,0,
ORD001946,CUST00419,PROD001,Beauty,1999,499.75,1499.25,2.7,1,4,standard,card,2026-04-14,0,
ORD001947,CUST01041,PROD008,Home & Lifestyle,1299,194.85,1104.15,3.6,3,3,standard,card,2026-01-19,0,
ORD001948,CUST00349,PROD005,Fashion,1299,194.85,1104.15,2.7,0,5,standard,cod,2026-04-15,0,
ORD001949,CUST01817,PROD019,Electronics,1299,129.9,1169.1,3.7,3,11,economy,card,2026-02-13,1,Changed Mind
ORD001950,CUST01604,PROD015,Beauty,2999,1199.6,1799.4,2.8,0,2,express,upi,2026-03-07,1,Wrong Size
ORD001951,CUST01129,PROD002,Books,4999,499.9,4499.1,3.3,8,6,standard,card,2025-11-26,0,
ORD001952,CUST01842,PROD017,Beauty,299,44.85,254.15,4.8,1,11,economy,card,2026-01-21,0,
ORD001953,CUST00184,PROD015,Beauty,2999,749.75,2249.25,2.8,0,3,standard,upi,2026-04-15,1,Quality Issues
ORD001954,CUST01853,PROD004,Books,499,199.6,299.4,4.1,0,1,express,upi,2026-01-21,1,Changed Mind
ORD001955,CUST01965,PROD013,Home & Lifestyle,2999,1199.6,1799.4,3.7,0,2,express,card,2026-01-25,0,
ORD001956,CUST00185,PROD012,Beauty,4999,999.8,3999.2,4.2,1,6,standard,card,2026-06-27,0,
ORD001957,CUST00997,PROD017,Beauty,299,74.75,224.25,4.6,4,3,standard,upi,2026-05-05,0,
ORD001958,CUST01781,PROD019,Electronics,1299,194.85,1104.15,3.7,3,7,economy,upi,2026-03-30,1,Wrong Size
ORD001959,CUST00730,PROD010,Fashion,1299,259.8,1039.2,4.8,3,4,standard,card,2025-11-12,0,
ORD001960,CUST01634,PROD008,Home & Lifestyle,1299,194.85,1104.15,3.7,0,3,standard,card,2025-10-04,0,
ORD001961,CUST00183,PROD012,Beauty,4999,999.8,3999.2,3.8,5,6,standard,card,2026-07-09,1,Late Delivery
ORD001962,CUST00475,PROD011,Fashion,299,59.8,239.2,2.5,2,1,express,card,2026-06-05,0,
ORD001963,CUST00180,PROD003,Home & Lifestyle,1999,399.8,1599.2,3.9,3,10,economy,card,2026-07-12,1,Late Delivery
ORD001964,CUST00010,PROD007,Fashion,1299,259.8,1039.2,4.7,1,1,express,card,2026-06-29,0,
ORD001965,CUST01708,PROD011,Fashion,299,74.75,224.25,2.4,1,2,express,card,2026-02-14,0,
ORD001966,CUST00547,PROD009,Home & Lifestyle,1999,0.0,1999.0,3.7,1,3,standard,cod,2026-06-30,0,
ORD001967,CUST00767,PROD015,Beauty,2999,1199.6,1799.4,2.4,4,1,express,cod,2026-06-26,1,Wrong Size
ORD001968,CUST00775,PROD014,Beauty,499,99.8,399.2,3.3,3,6,standard,card,2025-12-30,0,
ORD001969,CUST01460,PROD009,Home & Lifestyle,1999,199.9,1799.1,3.8,4,6,standard,upi,2026-04-08,1,Quality Issues
ORD001970,CUST00694,PROD004,Books,499,0.0,499.0,3.9,1,5,standard,upi,2026-07-16,1,Better Price Elsewhere
ORD001971,CUST00711,PROD002,Books,4999,0.0,4999.0,3.5,0,5,standard,upi,2025-09-12,0,
ORD001972,CUST01794,PROD014,Beauty,499,0.0,499.0,3.5,0,2,express,card,2026-07-06,0,
ORD001973,CUST00208,PROD001,Beauty,1999,0.0,1999.0,3.0,0,6,standard,cod,2025-09-30,0,
ORD001974,CUST01975,PROD003,Home & Lifestyle,1999,199.9,1799.1,4.0,0,1,express,upi,2025-09-28,0,
ORD001975,CUST00293,PROD020,Books,4999,999.8,3999.2,3.0,5,9,economy,card,2026-08-29,0,
ORD001976,CUST00979,PROD015,Beauty,2999,1199.6,1799.4,2.5,4,1,express,upi,2026-05-17,1,Better Price Elsewhere
ORD001977,CUST01639,PROD005,Fashion,1299,0.0,1299.0,2.9,5,2,express,upi,2026-05-15,1,Wrong Size
ORD001978,CUST01786,PROD009,Home & Lifestyle,1999,799.6,1199.4,3.7,1,3,standard,card,2025-10-20,0,
ORD001979,CUST01280,PROD003,Home & Lifestyle,1999,599.7,1399.3,3.7,1,7,economy,upi,2026-03-22,0,
ORD001980,CUST01064,PROD006,Books,1299,0.0,1299.0,2.3,1,1,express,card,2026-02-10,1,Damaged/Defective
ORD001981,CUST00081,PROD014,Beauty,499,0.0,499.0,3.5,4,4,standard,card,2025-12-11,0,
ORD001982,CUST01187,PROD014,Beauty,499,0.0,499.0,3.3,0,11,economy,upi,2026-05-10,1,Better Price Elsewhere
ORD001983,CUST01099,PROD001,Beauty,1999,0.0,1999.0,2.9,1,5,standard,card,2026-04-28,1,Better Price Elsewhere
ORD001984,CUST01600,PROD018,Books,499,99.8,399.2,3.5,3,11,economy,upi,2025-10-10,1,Quality Issues
ORD001985,CUST00446,PROD003,Home & Lifestyle,1999,0.0,1999.0,3.6,3,1,express,card,2025-11-08,1,Late Delivery
ORD001986,CUST00881,PROD004,Books,499,0.0,499.0,4.0,0,5,standard,card,2025-11-14,1,Damaged/Defective
ORD001987,CUST01780,PROD010,Fashion,1299,259.8,1039.2,4.7,1,1,express,cod,2026-03-26,0,
ORD001988,CUST00332,PROD011,Fashion,299,0.0,299.0,2.6,5,1,express,card,2025-12-01,1,Changed Mind
ORD001989,CUST00231,PROD020,Books,4999,1249.75,3749.25,2.9,0,5,standard,card,2025-12-23,0,
ORD001990,CUST01947,PROD017,Beauty,299,44.85,254.15,4.6,0,5,standard,card,2025-10-14,0,
ORD001991,CUST00835,PROD005,Fashion,1299,324.75,974.25,3.1,0,5,standard,card,2026-05-30,1,Ordered by Mistake
ORD001992,CUST01131,PROD019,Electronics,1299,0.0,1299.0,3.7,5,1,express,upi,2026-08-03,1,Product Not as Expected
ORD001993,CUST01601,PROD014,Beauty,499,124.75,374.25,3.7,6,4,standard,upi,2026-07-13,1,Ordered by Mistake
ORD001994,CUST01300,PROD012,Beauty,4999,499.9,4499.1,3.8,5,1,express,card,2026-02-27,0,
ORD001995,CUST00552,PROD004,Books,499,124.75,374.25,4.4,6,4,standard,upi,2026-07-06,0,
ORD001996,CUST01754,PROD003,Home & Lifestyle,1999,299.85,1699.15,3.7,7,2,express,cod,2025-11-22,0,
ORD001997,CUST00902,PROD010,Fashion,1299,0.0,1299.0,4.5,0,6,standard,card,2026-01-17,0,
ORD001998,CUST01236,PROD009,Home & Lifestyle,1999,0.0,1999.0,3.7,2,2,express,card,2025-12-21,0,
ORD001999,CUST00282,PROD001,Beauty,1999,0.0,1999.0,3.0,0,1,express,card,2025-12-31,1,Late Delivery
ORD002000,CUST00759,PROD017,Beauty,299,0.0,299.0,4.8,1,6,standard,card,2026-01-13,0,
ORD002001,CUST01503,PROD010,Fashion,1299,0.0,1299.0,5.0,0,10,economy,card,2026-05-25,0,
ORD002002,CUST01368,PROD013,Home & Lifestyle,2999,1199.6,1799.4,3.6,1,4,standard,card,2025-12-16,0,
ORD002003,CUST00807,PROD005,Fashion,1299,129.9,1169.1,2.6,2,5,standard,cod,2025-12-25,1,Quality Issues
ORD002004,CUST01365,PROD012,Beauty,4999,1999.6,2999.4,3.9,3,3,standard,card,2026-03-13,0,
ORD002005,CUST01562,PROD017,Beauty,299,44.85,254.15,4.4,3,5,standard,card,2025-12-19,0,
ORD002006,CUST00525,PROD015,Beauty,2999,899.7,2099.3,2.4,3,8,economy,card,2026-05-12,1,Better Price Elsewhere
ORD002007,CUST00054,PROD003,Home & Lifestyle,1999,499.75,1499.25,3.7,8,5,standard,upi,2026-01-26,0,
ORD002008,CUST00841,PROD019,Electronics,1299,129.9,1169.1,3.9,1,3,standard,card,2026-08-11,0,
ORD002009,CUST00251,PROD014,Beauty,499,199.6,299.4,3.6,2,4,standard,upi,2026-07-08,1,Damaged/Defective
ORD002010,CUST01613,PROD002,Books,4999,499.9,4499.1,3.8,0,6,standard,card,2026-02-17,0,
ORD002011,CUST00182,PROD010,Fashion,1299,194.85,1104.15,4.9,1,6,standard,card,2025-11-15,1,Ordered by Mistake
ORD002012,CUST01837,PROD011,Fashion,299,0.0,299.0,2.5,0,3,standard,upi,2026-01-24,0,
ORD002013,CUST00676,PROD008,Home & Lifestyle,1299,129.9,1169.1,3.5,2,3,standard,upi,2025-12-13,0,
ORD002014,CUST01827,PROD017,Beauty,299,44.85,254.15,4.8,0,3,standard,upi,2026-02-12,0,
ORD002015,CUST01314,PROD014,Beauty,499,149.7,349.3,3.5,0,6,standard,card,2026-09-07,0,
ORD002016,CUST00008,PROD020,Books,4999,999.8,3999.2,2.8,3,5,standard,wallet,2026-05-04,0,
ORD002017,CUST01957,PROD007,Fashion,1299,129.9,1169.1,4.9,0,3,standard,cod,2026-07-29,1,Ordered by Mistake
ORD002018,CUST00278,PROD011,Fashion,299,29.9,269.1,2.5,0,6,standard,cod,2026-02-04,0,
ORD002019,CUST00996,PROD012,Beauty,4999,499.9,4499.1,4.1,0,2,express,wallet,2026-03-09,0,
ORD002020,CUST01811,PROD001,Beauty,1999,799.6,1199.4,2.7,1,4,standard,upi,2026-03-17,1,Late Delivery
ORD002021,CUST01598,PROD001,Beauty,1999,199.9,1799.1,2.7,4,4,standard,card,2026-07-07,1,Quality Issues
ORD002022,CUST00091,PROD003,Home & Lifestyle,1999,499.75,1499.25,4.0,5,6,standard,upi,2026-07-09,0,
ORD002023,CUST01908,PROD007,Fashion,1299,129.9,1169.1,4.6,0,3,standard,upi,2026-01-20,0,
ORD002024,CUST00052,PROD003,Home & Lifestyle,1999,199.9,1799.1,3.7,0,7,economy,upi,2026-05-22,1,Ordered by Mistake
ORD002025,CUST00454,PROD005,Fashion,1299,129.9,1169.1,2.6,4,3,standard,upi,2026-08-08,0,
ORD002026,CUST00134,PROD011,Fashion,299,0.0,299.0,2.6,0,5,standard,upi,2026-04-25,0,
ORD002027,CUST01434,PROD005,Fashion,1299,194.85,1104.15,2.9,4,1,express,cod,2026-04-30,0,
ORD002028,CUST00772,PROD010,Fashion,1299,194.85,1104.15,4.4,2,3,standard,upi,2026-05-30,0,
ORD002029,CUST00829,PROD012,Beauty,4999,1249.75,3749.25,4.0,1,3,standard,card,2026-03-05,0,
ORD002030,CUST01476,PROD013,Home & Lifestyle,2999,299.9,2699.1,3.3,0,11,economy,card,2026-04-12,1,Quality Issues
ORD002031,CUST00023,PROD012,Beauty,4999,749.85,4249.15,4.3,2,5,standard,upi,2026-04-16,0,
ORD002032,CUST01855,PROD006,Books,1299,389.7,909.3,2.8,1,3,standard,upi,2026-04-16,1,Damaged/Defective
ORD002033,CUST01071,PROD002,Books,4999,0.0,4999.0,3.4,0,1,express,upi,2025-10-09,0,
ORD002034,CUST00783,PROD006,Books,1299,259.8,1039.2,2.3,4,7,economy,card,2026-03-08,1,Wrong Size
ORD002035,CUST01074,PROD010,Fashion,1299,0.0,1299.0,4.4,2,5,standard,upi,2026-03-28,0,
ORD002036,CUST00950,PROD010,Fashion,1299,129.9,1169.1,4.5,1,6,standard,cod,2026-01-17,0,
ORD002037,CUST00827,PROD006,Books,1299,0.0,1299.0,2.3,2,4,standard,upi,2026-02-13,1,Late Delivery
ORD002038,CUST01591,PROD003,Home & Lifestyle,1999,0.0,1999.0,4.1,1,6,standard,card,2026-02-25,1,Changed Mind
ORD002039,CUST00398,PROD015,Beauty,2999,599.8,2399.2,2.4,0,5,standard,card,2026-06-26,0,
ORD002040,CUST01285,PROD010,Fashion,1299,0.0,1299.0,4.8,2,1,express,card,2026-01-31,0,
ORD002041,CUST01886,PROD005,Fashion,1299,324.75,974.25,3.2,2,5,standard,upi,2025-10-14,0,
ORD002042,CUST01286,PROD014,Beauty,499,0.0,499.0,3.4,4,4,standard,upi,2026-07-04,1,Product Not as Expected
ORD002043,CUST01320,PROD013,Home & Lifestyle,2999,599.8,2399.2,3.6,1,5,standard,cod,2025-11-24,0,
ORD002044,CUST00563,PROD019,Electronics,1299,259.8,1039.2,3.7,2,6,standard,card,2026-07-07,0,
ORD002045,CUST00671,PROD017,Beauty,299,74.75,224.25,4.5,1,5,standard,card,2025-10-01,1,Quality Issues
ORD002046,CUST01804,PROD019,Electronics,1299,194.85,1104.15,3.7,6,2,express,upi,2026-08-30,0,
ORD002047,CUST01252,PROD006,Books,1299,389.7,909.3,2.8,1,7,economy,cod,2025-12-04,0,
ORD002048,CUST00718,PROD017,Beauty,299,29.9,269.1,4.8,6,3,standard,upi,2025-11-25,0,
ORD002049,CUST00740,PROD019,Electronics,1299,324.75,974.25,4.0,0,3,standard,wallet,2025-10-01,0,
ORD002050,CUST01548,PROD008,Home & Lifestyle,1299,0.0,1299.0,3.7,1,4,standard,upi,2026-08-23,1,Wrong Size
ORD002051,CUST00685,PROD004,Books,499,0.0,499.0,4.5,1,1,express,cod,2025-12-07,0,
ORD002052,CUST00836,PROD004,Books,499,149.7,349.3,4.2,1,4,standard,cod,2025-09-12,1,Wrong Size
ORD002053,CUST01369,PROD002,Books,4999,0.0,4999.0,3.5,1,5,standard,upi,2026-03-23,1,Better Price Elsewhere
ORD002054,CUST00239,PROD016,Beauty,499,199.6,299.4,3.4,5,6,standard,upi,2026-05-02,1,Wrong Size
ORD002055,CUST01554,PROD002,Books,4999,0.0,4999.0,3.4,0,5,standard,card,2026-07-02,1,Better Price Elsewhere
ORD002056,CUST00103,PROD001,Beauty,1999,199.9,1799.1,3.1,0,7,economy,cod,2025-09-29,1,Changed Mind
ORD002057,CUST01064,PROD017,Beauty,299,29.9,269.1,4.4,0,2,express,cod,2026-01-04,1,Quality Issues
ORD002058,CUST00491,PROD016,Beauty,499,124.75,374.25,3.6,1,5,standard,card,2026-05-22,0,
ORD002059,CUST01785,PROD013,Home & Lifestyle,2999,0.0,2999.0,3.2,2,3,standard,card,2026-08-19,0,
ORD002060,CUST01259,PROD009,Home & Lifestyle,1999,499.75,1499.25,4.1,0,4,standard,card,2026-02-18,0,
ORD002061,CUST01299,PROD012,Beauty,4999,1499.7,3499.3,4.4,4,6,standard,card,2026-06-16,1,Ordered by Mistake
ORD002062,CUST00680,PROD002,Books,4999,749.85,4249.15,3.6,0,1,express,upi,2026-06-26,0,
ORD002063,CUST01924,PROD016,Beauty,499,74.85,424.15,3.4,3,5,standard,upi,2026-09-01,0,
ORD002064,CUST01668,PROD008,Home & Lifestyle,1299,0.0,1299.0,3.8,0,3,standard,cod,2026-05-27,0,
ORD002065,CUST01234,PROD002,Books,4999,999.8,3999.2,3.5,1,1,express,card,2025-10-24,0,
ORD002066,CUST01004,PROD012,Beauty,4999,499.9,4499.1,4.1,0,6,standard,cod,2026-09-07,0,
ORD002067,CUST01821,PROD011,Fashion,299,59.8,239.2,2.5,2,6,standard,card,2026-06-20,0,
ORD002068,CUST00531,PROD007,Fashion,1299,259.8,1039.2,4.9,3,5,standard,upi,2026-08-29,1,Product Not as Expected
ORD002069,CUST00963,PROD013,Home & Lifestyle,2999,749.75,2249.25,3.2,4,2,express,card,2025-11-18,1,Quality Issues
ORD002070,CUST01753,PROD018,Books,499,124.75,374.25,3.7,2,6,standard,upi,2025-12-01,0,
ORD002071,CUST01401,PROD007,Fashion,1299,0.0,1299.0,4.8,0,5,standard,cod,2026-06-25,0,
ORD002072,CUST01046,PROD007,Fashion,1299,0.0,1299.0,4.7,3,5,standard,card,2026-05-26,0,
ORD002073,CUST01707,PROD019,Electronics,1299,194.85,1104.15,3.7,1,5,standard,cod,2026-03-12,0,
ORD002074,CUST00441,PROD013,Home & Lifestyle,2999,0.0,2999.0,3.3,1,6,standard,cod,2026-05-11,1,Product Not as Expected
ORD002075,CUST00249,PROD001,Beauty,1999,499.75,1499.25,2.9,2,5,standard,card,2026-03-15,0,
ORD002076,CUST01049,PROD016,Beauty,499,99.8,399.2,3.5,6,9,economy,cod,2026-06-02,1,Late Delivery
ORD002077,CUST01592,PROD010,Fashion,1299,194.85,1104.15,4.6,3,9,economy,card,2026-05-31,0,
ORD002078,CUST00148,PROD011,Fashion,299,0.0,299.0,2.5,2,3,standard,upi,2026-05-30,0,
ORD002079,CUST00665,PROD007,Fashion,1299,0.0,1299.0,5.0,7,3,standard,card,2026-08-19,1,Product Not as Expected
ORD002080,CUST00607,PROD005,Fashion,1299,129.9,1169.1,3.1,4,11,economy,card,2026-01-08,1,Quality Issues
ORD002081,CUST01947,PROD006,Books,1299,194.85,1104.15,2.3,3,8,economy,upi,2025-10-15,0,
ORD002082,CUST01526,PROD010,Fashion,1299,259.8,1039.2,4.8,1,6,standard,card,2026-06-21,0,
ORD002083,CUST00677,PROD003,Home & Lifestyle,1999,499.75,1499.25,4.0,3,3,standard,card,2026-05-04,0,
ORD002084,CUST01731,PROD002,Books,4999,999.8,3999.2,3.4,0,3,standard,card,2026-02-19,0,
ORD002085,CUST00319,PROD009,Home & Lifestyle,1999,0.0,1999.0,4.0,7,2,express,card,2026-08-07,0,
ORD002086,CUST00279,PROD005,Fashion,1299,389.7,909.3,2.6,1,5,standard,cod,2026-05-02,1,Quality Issues
ORD002087,CUST01198,PROD009,Home & Lifestyle,1999,0.0,1999.0,3.9,0,5,standard,cod,2026-08-20,0,
ORD002088,CUST00621,PROD015,Beauty,2999,599.8,2399.2,2.7,4,5,standard,card,2026-07-02,1,Better Price Elsewhere
ORD002089,CUST01484,PROD015,Beauty,2999,449.85,2549.15,2.8,8,6,standard,upi,2026-08-04,1,Changed Mind
ORD002090,CUST00721,PROD003,Home & Lifestyle,1999,199.9,1799.1,4.2,3,1,express,upi,2026-05-24,1,Quality Issues
ORD002091,CUST01830,PROD007,Fashion,1299,0.0,1299.0,4.9,5,3,standard,card,2026-05-11,0,
ORD002092,CUST01060,PROD005,Fashion,1299,519.6,779.4,2.8,1,2,express,upi,2026-06-01,1,Ordered by Mistake
ORD002093,CUST01752,PROD013,Home & Lifestyle,2999,0.0,2999.0,3.4,4,4,standard,upi,2026-01-29,0,
ORD002094,CUST01755,PROD007,Fashion,1299,0.0,1299.0,4.8,0,1,express,card,2026-08-09,1,Better Price Elsewhere
ORD002095,CUST00088,PROD019,Electronics,1299,259.8,1039.2,3.9,0,4,standard,upi,2026-06-14,0,
ORD002096,CUST01506,PROD017,Beauty,299,29.9,269.1,5.0,2,3,standard,card,2026-04-01,0,
ORD002097,CUST00394,PROD014,Beauty,499,0.0,499.0,3.4,2,3,standard,upi,2026-04-10,0,
ORD002098,CUST00618,PROD007,Fashion,1299,194.85,1104.15,4.4,0,2,express,upi,2026-05-28,1,Ordered by Mistake
ORD002099,CUST00989,PROD004,Books,499,49.9,449.1,4.2,6,4,standard,upi,2026-08-17,0,
ORD002100,CUST01394,PROD014,Beauty,499,49.9,449.1,3.6,0,2,express,card,2026-03-30,0,
ORD002101,CUST01031,PROD016,Beauty,499,124.75,374.25,3.5,1,5,standard,upi,2026-06-26,0,
ORD002102,CUST01842,PROD002,Books,4999,499.9,4499.1,3.4,3,1,express,card,2026-03-14,0,
ORD002103,CUST01088,PROD001,Beauty,1999,299.85,1699.15,3.0,1,1,express,card,2025-09-19,0,
ORD002104,CUST01834,PROD019,Electronics,1299,389.7,909.3,3.6,0,11,economy,wallet,2026-04-29,1,Wrong Size
ORD002105,CUST01923,PROD007,Fashion,1299,194.85,1104.15,4.8,7,1,express,card,2025-10-02,1,Product Not as Expected
ORD002106,CUST01955,PROD019,Electronics,1299,519.6,779.4,4.0,1,4,standard,card,2026-04-10,0,
ORD002107,CUST00370,PROD001,Beauty,1999,0.0,1999.0,2.8,4,6,standard,card,2026-03-17,0,
ORD002108,CUST01299,PROD014,Beauty,499,49.9,449.1,3.8,2,5,standard,upi,2025-09-12,1,Better Price Elsewhere
ORD002109,CUST00329,PROD018,Books,499,149.7,349.3,3.5,0,1,express,cod,2026-08-26,1,Better Price Elsewhere
ORD002110,CUST01277,PROD003,Home & Lifestyle,1999,199.9,1799.1,4.0,1,3,standard,upi,2026-09-08,0,
ORD002111,CUST00410,PROD017,Beauty,299,29.9,269.1,4.7,4,5,standard,card,2026-09-06,0,
ORD002112,CUST00681,PROD011,Fashion,299,0.0,299.0,2.7,1,2,express,upi,2026-01-23,0,
ORD002113,CUST00612,PROD001,Beauty,1999,399.8,1599.2,2.7,1,4,standard,card,2025-12-19,0,
ORD002114,CUST00848,PROD013,Home & Lifestyle,2999,1199.6,1799.4,3.3,3,5,standard,upi,2026-03-27,0,
ORD002115,CUST00424,PROD011,Fashion,299,74.75,224.25,2.4,1,3,standard,card,2026-03-20,0,
ORD002116,CUST00099,PROD008,Home & Lifestyle,1299,389.7,909.3,4.0,0,6,standard,wallet,2026-04-20,1,Product Not as Expected
ORD002117,CUST00139,PROD018,Books,499,0.0,499.0,3.7,1,6,standard,cod,2025-10-03,0,
ORD002118,CUST01860,PROD018,Books,499,199.6,299.4,3.6,0,3,standard,upi,2025-12-01,0,
ORD002119,CUST00868,PROD012,Beauty,4999,749.85,4249.15,4.1,0,2,express,card,2026-04-09,0,
ORD002120,CUST01490,PROD002,Books,4999,1999.6,2999.4,3.4,4,6,standard,card,2026-05-30,1,Late Delivery
ORD002121,CUST00969,PROD003,Home & Lifestyle,1999,299.85,1699.15,3.6,0,5,standard,upi,2025-11-03,0,
ORD002122,CUST00755,PROD003,Home & Lifestyle,1999,199.9,1799.1,3.9,4,5,standard,card,2026-02-05,0,
ORD002123,CUST01685,PROD009,Home & Lifestyle,1999,199.9,1799.1,4.1,6,6,standard,card,2026-01-22,0,
ORD002124,CUST01838,PROD004,Books,499,124.75,374.25,4.3,2,5,standard,cod,2025-09-17,0,
ORD002125,CUST00744,PROD016,Beauty,499,124.75,374.25,3.5,0,4,standard,cod,2026-08-16,1,Late Delivery
ORD002126,CUST02000,PROD014,Beauty,499,0.0,499.0,3.2,1,2,express,upi,2026-06-06,0,
ORD002127,CUST01737,PROD006,Books,1299,324.75,974.25,2.8,4,1,express,card,2026-03-21,1,Late Delivery
ORD002128,CUST01991,PROD007,Fashion,1299,0.0,1299.0,4.9,4,5,standard,cod,2026-08-21,0,
ORD002129,CUST01300,PROD016,Beauty,499,0.0,499.0,3.7,0,5,standard,card,2025-12-03,1,Damaged/Defective
ORD002130,CUST00890,PROD016,Beauty,499,0.0,499.0,3.6,0,5,standard,upi,2026-05-02,0,
ORD002131,CUST01426,PROD012,Beauty,4999,499.9,4499.1,4.4,5,2,express,upi,2026-02-18,0,
ORD002132,CUST01385,PROD016,Beauty,499,49.9,449.1,3.7,0,8,economy,upi,2025-11-20,1,Product Not as Expected
ORD002133,CUST00367,PROD016,Beauty,499,0.0,499.0,3.6,6,5,standard,upi,2026-07-16,1,Product Not as Expected
ORD002134,CUST01031,PROD003,Home & Lifestyle,1999,199.9,1799.1,4.2,0,9,economy,card,2026-04-23,1,Ordered by Mistake
ORD002135,CUST00154,PROD019,Electronics,1299,0.0,1299.0,4.1,0,5,standard,card,2025-10-11,0,
ORD002136,CUST00267,PROD002,Books,4999,749.85,4249.15,3.2,6,3,standard,card,2026-05-05,1,Ordered by Mistake
ORD002137,CUST01802,PROD010,Fashion,1299,0.0,1299.0,4.6,0,1,express,cod,2026-08-12,1,Damaged/Defective
ORD002138,CUST01299,PROD010,Fashion,1299,0.0,1299.0,5.0,0,10,economy,upi,2025-12-17,1,Ordered by Mistake
ORD002139,CUST01877,PROD017,Beauty,299,0.0,299.0,5.0,2,1,express,card,2026-06-27,0,
ORD002140,CUST00323,PROD010,Fashion,1299,519.6,779.4,4.9,2,1,express,upi,2026-02-27,0,
ORD002141,CUST00827,PROD001,Beauty,1999,0.0,1999.0,2.7,5,4,standard,card,2026-04-11,0,
ORD002142,CUST00294,PROD013,Home & Lifestyle,2999,599.8,2399.2,3.6,0,1,express,card,2026-03-04,0,
ORD002143,CUST01976,PROD003,Home & Lifestyle,1999,199.9,1799.1,3.8,0,3,standard,upi,2026-07-21,0,
ORD002144,CUST00141,PROD016,Beauty,499,124.75,374.25,3.1,1,1,express,upi,2025-12-12,0,
ORD002145,CUST01742,PROD004,Books,499,74.85,424.15,4.1,3,1,express,upi,2025-12-24,1,Wrong Size
ORD002146,CUST01704,PROD003,Home & Lifestyle,1999,299.85,1699.15,4.2,1,5,standard,card,2026-03-17,0,
ORD002147,CUST00069,PROD017,Beauty,299,0.0,299.0,4.6,0,3,standard,card,2026-03-25,0,
ORD002148,CUST01967,PROD017,Beauty,299,44.85,254.15,4.9,2,6,standard,card,2025-12-26,1,Late Delivery
ORD002149,CUST00820,PROD004,Books,499,49.9,449.1,4.2,0,1,express,wallet,2025-10-05,1,Quality Issues
ORD002150,CUST01766,PROD006,Books,1299,259.8,1039.2,2.8,1,4,standard,card,2026-04-08,1,Late Delivery
ORD002151,CUST01872,PROD017,Beauty,299,89.7,209.3,4.8,1,1,express,card,2026-03-27,1,Quality Issues
ORD002152,CUST00130,PROD012,Beauty,4999,499.9,4499.1,4.1,5,2,express,card,2026-06-28,1,Changed Mind
ORD002153,CUST00241,PROD002,Books,4999,499.9,4499.1,3.7,6,5,standard,upi,2026-06-04,0,
ORD002154,CUST00878,PROD007,Fashion,1299,129.9,1169.1,4.4,7,6,standard,card,2026-08-31,0,
ORD002155,CUST01266,PROD010,Fashion,1299,324.75,974.25,4.9,3,2,express,card,2026-08-21,0,
ORD002156,CUST01748,PROD007,Fashion,1299,0.0,1299.0,4.6,1,4,standard,card,2025-12-23,0,
ORD002157,CUST01095,PROD003,Home & Lifestyle,1999,799.6,1199.4,4.2,3,1,express,card,2025-11-12,1,Product Not as Expected
ORD002158,CUST00812,PROD016,Beauty,499,99.8,399.2,3.2,5,4,standard,card,2026-06-05,1,Damaged/Defective
ORD002159,CUST00452,PROD005,Fashion,1299,0.0,1299.0,2.8,2,1,express,card,2026-03-11,1,Product Not as Expected
ORD002160,CUST00165,PROD011,Fashion,299,29.9,269.1,2.3,0,1,express,card,2026-06-27,1,Ordered by Mistake
ORD002161,CUST00149,PROD006,Books,1299,519.6,779.4,2.3,0,4,standard,card,2026-04-09,0,
ORD002162,CUST00628,PROD014,Beauty,499,49.9,449.1,3.4,1,3,standard,upi,2026-01-10,0,
ORD002163,CUST01915,PROD001,Beauty,1999,399.8,1599.2,3.1,3,2,express,cod,2026-08-24,0,
ORD002164,CUST00643,PROD015,Beauty,2999,599.8,2399.2,2.7,6,5,standard,card,2026-03-20,0,
ORD002165,CUST01619,PROD013,Home & Lifestyle,2999,449.85,2549.15,3.4,1,5,standard,upi,2025-11-30,0,
ORD002166,CUST00063,PROD003,Home & Lifestyle,1999,599.7,1399.3,3.7,4,2,express,card,2026-02-05,1,Late Delivery
ORD002167,CUST01605,PROD002,Books,4999,1249.75,3749.25,3.2,3,9,economy,cod,2026-07-27,0,
ORD002168,CUST00354,PROD013,Home & Lifestyle,2999,749.75,2249.25,3.7,0,6,standard,upi,2026-02-03,0,
ORD002169,CUST01204,PROD007,Fashion,1299,324.75,974.25,4.7,2,5,standard,upi,2026-03-24,1,Ordered by Mistake
ORD002170,CUST00881,PROD012,Beauty,4999,999.8,3999.2,4.1,2,6,standard,card,2026-01-23,0,
ORD002171,CUST00463,PROD018,Books,499,49.9,449.1,3.6,1,2,express,upi,2025-12-28,0,
ORD002172,CUST00107,PROD007,Fashion,1299,259.8,1039.2,4.7,4,6,standard,card,2026-07-27,0,
ORD002173,CUST00868,PROD011,Fashion,299,29.9,269.1,2.5,5,2,express,upi,2026-06-20,0,
ORD002174,CUST01140,PROD007,Fashion,1299,324.75,974.25,4.4,5,6,standard,card,2025-09-12,1,Changed Mind
ORD002175,CUST00773,PROD015,Beauty,2999,1199.6,1799.4,2.4,6,1,express,card,2026-08-28,1,Damaged/Defective
ORD002176,CUST01060,PROD017,Beauty,299,0.0,299.0,5.0,2,3,standard,card,2026-04-08,0,
ORD002177,CUST00857,PROD014,Beauty,499,0.0,499.0,3.6,0,6,standard,wallet,2026-03-13,0,
ORD002178,CUST00027,PROD014,Beauty,499,99.8,399.2,3.3,2,1,express,card,2026-04-02,0,
ORD002179,CUST00710,PROD003,Home & Lifestyle,1999,199.9,1799.1,3.9,0,6,standard,card,2025-11-10,0,
ORD002180,CUST01655,PROD002,Books,4999,499.9,4499.1,3.6,0,6,standard,card,2026-05-01,0,
ORD002181,CUST00922,PROD015,Beauty,2999,449.85,2549.15,2.7,4,3,standard,cod,2025-10-06,0,
ORD002182,CUST00552,PROD010,Fashion,1299,129.9,1169.1,4.4,0,3,standard,card,2026-06-15,0,
ORD002183,CUST00367,PROD006,Books,1299,0.0,1299.0,2.7,0,6,standard,upi,2026-03-06,1,Ordered by Mistake
ORD002184,CUST01779,PROD009,Home & Lifestyle,1999,0.0,1999.0,3.6,1,3,standard,card,2025-12-30,0,
ORD002185,CUST00691,PROD010,Fashion,1299,0.0,1299.0,4.6,2,1,express,cod,2026-06-29,0,
ORD002186,CUST01354,PROD011,Fashion,299,44.85,254.15,2.6,8,3,standard,card,2026-02-17,1,Quality Issues
ORD002187,CUST01359,PROD013,Home & Lifestyle,2999,449.85,2549.15,3.5,0,8,economy,upi,2025-12-12,0,
ORD002188,CUST00999,PROD017,Beauty,299,29.9,269.1,4.9,3,6,standard,card,2026-01-03,1,Damaged/Defective
ORD002189,CUST01285,PROD005,Fashion,1299,324.75,974.25,3.1,1,3,standard,cod,2026-05-22,1,Product Not as Expected
ORD002190,CUST00656,PROD018,Books,499,49.9,449.1,3.8,2,3,standard,cod,2026-08-11,0,
ORD002191,CUST01301,PROD009,Home & Lifestyle,1999,399.8,1599.2,4.2,1,2,express,card,2025-12-27,0,
ORD002192,CUST00658,PROD011,Fashion,299,74.75,224.25,2.8,2,1,express,card,2026-05-05,1,Ordered by Mistake
ORD002193,CUST00362,PROD005,Fashion,1299,194.85,1104.15,3.2,0,3,standard,upi,2026-01-16,0,
ORD002194,CUST00087,PROD003,Home & Lifestyle,1999,499.75,1499.25,3.8,0,1,express,wallet,2026-05-19,0,
ORD002195,CUST01372,PROD015,Beauty,2999,449.85,2549.15,2.8,1,3,standard,upi,2025-09-10,1,Damaged/Defective
ORD002196,CUST01240,PROD009,Home & Lifestyle,1999,0.0,1999.0,4.1,1,1,express,card,2025-12-25,0,
ORD002197,CUST00120,PROD012,Beauty,4999,999.8,3999.2,4.2,3,5,standard,card,2025-11-30,0,
ORD002198,CUST00677,PROD019,Electronics,1299,0.0,1299.0,3.6,1,4,standard,card,2026-03-31,1,Better Price Elsewhere
ORD002199,CUST01770,PROD008,Home & Lifestyle,1299,194.85,1104.15,3.8,1,1,express,card,2026-03-08,0,
ORD002200,CUST01980,PROD002,Books,4999,0.0,4999.0,3.6,0,1,express,upi,2025-10-28,0,
ORD002201,CUST01078,PROD017,Beauty,299,29.9,269.1,4.7,1,6,standard,card,2025-11-03,0,
ORD002202,CUST01874,PROD015,Beauty,2999,449.85,2549.15,2.7,2,4,standard,card,2025-12-22,1,Wrong Size
ORD002203,CUST00719,PROD003,Home & Lifestyle,1999,199.9,1799.1,3.8,0,5,standard,cod,2026-04-04,0,
ORD002204,CUST00005,PROD003,Home & Lifestyle,1999,199.9,1799.1,3.6,3,2,express,card,2026-03-08,0,
ORD002205,CUST00309,PROD006,Books,1299,519.6,779.4,2.8,0,3,standard,card,2026-01-04,0,
ORD002206,CUST01730,PROD017,Beauty,299,0.0,299.0,4.6,0,3,standard,card,2026-01-23,0,
ORD002207,CUST00813,PROD017,Beauty,299,119.6,179.4,4.9,3,2,express,card,2026-06-09,0,
ORD002208,CUST01587,PROD012,Beauty,4999,0.0,4999.0,4.0,7,4,standard,upi,2026-02-20,0,
ORD002209,CUST00138,PROD017,Beauty,299,29.9,269.1,4.7,1,5,standard,cod,2025-09-14,0,
ORD002210,CUST00347,PROD009,Home & Lifestyle,1999,0.0,1999.0,3.8,8,5,standard,upi,2025-12-11,0,
ORD002211,CUST00462,PROD007,Fashion,1299,129.9,1169.1,4.9,3,1,express,card,2026-07-11,0,
ORD002212,CUST00314,PROD003,Home & Lifestyle,1999,399.8,1599.2,3.9,2,2,express,cod,2026-08-09,0,
ORD002213,CUST00530,PROD014,Beauty,499,49.9,449.1,3.7,0,1,express,card,2026-04-16,0,
ORD002214,CUST01570,PROD019,Electronics,1299,0.0,1299.0,4.0,0,3,standard,upi,2026-07-02,1,Late Delivery
ORD002215,CUST01241,PROD020,Books,4999,999.8,3999.2,3.1,4,4,standard,cod,2026-03-21,0,
ORD002216,CUST01629,PROD003,Home & Lifestyle,1999,299.85,1699.15,4.0,6,5,standard,card,2025-12-05,1,Wrong Size
ORD002217,CUST01756,PROD016,Beauty,499,0.0,499.0,3.5,3,11,economy,card,2025-10-14,0,
ORD002218,CUST01376,PROD008,Home & Lifestyle,1299,259.8,1039.2,3.7,0,8,economy,card,2025-12-10,0,
ORD002219,CUST01602,PROD019,Electronics,1299,519.6,779.4,4.0,2,1,express,card,2026-06-01,0,
ORD002220,CUST00552,PROD011,Fashion,299,89.7,209.3,2.6,3,1,express,card,2026-07-08,0,
ORD002221,CUST01072,PROD001,Beauty,1999,0.0,1999.0,3.0,0,2,express,card,2026-03-27,0,
ORD002222,CUST01187,PROD003,Home & Lifestyle,1999,299.85,1699.15,3.7,0,2,express,wallet,2025-11-21,0,
ORD002223,CUST00917,PROD008,Home & Lifestyle,1299,259.8,1039.2,3.6,0,6,standard,card,2026-02-19,0,
ORD002224,CUST01949,PROD010,Fashion,1299,259.8,1039.2,4.8,6,2,express,upi,2025-12-02,1,Wrong Size
ORD002225,CUST01866,PROD005,Fashion,1299,324.75,974.25,2.8,9,3,standard,cod,2025-09-12,0,
ORD002226,CUST00617,PROD010,Fashion,1299,0.0,1299.0,4.6,3,5,standard,card,2026-02-12,0,
ORD002227,CUST00743,PROD006,Books,1299,0.0,1299.0,2.4,1,5,standard,card,2026-06-27,0,
ORD002228,CUST01232,PROD004,Books,499,49.9,449.1,4.5,6,2,express,upi,2026-03-13,0,
ORD002229,CUST00824,PROD015,Beauty,2999,899.7,2099.3,2.7,6,4,standard,card,2025-11-24,1,Damaged/Defective
ORD002230,CUST00631,PROD002,Books,4999,499.9,4499.1,3.5,0,2,express,card,2026-07-28,0,
ORD002231,CUST00182,PROD014,Beauty,499,49.9,449.1,3.2,0,5,standard,cod,2025-10-28,0,
ORD002232,CUST00355,PROD020,Books,4999,0.0,4999.0,2.8,1,2,express,card,2025-12-20,0,
ORD002233,CUST01453,PROD006,Books,1299,519.6,779.4,2.5,2,4,standard,upi,2026-09-08,0,
ORD002234,CUST00252,PROD015,Beauty,2999,449.85,2549.15,2.6,2,3,standard,cod,2026-02-08,0,
ORD002235,CUST01483,PROD007,Fashion,1299,0.0,1299.0,4.8,0,4,standard,cod,2026-02-28,0,
ORD002236,CUST00331,PROD011,Fashion,299,29.9,269.1,2.6,0,3,standard,wallet,2025-11-17,0,
ORD002237,CUST01447,PROD019,Electronics,1299,129.9,1169.1,4.0,0,3,standard,card,2026-07-12,0,
ORD002238,CUST00580,PROD009,Home & Lifestyle,1999,199.9,1799.1,4.1,0,3,standard,upi,2026-02-03,0,
ORD002239,CUST00470,PROD020,Books,4999,499.9,4499.1,3.0,3,1,express,card,2026-04-02,0,
ORD002240,CUST00604,PROD003,Home & Lifestyle,1999,0.0,1999.0,3.8,4,2,express,upi,2025-09-27,0,
ORD002241,CUST00734,PROD013,Home & Lifestyle,2999,299.9,2699.1,3.3,0,7,economy,card,2025-12-03,1,Better Price Elsewhere
ORD002242,CUST01908,PROD012,Beauty,4999,0.0,4999.0,4.1,3,5,standard,upi,2025-11-22,0,
ORD002243,CUST01450,PROD001,Beauty,1999,0.0,1999.0,2.8,1,5,standard,card,2026-01-15,1,Quality Issues
ORD002244,CUST00826,PROD004,Books,499,99.8,399.2,4.2,3,5,standard,cod,2026-04-02,1,Late Delivery
ORD002245,CUST01164,PROD013,Home & Lifestyle,2999,0.0,2999.0,3.6,1,2,express,upi,2026-03-26,0,
ORD002246,CUST00377,PROD014,Beauty,499,124.75,374.25,3.5,5,4,standard,card,2025-11-02,1,Quality Issues
ORD002247,CUST01906,PROD002,Books,4999,999.8,3999.2,3.7,0,6,standard,wallet,2026-01-22,0,
ORD002248,CUST00594,PROD004,Books,499,149.7,349.3,4.4,0,2,express,upi,2026-07-16,0,
ORD002249,CUST01617,PROD005,Fashion,1299,259.8,1039.2,3.0,1,1,express,upi,2026-08-07,0,
ORD002250,CUST01257,PROD015,Beauty,2999,299.9,2699.1,2.6,1,5,standard,upi,2025-10-27,0,
ORD002251,CUST01945,PROD012,Beauty,4999,1249.75,3749.25,4.2,1,2,express,card,2026-01-11,0,
ORD002252,CUST00706,PROD012,Beauty,4999,499.9,4499.1,4.1,0,1,express,card,2026-07-17,1,Ordered by Mistake
ORD002253,CUST01311,PROD003,Home & Lifestyle,1999,199.9,1799.1,3.7,3,6,standard,card,2026-03-02,0,
ORD002254,CUST01450,PROD016,Beauty,499,49.9,449.1,3.6,0,3,standard,upi,2025-12-06,0,
ORD002255,CUST01213,PROD013,Home & Lifestyle,2999,449.85,2549.15,3.3,2,6,standard,card,2026-08-01,1,Wrong Size
ORD002256,CUST00747,PROD008,Home & Lifestyle,1299,129.9,1169.1,3.6,1,2,express,card,2026-02-07,1,Better Price Elsewhere
ORD002257,CUST01744,PROD007,Fashion,1299,259.8,1039.2,4.7,1,1,express,card,2025-09-30,0,
ORD002258,CUST00720,PROD006,Books,1299,324.75,974.25,2.7,7,5,standard,upi,2026-06-10,1,Ordered by Mistake
ORD002259,CUST00666,PROD016,Beauty,499,74.85,424.15,3.5,0,4,standard,card,2026-04-27,0,
ORD002260,CUST01065,PROD019,Electronics,1299,129.9,1169.1,3.7,3,2,express,upi,2026-06-18,0,
ORD002261,CUST01710,PROD005,Fashion,1299,129.9,1169.1,2.6,0,8,economy,card,2025-10-04,0,
ORD002262,CUST01118,PROD020,Books,4999,749.85,4249.15,2.7,1,3,standard,wallet,2025-12-14,0,
ORD002263,CUST01379,PROD008,Home & Lifestyle,1299,129.9,1169.1,3.9,3,3,standard,card,2025-09-17,1,Product Not as Expected
ORD002264,CUST01970,PROD017,Beauty,299,0.0,299.0,4.6,5,2,express,card,2026-08-19,1,Late Delivery
ORD002265,CUST00428,PROD004,Books,499,74.85,424.15,4.1,0,1,express,card,2026-04-11,1,Changed Mind
ORD002266,CUST00795,PROD016,Beauty,499,124.75,374.25,3.4,0,11,economy,upi,2026-07-15,1,Quality Issues
ORD002267,CUST01924,PROD013,Home & Lifestyle,2999,749.75,2249.25,3.5,5,3,standard,upi,2026-06-23,0,
ORD002268,CUST01100,PROD014,Beauty,499,99.8,399.2,3.2,2,4,standard,card,2026-05-25,1,Ordered by Mistake
ORD002269,CUST00817,PROD004,Books,499,74.85,424.15,4.1,6,1,express,card,2025-12-16,0,
ORD002270,CUST01294,PROD008,Home & Lifestyle,1299,0.0,1299.0,4.0,0,1,express,cod,2026-03-15,0,
ORD002271,CUST00350,PROD009,Home & Lifestyle,1999,199.9,1799.1,4.2,3,1,express,card,2026-06-13,0,
ORD002272,CUST00301,PROD002,Books,4999,0.0,4999.0,3.3,2,3,standard,card,2026-04-15,0,
ORD002273,CUST00313,PROD014,Beauty,499,49.9,449.1,3.4,8,6,standard,cod,2026-05-08,1,Quality Issues
ORD002274,CUST01054,PROD003,Home & Lifestyle,1999,399.8,1599.2,3.9,2,1,express,cod,2025-12-24,0,
ORD002275,CUST01038,PROD003,Home & Lifestyle,1999,199.9,1799.1,3.7,0,2,express,cod,2026-07-09,0,
ORD002276,CUST00906,PROD001,Beauty,1999,0.0,1999.0,2.8,5,4,standard,cod,2026-08-15,0,
ORD002277,CUST01243,PROD018,Books,499,99.8,399.2,3.8,4,2,express,cod,2026-06-18,1,Product Not as Expected
ORD002278,CUST01277,PROD002,Books,4999,749.85,4249.15,3.6,0,3,standard,card,2025-11-24,0,
ORD002279,CUST01444,PROD007,Fashion,1299,259.8,1039.2,4.7,0,2,express,card,2026-06-04,0,
ORD002280,CUST00044,PROD001,Beauty,1999,199.9,1799.1,3.2,4,2,express,card,2026-07-15,1,Product Not as Expected
ORD002281,CUST01828,PROD004,Books,499,0.0,499.0,4.1,0,4,standard,card,2026-03-04,1,Changed Mind
ORD002282,CUST00579,PROD016,Beauty,499,124.75,374.25,3.4,4,7,economy,card,2026-08-08,1,Product Not as Expected
ORD002283,CUST01471,PROD002,Books,4999,999.8,3999.2,3.8,1,6,standard,card,2025-12-29,0,
ORD002284,CUST00541,PROD003,Home & Lifestyle,1999,0.0,1999.0,3.7,0,5,standard,upi,2026-06-14,1,Changed Mind
ORD002285,CUST01178,PROD016,Beauty,499,124.75,374.25,3.7,3,3,standard,card,2025-11-03,1,Better Price Elsewhere
ORD002286,CUST01039,PROD019,Electronics,1299,129.9,1169.1,4.2,1,6,standard,cod,2025-11-17,0,
ORD002287,CUST01807,PROD007,Fashion,1299,129.9,1169.1,4.5,2,4,standard,cod,2026-05-13,0,
ORD002288,CUST01984,PROD002,Books,4999,0.0,4999.0,3.7,4,5,standard,cod,2026-05-05,0,
ORD002289,CUST01706,PROD004,Books,499,99.8,399.2,4.1,1,5,standard,card,2025-10-03,1,Ordered by Mistake
ORD002290,CUST00491,PROD012,Beauty,4999,0.0,4999.0,4.1,6,5,standard,cod,2026-07-23,0,
ORD002291,CUST01922,PROD016,Beauty,499,0.0,499.0,3.1,1,6,standard,card,2025-10-20,1,Damaged/Defective
ORD002292,CUST01229,PROD011,Fashion,299,44.85,254.15,2.5,0,4,standard,card,2025-09-28,1,Quality Issues
ORD002293,CUST00804,PROD008,Home & Lifestyle,1299,259.8,1039.2,3.7,0,4,standard,upi,2026-07-21,0,
ORD002294,CUST01419,PROD019,Electronics,1299,129.9,1169.1,4.2,2,2,express,card,2026-04-03,0,
ORD002295,CUST00881,PROD009,Home & Lifestyle,1999,0.0,1999.0,3.9,0,1,express,cod,2026-04-29,0,
ORD002296,CUST00919,PROD010,Fashion,1299,324.75,974.25,4.7,3,4,standard,card,2025-09-26,1,Better Price Elsewhere
ORD002297,CUST00553,PROD011,Fashion,299,74.75,224.25,2.7,3,6,standard,card,2026-07-03,0,
ORD002298,CUST01558,PROD006,Books,1299,129.9,1169.1,2.6,8,6,standard,upi,2026-07-06,0,
ORD002299,CUST01886,PROD014,Beauty,499,74.85,424.15,3.2,0,3,standard,card,2026-05-23,0,
ORD002300,CUST01012,PROD004,Books,499,74.85,424.15,4.5,1,1,express,upi,2026-08-23,0,
ORD002301,CUST00627,PROD011,Fashion,299,74.75,224.25,2.5,7,1,express,card,2025-10-06,1,Changed Mind
ORD002302,CUST01223,PROD006,Books,1299,0.0,1299.0,2.5,4,3,standard,card,2025-09-14,1,Changed Mind
ORD002303,CUST01311,PROD013,Home & Lifestyle,2999,1199.6,1799.4,3.2,2,2,express,wallet,2026-05-22,0,
ORD002304,CUST01393,PROD008,Home & Lifestyle,1299,389.7,909.3,3.8,0,2,express,upi,2026-05-05,0,
ORD002305,CUST00809,PROD006,Books,1299,194.85,1104.15,2.8,0,2,express,card,2026-03-22,0,
ORD002306,CUST01490,PROD006,Books,1299,129.9,1169.1,2.7,1,4,standard,card,2026-01-29,1,Changed Mind
ORD002307,CUST01061,PROD007,Fashion,1299,324.75,974.25,4.7,1,6,standard,card,2025-12-05,0,
ORD002308,CUST00155,PROD004,Books,499,0.0,499.0,4.5,6,4,standard,card,2026-02-10,0,
ORD002309,CUST00484,PROD007,Fashion,1299,194.85,1104.15,4.5,0,5,standard,upi,2026-02-15,0,
ORD002310,CUST00810,PROD003,Home & Lifestyle,1999,399.8,1599.2,3.7,0,3,standard,wallet,2026-02-21,1,Ordered by Mistake
ORD002311,CUST01868,PROD017,Beauty,299,29.9,269.1,4.6,3,6,standard,cod,2025-09-27,0,
ORD002312,CUST00198,PROD016,Beauty,499,49.9,449.1,3.4,1,1,express,upi,2026-09-01,0,
ORD002313,CUST00412,PROD007,Fashion,1299,324.75,974.25,4.5,0,4,standard,upi,2025-12-22,0,
ORD002314,CUST00137,PROD015,Beauty,2999,749.75,2249.25,2.5,0,4,standard,cod,2026-04-05,0,
ORD002315,CUST01408,PROD009,Home & Lifestyle,1999,199.9,1799.1,3.9,4,3,standard,card,2026-04-19,0,
ORD002316,CUST00233,PROD014,Beauty,499,0.0,499.0,3.6,7,5,standard,upi,2026-01-31,1,Quality Issues
ORD002317,CUST01362,PROD010,Fashion,1299,129.9,1169.1,4.6,3,6,standard,wallet,2026-01-07,1,Better Price Elsewhere
ORD002318,CUST01291,PROD005,Fashion,1299,389.7,909.3,3.0,4,1,express,upi,2026-02-07,0,
ORD002319,CUST01406,PROD006,Books,1299,259.8,1039.2,2.5,0,2,express,upi,2025-12-06,0,
ORD002320,CUST01590,PROD018,Books,499,99.8,399.2,3.7,5,4,standard,card,2025-12-01,0,
ORD002321,CUST00520,PROD006,Books,1299,0.0,1299.0,2.5,5,4,standard,upi,2026-08-15,1,Damaged/Defective
ORD002322,CUST01608,PROD005,Fashion,1299,0.0,1299.0,3.1,3,3,standard,card,2026-04-19,0,
ORD002323,CUST00422,PROD014,Beauty,499,199.6,299.4,3.4,0,8,economy,card,2026-01-04,0,
ORD002324,CUST01294,PROD001,Beauty,1999,499.75,1499.25,2.8,0,8,economy,card,2026-02-25,0,
ORD002325,CUST00014,PROD011,Fashion,299,0.0,299.0,2.5,3,1,express,card,2025-10-05,1,Ordered by Mistake
ORD002326,CUST00331,PROD001,Beauty,1999,499.75,1499.25,3.2,1,7,economy,card,2026-02-03,1,Product Not as Expected
ORD002327,CUST00546,PROD001,Beauty,1999,299.85,1699.15,3.0,0,2,express,card,2026-08-20,0,
ORD002328,CUST01747,PROD006,Books,1299,259.8,1039.2,2.4,7,1,express,upi,2026-08-16,0,
ORD002329,CUST00186,PROD018,Books,499,0.0,499.0,3.5,5,11,economy,upi,2026-04-01,1,Product Not as Expected
ORD002330,CUST01807,PROD005,Fashion,1299,0.0,1299.0,2.9,1,4,standard,card,2026-06-14,0,
ORD002331,CUST01685,PROD010,Fashion,1299,259.8,1039.2,4.7,2,6,standard,upi,2025-11-20,0,
ORD002332,CUST01306,PROD009,Home & Lifestyle,1999,299.85,1699.15,4.2,0,4,standard,card,2026-07-30,0,
ORD002333,CUST00827,PROD011,Fashion,299,59.8,239.2,2.7,1,3,standard,upi,2026-05-04,0,
ORD002334,CUST01261,PROD010,Fashion,1299,129.9,1169.1,4.6,2,3,standard,card,2025-12-14,0,
ORD002335,CUST00601,PROD011,Fashion,299,89.7,209.3,2.6,1,6,standard,cod,2026-05-25,1,Wrong Size
ORD002336,CUST01038,PROD020,Books,4999,499.9,4499.1,3.1,1,1,express,upi,2026-03-30,0,
ORD002337,CUST00589,PROD013,Home & Lifestyle,2999,749.75,2249.25,3.4,1,3,standard,wallet,2026-04-01,0,
ORD002338,CUST00277,PROD012,Beauty,4999,1499.7,3499.3,4.4,3,11,economy,card,2026-08-24,1,Quality Issues
ORD002339,CUST00387,PROD003,Home & Lifestyle,1999,0.0,1999.0,3.9,0,10,economy,card,2026-05-02,1,Wrong Size
ORD002340,CUST00082,PROD001,Beauty,1999,0.0,1999.0,3.0,5,6,standard,card,2026-07-31,1,Better Price Elsewhere
ORD002341,CUST01621,PROD004,Books,499,49.9,449.1,4.4,3,5,standard,card,2026-03-18,0,
ORD002342,CUST00347,PROD012,Beauty,4999,0.0,4999.0,4.0,3,2,express,card,2026-06-01,0,
ORD002343,CUST01950,PROD018,Books,499,199.6,299.4,3.5,1,2,express,card,2026-02-27,0,
ORD002344,CUST00979,PROD015,Beauty,2999,749.75,2249.25,2.5,1,4,standard,upi,2026-01-16,0,
ORD002345,CUST01153,PROD002,Books,4999,999.8,3999.2,3.6,2,1,express,card,2025-12-20,0,
ORD002346,CUST01376,PROD017,Beauty,299,74.75,224.25,4.5,2,3,standard,upi,2026-03-16,0,
ORD002347,CUST01888,PROD016,Beauty,499,0.0,499.0,3.2,0,6,standard,upi,2026-04-05,1,Damaged/Defective
ORD002348,CUST00319,PROD012,Beauty,4999,1499.7,3499.3,4.4,1,1,express,upi,2026-03-10,0,
ORD002349,CUST01598,PROD003,Home & Lifestyle,1999,399.8,1599.2,3.9,1,1,express,upi,2025-10-01,0,
ORD002350,CUST01397,PROD006,Books,1299,259.8,1039.2,2.3,4,5,standard,upi,2026-08-04,0,
ORD002351,CUST00392,PROD007,Fashion,1299,259.8,1039.2,4.5,7,4,standard,upi,2025-12-12,0,
ORD002352,CUST01193,PROD018,Books,499,0.0,499.0,3.9,5,2,express,card,2025-09-11,0,
ORD002353,CUST01730,PROD013,Home & Lifestyle,2999,0.0,2999.0,3.4,2,8,economy,upi,2025-09-21,1,Wrong Size
ORD002354,CUST01888,PROD018,Books,499,124.75,374.25,3.7,6,4,standard,card,2025-12-06,0,
ORD002355,CUST01136,PROD004,Books,499,74.85,424.15,4.1,3,1,express,card,2025-11-08,1,Changed Mind
ORD002356,CUST01873,PROD020,Books,4999,999.8,3999.2,2.7,5,5,standard,cod,2026-06-06,0,
ORD002357,CUST01859,PROD004,Books,499,49.9,449.1,4.2,6,2,express,wallet,2025-12-27,1,Product Not as Expected
ORD002358,CUST01167,PROD011,Fashion,299,0.0,299.0,2.5,2,2,express,upi,2026-09-01,0,
ORD002359,CUST01709,PROD008,Home & Lifestyle,1299,0.0,1299.0,3.4,0,4,standard,cod,2025-11-18,0,
ORD002360,CUST00624,PROD017,Beauty,299,29.9,269.1,4.9,6,6,standard,cod,2026-06-26,1,Better Price Elsewhere
ORD002361,CUST01332,PROD007,Fashion,1299,0.0,1299.0,5.0,4,6,standard,card,2026-07-08,0,
ORD002362,CUST00336,PROD003,Home & Lifestyle,1999,499.75,1499.25,3.6,0,1,express,cod,2026-08-28,0,
ORD002363,CUST01622,PROD004,Books,499,49.9,449.1,4.4,0,1,express,wallet,2026-01-14,0,
ORD002364,CUST00445,PROD013,Home & Lifestyle,2999,749.75,2249.25,3.1,2,2,express,wallet,2026-05-22,1,Ordered by Mistake
ORD002365,CUST00371,PROD001,Beauty,1999,499.75,1499.25,2.7,0,1,express,upi,2026-02-23,0,
ORD002366,CUST00027,PROD001,Beauty,1999,199.9,1799.1,2.8,2,5,standard,cod,2026-02-19,0,
ORD002367,CUST00813,PROD020,Books,4999,1499.7,3499.3,3.2,2,6,standard,upi,2025-10-22,0,
ORD002368,CUST00321,PROD019,Electronics,1299,519.6,779.4,4.1,0,3,standard,card,2026-02-10,0,
ORD002369,CUST01739,PROD011,Fashion,299,0.0,299.0,2.6,1,1,express,card,2025-12-16,0,
ORD002370,CUST01205,PROD007,Fashion,1299,324.75,974.25,4.8,0,11,economy,upi,2026-02-23,1,Damaged/Defective
ORD002371,CUST00109,PROD013,Home & Lifestyle,2999,449.85,2549.15,3.2,7,3,standard,cod,2026-02-17,0,
ORD002372,CUST00432,PROD010,Fashion,1299,0.0,1299.0,4.8,0,10,economy,card,2026-06-18,1,Damaged/Defective
ORD002373,CUST01559,PROD015,Beauty,2999,299.9,2699.1,2.4,0,5,standard,upi,2025-10-06,1,Damaged/Defective
ORD002374,CUST00320,PROD020,Books,4999,1499.7,3499.3,2.6,0,3,standard,card,2026-01-13,1,Ordered by Mistake
ORD002375,CUST01224,PROD016,Beauty,499,149.7,349.3,3.3,3,6,standard,card,2026-07-27,1,Late Delivery
ORD002376,CUST01375,PROD008,Home & Lifestyle,1299,259.8,1039.2,3.8,1,6,standard,card,2026-04-08,0,
ORD002377,CUST01213,PROD012,Beauty,4999,999.8,3999.2,3.9,1,1,express,wallet,2026-01-01,0,
ORD002378,CUST01711,PROD019,Electronics,1299,129.9,1169.1,4.0,3,6,standard,card,2026-02-07,1,Quality Issues
ORD002379,CUST01959,PROD005,Fashion,1299,324.75,974.25,2.6,0,3,standard,card,2026-03-08,0,
ORD002380,CUST00085,PROD018,Books,499,49.9,449.1,3.7,0,3,standard,cod,2026-04-06,0,
ORD002381,CUST01455,PROD003,Home & Lifestyle,1999,499.75,1499.25,4.1,2,5,standard,card,2025-09-11,0,
ORD002382,CUST01265,PROD013,Home & Lifestyle,2999,0.0,2999.0,3.4,7,2,express,upi,2026-04-05,0,
ORD002383,CUST01036,PROD011,Fashion,299,0.0,299.0,2.2,0,4,standard,upi,2026-08-28,0,
ORD002384,CUST00322,PROD013,Home & Lifestyle,2999,449.85,2549.15,3.3,1,5,standard,card,2025-09-19,1,Damaged/Defective
ORD002385,CUST00043,PROD007,Fashion,1299,324.75,974.25,5.0,0,6,standard,card,2026-08-01,0,
ORD002386,CUST01852,PROD018,Books,499,199.6,299.4,3.7,2,1,express,cod,2026-07-14,0,
ORD002387,CUST01897,PROD009,Home & Lifestyle,1999,599.7,1399.3,4.1,3,1,express,upi,2025-11-02,0,
ORD002388,CUST01698,PROD002,Books,4999,999.8,3999.2,3.5,3,6,standard,card,2025-10-03,0,
ORD002389,CUST01006,PROD007,Fashion,1299,519.6,779.4,4.7,5,4,standard,card,2026-03-20,1,Ordered by Mistake
ORD002390,CUST00464,PROD012,Beauty,4999,749.85,4249.15,4.4,8,2,express,card,2025-11-24,1,Late Delivery
ORD002391,CUST01648,PROD012,Beauty,4999,749.85,4249.15,4.4,0,8,economy,card,2025-11-07,1,Better Price Elsewhere
ORD002392,CUST01537,PROD007,Fashion,1299,129.9,1169.1,4.5,0,4,standard,card,2026-06-22,1,Wrong Size
ORD002393,CUST00490,PROD011,Fashion,299,0.0,299.0,2.4,0,4,standard,card,2026-06-12,0,
ORD002394,CUST01552,PROD012,Beauty,4999,749.85,4249.15,4.3,1,5,standard,card,2025-12-29,0,
ORD002395,CUST01021,PROD003,Home & Lifestyle,1999,199.9,1799.1,3.8,0,6,standard,upi,2026-04-25,0,
ORD002396,CUST00969,PROD011,Fashion,299,59.8,239.2,2.7,0,2,express,card,2026-08-31,0,
ORD002397,CUST00081,PROD018,Books,499,0.0,499.0,3.6,4,9,economy,card,2026-06-06,1,Quality Issues
ORD002398,CUST00877,PROD020,Books,4999,0.0,4999.0,3.0,1,1,express,wallet,2025-10-29,1,Ordered by Mistake
ORD002399,CUST01293,PROD018,Books,499,199.6,299.4,3.9,2,4,standard,upi,2026-09-08,1,Changed Mind
ORD002400,CUST00080,PROD019,Electronics,1299,259.8,1039.2,3.9,2,5,standard,wallet,2025-12-02,0,
ORD002401,CUST00227,PROD005,Fashion,1299,0.0,1299.0,3.0,2,7,economy,wallet,2025-10-30,1,Product Not as Expected
ORD002402,CUST00965,PROD020,Books,4999,0.0,4999.0,3.2,0,1,express,cod,2025-10-15,0,
ORD002403,CUST00468,PROD018,Books,499,199.6,299.4,3.9,1,2,express,card,2025-10-01,0,
ORD002404,CUST00965,PROD007,Fashion,1299,389.7,909.3,4.9,2,1,express,card,2025-09-13,0,
ORD002405,CUST01009,PROD010,Fashion,1299,0.0,1299.0,4.7,0,2,express,upi,2025-10-11,0,
ORD002406,CUST01008,PROD003,Home & Lifestyle,1999,299.85,1699.15,3.6,6,3,standard,card,2026-05-25,1,Product Not as Expected
ORD002407,CUST00219,PROD020,Books,4999,0.0,4999.0,2.6,6,3,standard,card,2025-12-08,0,
ORD002408,CUST01027,PROD014,Beauty,499,74.85,424.15,3.7,0,2,express,upi,2026-07-17,0,
ORD002409,CUST01476,PROD002,Books,4999,1249.75,3749.25,3.6,3,5,standard,wallet,2025-11-22,0,
ORD002410,CUST01443,PROD001,Beauty,1999,0.0,1999.0,2.6,2,1,express,upi,2026-06-13,1,Late Delivery
ORD002411,CUST01007,PROD006,Books,1299,259.8,1039.2,2.3,7,5,standard,upi,2026-08-19,1,Changed Mind
ORD002412,CUST01697,PROD012,Beauty,4999,749.85,4249.15,3.9,1,4,standard,card,2026-06-07,0,
ORD002413,CUST01300,PROD005,Fashion,1299,129.9,1169.1,3.1,5,4,standard,card,2026-04-28,0,
ORD002414,CUST00840,PROD013,Home & Lifestyle,2999,1199.6,1799.4,3.5,4,1,express,upi,2026-04-30,0,
ORD002415,CUST01434,PROD014,Beauty,499,99.8,399.2,3.2,1,1,express,card,2025-10-13,0,
ORD002416,CUST00330,PROD011,Fashion,299,59.8,239.2,2.4,2,1,express,upi,2026-07-06,1,Late Delivery
ORD002417,CUST00581,PROD003,Home & Lifestyle,1999,199.9,1799.1,4.1,3,4,standard,card,2026-06-16,1,Quality Issues
ORD002418,CUST01300,PROD010,Fashion,1299,129.9,1169.1,4.8,2,3,standard,cod,2026-01-08,0,
ORD002419,CUST01565,PROD004,Books,499,0.0,499.0,4.2,0,10,economy,card,2026-03-29,0,
ORD002420,CUST01626,PROD012,Beauty,4999,999.8,3999.2,4.2,0,6,standard,card,2026-08-31,0,
ORD002421,CUST01940,PROD010,Fashion,1299,259.8,1039.2,4.9,3,3,standard,upi,2026-08-09,0,
ORD002422,CUST01308,PROD020,Books,4999,1249.75,3749.25,2.7,0,4,standard,wallet,2026-07-13,0,
ORD002423,CUST01945,PROD010,Fashion,1299,259.8,1039.2,4.5,4,8,economy,card,2026-07-17,1,Better Price Elsewhere
ORD002424,CUST01227,PROD014,Beauty,499,74.85,424.15,3.6,4,6,standard,card,2026-02-04,1,Ordered by Mistake
ORD002425,CUST00381,PROD009,Home & Lifestyle,1999,199.9,1799.1,3.7,0,4,standard,upi,2026-05-31,0,
ORD002426,CUST01481,PROD001,Beauty,1999,499.75,1499.25,2.8,0,2,express,cod,2026-07-16,0,
ORD002427,CUST00502,PROD011,Fashion,299,0.0,299.0,2.4,2,1,express,upi,2026-01-08,0,
ORD002428,CUST00009,PROD011,Fashion,299,44.85,254.15,2.5,7,4,standard,card,2025-10-03,0,
ORD002429,CUST00513,PROD009,Home & Lifestyle,1999,299.85,1699.15,3.7,1,1,express,card,2026-04-22,0,
ORD002430,CUST01441,PROD003,Home & Lifestyle,1999,399.8,1599.2,3.8,5,4,standard,card,2026-04-01,1,Damaged/Defective
ORD002431,CUST00738,PROD014,Beauty,499,74.85,424.15,3.4,1,2,express,card,2026-02-07,0,
ORD002432,CUST00696,PROD002,Books,4999,0.0,4999.0,3.6,0,1,express,card,2026-07-06,0,
ORD002433,CUST00514,PROD017,Beauty,299,0.0,299.0,4.7,1,2,express,card,2026-06-28,1,Changed Mind
ORD002434,CUST01001,PROD001,Beauty,1999,199.9,1799.1,3.2,0,3,standard,card,2025-10-31,0,
ORD002435,CUST00155,PROD011,Fashion,299,44.85,254.15,2.2,4,5,standard,card,2025-11-22,1,Changed Mind
ORD002436,CUST00066,PROD019,Electronics,1299,129.9,1169.1,4.2,1,6,standard,card,2026-03-02,1,Product Not as Expected
ORD002437,CUST01038,PROD012,Beauty,4999,499.9,4499.1,4.1,5,3,standard,card,2026-04-25,0,
ORD002438,CUST00916,PROD018,Books,499,99.8,399.2,3.8,4,2,express,cod,2026-01-27,0,
ORD002439,CUST01378,PROD016,Beauty,499,0.0,499.0,3.2,1,5,standard,card,2026-06-20,1,Quality Issues
ORD002440,CUST01839,PROD004,Books,499,99.8,399.2,4.2,4,2,express,cod,2025-12-14,1,Wrong Size
ORD002441,CUST00751,PROD006,Books,1299,129.9,1169.1,2.7,0,11,economy,card,2025-11-18,0,
ORD002442,CUST01197,PROD016,Beauty,499,0.0,499.0,3.6,2,2,express,card,2026-01-26,1,Product Not as Expected
ORD002443,CUST00154,PROD008,Home & Lifestyle,1299,0.0,1299.0,3.7,1,6,standard,wallet,2026-05-02,0,
ORD002444,CUST00993,PROD014,Beauty,499,124.75,374.25,3.7,8,3,standard,cod,2026-06-25,0,
ORD002445,CUST00310,PROD011,Fashion,299,44.85,254.15,2.4,4,6,standard,card,2026-01-27,1,Better Price Elsewhere
ORD002446,CUST01342,PROD006,Books,1299,194.85,1104.15,2.4,0,3,standard,card,2026-09-06,1,Ordered by Mistake
ORD002447,CUST00471,PROD001,Beauty,1999,199.9,1799.1,3.1,0,1,express,card,2026-07-11,0,
ORD002448,CUST00750,PROD007,Fashion,1299,259.8,1039.2,4.6,2,2,express,card,2025-12-29,0,
ORD002449,CUST01088,PROD009,Home & Lifestyle,1999,499.75,1499.25,3.8,5,4,standard,card,2026-01-24,0,
ORD002450,CUST01214,PROD006,Books,1299,389.7,909.3,2.7,0,4,standard,wallet,2025-11-13,0,
ORD002451,CUST01799,PROD015,Beauty,2999,449.85,2549.15,2.4,3,2,express,card,2025-11-27,1,Wrong Size
ORD002452,CUST00569,PROD018,Books,499,0.0,499.0,3.6,3,4,standard,card,2026-04-10,0,
ORD002453,CUST01100,PROD018,Books,499,149.7,349.3,4.0,0,5,standard,wallet,2025-12-20,0,
ORD002454,CUST01609,PROD007,Fashion,1299,519.6,779.4,4.5,0,3,standard,card,2026-05-15,1,Ordered by Mistake
ORD002455,CUST00600,PROD003,Home & Lifestyle,1999,0.0,1999.0,4.2,0,5,standard,card,2026-02-26,1,Quality Issues
ORD002456,CUST01700,PROD020,Books,4999,749.85,4249.15,2.8,6,5,standard,upi,2026-03-26,0,
ORD002457,CUST00462,PROD020,Books,4999,0.0,4999.0,2.8,0,4,standard,cod,2026-06-05,0,
ORD002458,CUST01000,PROD002,Books,4999,0.0,4999.0,3.3,0,3,standard,cod,2025-11-17,0,
ORD002459,CUST00084,PROD009,Home & Lifestyle,1999,0.0,1999.0,3.8,0,5,standard,wallet,2026-05-31,0,
ORD002460,CUST00527,PROD017,Beauty,299,59.8,239.2,4.7,3,2,express,card,2025-11-02,0,
ORD002461,CUST00336,PROD010,Fashion,1299,129.9,1169.1,4.8,0,5,standard,upi,2025-10-28,0,
ORD002462,CUST01717,PROD016,Beauty,499,0.0,499.0,3.4,2,3,standard,cod,2026-05-17,1,Ordered by Mistake
ORD002463,CUST00188,PROD001,Beauty,1999,399.8,1599.2,2.9,2,2,express,card,2026-07-31,0,
ORD002464,CUST01663,PROD015,Beauty,2999,899.7,2099.3,2.5,1,4,standard,upi,2026-04-26,1,Better Price Elsewhere
ORD002465,CUST00712,PROD003,Home & Lifestyle,1999,199.9,1799.1,4.1,2,2,express,upi,2026-07-14,0,
ORD002466,CUST01308,PROD009,Home & Lifestyle,1999,0.0,1999.0,4.1,4,5,standard,card,2026-03-25,1,Late Delivery
ORD002467,CUST00618,PROD010,Fashion,1299,259.8,1039.2,4.5,2,6,standard,upi,2025-12-07,0,
ORD002468,CUST01185,PROD016,Beauty,499,99.8,399.2,3.2,1,6,standard,card,2026-09-02,1,Damaged/Defective
ORD002469,CUST01652,PROD011,Fashion,299,29.9,269.1,2.7,2,4,standard,card,2026-05-31,0,
ORD002470,CUST01833,PROD001,Beauty,1999,0.0,1999.0,2.7,1,5,standard,upi,2026-06-28,0,
ORD002471,CUST01069,PROD014,Beauty,499,124.75,374.25,3.3,2,3,standard,card,2026-05-19,0,
ORD002472,CUST01774,PROD013,Home & Lifestyle,2999,449.85,2549.15,3.1,0,5,standard,cod,2026-04-04,0,
ORD002473,CUST00776,PROD003,Home & Lifestyle,1999,599.7,1399.3,3.6,1,1,express,upi,2026-08-11,0,
ORD002474,CUST01025,PROD019,Electronics,1299,0.0,1299.0,4.1,4,5,standard,cod,2026-05-17,0,
ORD002475,CUST01254,PROD020,Books,4999,1999.6,2999.4,3.1,3,4,standard,upi,2026-01-28,0,
ORD002476,CUST00510,PROD018,Books,499,0.0,499.0,3.6,6,7,economy,card,2026-07-30,1,Wrong Size
ORD002477,CUST01220,PROD009,Home & Lifestyle,1999,399.8,1599.2,3.7,2,3,standard,upi,2026-02-02,0,
ORD002478,CUST00028,PROD020,Books,4999,999.8,3999.2,3.0,1,3,standard,card,2026-01-09,0,
ORD002479,CUST01041,PROD017,Beauty,299,119.6,179.4,4.6,2,6,standard,card,2026-03-08,1,Damaged/Defective
ORD002480,CUST01187,PROD019,Electronics,1299,129.9,1169.1,4.1,1,2,express,card,2026-04-25,0,
ORD002481,CUST01351,PROD020,Books,4999,1249.75,3749.25,2.8,2,3,standard,upi,2025-12-28,1,Wrong Size
ORD002482,CUST01554,PROD012,Beauty,4999,1999.6,2999.4,4.2,4,3,standard,upi,2026-01-10,1,Changed Mind
ORD002483,CUST00002,PROD007,Fashion,1299,0.0,1299.0,4.5,0,4,standard,upi,2026-07-09,0,
ORD002484,CUST00527,PROD020,Books,4999,499.9,4499.1,2.7,3,2,express,upi,2026-02-25,1,Quality Issues
ORD002485,CUST00925,PROD004,Books,499,0.0,499.0,4.5,1,9,economy,upi,2026-06-29,0,
ORD002486,CUST01302,PROD015,Beauty,2999,899.7,2099.3,2.8,6,4,standard,upi,2026-08-20,0,
ORD002487,CUST01042,PROD016,Beauty,499,49.9,449.1,3.6,2,1,express,cod,2026-01-03,1,Quality Issues
ORD002488,CUST00595,PROD014,Beauty,499,0.0,499.0,3.3,1,4,standard,card,2026-08-04,1,Quality Issues
ORD002489,CUST00075,PROD011,Fashion,299,0.0,299.0,2.4,1,2,express,card,2026-07-20,0,
ORD002490,CUST00693,PROD005,Fashion,1299,129.9,1169.1,2.9,0,6,standard,cod,2025-11-17,1,Changed Mind
ORD002491,CUST01595,PROD013,Home & Lifestyle,2999,0.0,2999.0,3.6,5,8,economy,card,2026-02-17,0,
ORD002492,CUST00623,PROD003,Home & Lifestyle,1999,599.7,1399.3,4.0,2,4,standard,card,2025-12-26,0,
ORD002493,CUST01287,PROD011,Fashion,299,44.85,254.15,2.7,2,6,standard,card,2026-02-23,1,Late Delivery
ORD002494,CUST00461,PROD003,Home & Lifestyle,1999,0.0,1999.0,3.8,3,1,express,upi,2026-02-28,1,Ordered by Mistake
ORD002495,CUST00488,PROD006,Books,1299,194.85,1104.15,2.7,1,2,express,cod,2026-05-07,0,
ORD002496,CUST00918,PROD008,Home & Lifestyle,1299,389.7,909.3,4.0,3,6,standard,upi,2026-07-03,1,Damaged/Defective
ORD002497,CUST01117,PROD018,Books,499,49.9,449.1,3.9,1,6,standard,card,2026-06-02,0,
ORD002498,CUST00384,PROD014,Beauty,499,99.8,399.2,3.7,1,5,standard,card,2026-03-14,0,
ORD002499,CUST00488,PROD019,Electronics,1299,519.6,779.4,3.7,0,5,standard,cod,2026-07-22,0,
ORD002500,CUST01012,PROD002,Books,4999,1249.75,3749.25,3.8,5,4,standard,card,2026-02-12,0,
ORD002501,CUST01569,PROD002,Books,4999,0.0,4999.0,3.4,5,6,standard,card,2025-12-18,1,Wrong Size
ORD002502,CUST00682,PROD019,Electronics,1299,129.9,1169.1,4.0,5,2,express,upi,2026-08-31,1,Product Not as Expected
ORD002503,CUST00745,PROD013,Home & Lifestyle,2999,299.9,2699.1,3.2,1,5,standard,card,2026-08-17,0,
ORD002504,CUST00659,PROD017,Beauty,299,59.8,239.2,4.9,3,6,standard,upi,2026-05-05,0,
ORD002505,CUST01070,PROD003,Home & Lifestyle,1999,199.9,1799.1,4.0,2,6,standard,cod,2026-02-19,0,
ORD002506,CUST00221,PROD013,Home & Lifestyle,2999,299.9,2699.1,3.7,4,2,express,card,2026-02-02,0,
ORD002507,CUST00102,PROD020,Books,4999,749.85,4249.15,2.9,2,3,standard,card,2026-01-19,1,Damaged/Defective
ORD002508,CUST00057,PROD003,Home & Lifestyle,1999,599.7,1399.3,3.7,0,4,standard,card,2026-06-23,0,
ORD002509,CUST01140,PROD006,Books,1299,194.85,1104.15,2.4,3,5,standard,card,2026-01-31,1,Wrong Size
ORD002510,CUST01702,PROD005,Fashion,1299,0.0,1299.0,2.7,2,1,express,cod,2026-01-16,0,
ORD002511,CUST00026,PROD015,Beauty,2999,0.0,2999.0,2.8,1,6,standard,upi,2026-06-22,0,
ORD002512,CUST01526,PROD011,Fashion,299,59.8,239.2,2.2,0,6,standard,wallet,2025-10-28,1,Quality Issues
ORD002513,CUST00801,PROD009,Home & Lifestyle,1999,599.7,1399.3,4.1,3,6,standard,upi,2026-01-05,1,Product Not as Expected
ORD002514,CUST00556,PROD008,Home & Lifestyle,1299,259.8,1039.2,3.8,1,6,standard,card,2025-09-16,0,
ORD002515,CUST00170,PROD005,Fashion,1299,0.0,1299.0,3.0,6,5,standard,card,2026-01-24,1,Changed Mind
ORD002516,CUST01385,PROD002,Books,4999,0.0,4999.0,3.5,0,4,standard,card,2025-12-08,0,
ORD002517,CUST00400,PROD002,Books,4999,1249.75,3749.25,3.8,0,1,express,card,2026-02-15,0,
ORD002518,CUST00359,PROD012,Beauty,4999,499.9,4499.1,4.3,4,5,standard,cod,2026-04-02,0,
ORD002519,CUST00760,PROD010,Fashion,1299,0.0,1299.0,4.8,7,6,standard,card,2025-10-03,1,Changed Mind
ORD002520,CUST00234,PROD003,Home & Lifestyle,1999,399.8,1599.2,3.7,4,5,standard,card,2026-06-26,0,
ORD002521,CUST00117,PROD005,Fashion,1299,0.0,1299.0,3.2,0,2,express,upi,2026-08-04,0,
ORD002522,CUST01365,PROD005,Fashion,1299,259.8,1039.2,2.9,4,2,express,card,2025-12-27,0,
ORD002523,CUST00512,PROD012,Beauty,4999,749.85,4249.15,4.0,0,2,express,card,2025-09-27,0,
ORD002524,CUST00232,PROD020,Books,4999,999.8,3999.2,2.9,0,6,standard,card,2025-11-16,1,Late Delivery
ORD002525,CUST00816,PROD009,Home & Lifestyle,1999,399.8,1599.2,3.7,1,5,standard,upi,2026-05-16,0,
ORD002526,CUST00373,PROD012,Beauty,4999,0.0,4999.0,4.0,2,6,standard,upi,2026-03-07,0,
ORD002527,CUST01620,PROD020,Books,4999,749.85,4249.15,3.0,5,3,standard,card,2025-10-22,0,
ORD002528,CUST01590,PROD010,Fashion,1299,519.6,779.4,4.9,0,3,standard,upi,2026-04-26,0,
ORD002529,CUST00935,PROD007,Fashion,1299,0.0,1299.0,4.5,4,6,standard,cod,2025-09-28,0,
ORD002530,CUST01800,PROD020,Books,4999,499.9,4499.1,3.0,4,1,express,upi,2026-02-06,0,
ORD002531,CUST01246,PROD018,Books,499,0.0,499.0,3.4,0,3,standard,card,2025-11-06,0,
ORD002532,CUST01253,PROD012,Beauty,4999,499.9,4499.1,4.4,2,1,express,card,2025-09-12,1,Better Price Elsewhere
ORD002533,CUST01643,PROD009,Home & Lifestyle,1999,799.6,1199.4,4.2,5,1,express,wallet,2026-08-22,1,Damaged/Defective
ORD002534,CUST00521,PROD019,Electronics,1299,324.75,974.25,3.7,4,2,express,card,2025-10-17,1,Late Delivery
ORD002535,CUST00277,PROD016,Beauty,499,49.9,449.1,3.7,2,6,standard,upi,2026-07-21,0,
ORD002536,CUST00787,PROD003,Home & Lifestyle,1999,299.85,1699.15,4.1,4,1,express,upi,2025-11-19,1,Damaged/Defective
ORD002537,CUST01331,PROD007,Fashion,1299,194.85,1104.15,4.9,3,3,standard,upi,2025-12-29,0,
ORD002538,CUST01585,PROD006,Books,1299,194.85,1104.15,2.4,3,4,standard,cod,2026-08-07,1,Product Not as Expected
ORD002539,CUST00771,PROD005,Fashion,1299,324.75,974.25,3.0,4,2,express,card,2026-02-23,0,
ORD002540,CUST00058,PROD004,Books,499,124.75,374.25,4.2,3,1,express,card,2025-09-22,1,Quality Issues
ORD002541,CUST01377,PROD014,Beauty,499,199.6,299.4,3.7,0,3,standard,upi,2026-03-01,0,
ORD002542,CUST01114,PROD005,Fashion,1299,194.85,1104.15,3.0,1,2,express,cod,2025-12-19,1,Changed Mind
ORD002543,CUST01378,PROD018,Books,499,49.9,449.1,4.0,0,6,standard,cod,2025-10-08,0,
ORD002544,CUST01725,PROD008,Home & Lifestyle,1299,0.0,1299.0,3.5,0,4,standard,card,2025-10-11,0,
ORD002545,CUST01457,PROD004,Books,499,124.75,374.25,4.1,1,1,express,card,2026-01-12,0,
ORD002546,CUST00940,PROD017,Beauty,299,44.85,254.15,4.4,2,2,express,upi,2026-05-02,0,
ORD002547,CUST01384,PROD008,Home & Lifestyle,1299,259.8,1039.2,3.6,0,1,express,card,2025-10-16,0,
ORD002548,CUST01602,PROD018,Books,499,49.9,449.1,3.8,1,6,standard,upi,2026-01-09,0,
ORD002549,CUST00103,PROD017,Beauty,299,29.9,269.1,4.5,1,5,standard,cod,2026-01-15,0,
ORD002550,CUST00559,PROD006,Books,1299,0.0,1299.0,2.9,5,1,express,upi,2026-02-26,1,Ordered by Mistake
ORD002551,CUST00994,PROD014,Beauty,499,99.8,399.2,3.5,6,6,standard,card,2025-09-12,0,
ORD002552,CUST00936,PROD012,Beauty,4999,499.9,4499.1,4.0,0,6,standard,card,2026-04-16,0,
ORD002553,CUST01031,PROD016,Beauty,499,0.0,499.0,3.7,0,5,standard,cod,2025-09-22,1,Quality Issues
ORD002554,CUST00775,PROD016,Beauty,499,149.7,349.3,3.6,0,2,express,cod,2026-02-17,0,
ORD002555,CUST01815,PROD014,Beauty,499,74.85,424.15,3.4,6,6,standard,card,2026-03-14,0,
ORD002556,CUST00817,PROD006,Books,1299,0.0,1299.0,2.4,1,1,express,upi,2026-01-11,0,
ORD002557,CUST00647,PROD004,Books,499,99.8,399.2,4.1,1,7,economy,card,2025-12-01,0,
ORD002558,CUST00341,PROD008,Home & Lifestyle,1299,129.9,1169.1,3.8,0,4,standard,card,2026-04-10,0,
ORD002559,CUST01726,PROD006,Books,1299,259.8,1039.2,2.5,2,3,standard,upi,2026-02-28,0,
ORD002560,CUST00571,PROD006,Books,1299,129.9,1169.1,2.8,5,6,standard,card,2025-11-08,1,Quality Issues
ORD002561,CUST00299,PROD010,Fashion,1299,0.0,1299.0,4.5,1,6,standard,upi,2025-12-23,1,Late Delivery
ORD002562,CUST01406,PROD001,Beauty,1999,0.0,1999.0,3.0,3,10,economy,upi,2026-01-28,1,Late Delivery
ORD002563,CUST01928,PROD015,Beauty,2999,749.75,2249.25,2.8,0,2,express,card,2026-09-06,0,
ORD002564,CUST00206,PROD020,Books,4999,499.9,4499.1,2.8,4,2,express,cod,2026-02-14,0,
ORD002565,CUST01875,PROD005,Fashion,1299,194.85,1104.15,2.6,3,8,economy,card,2026-08-06,1,Quality Issues
ORD002566,CUST00468,PROD017,Beauty,299,59.8,239.2,4.7,2,5,standard,card,2026-07-15,1,Wrong Size
ORD002567,CUST01176,PROD005,Fashion,1299,129.9,1169.1,2.7,0,7,economy,card,2026-04-04,0,
ORD002568,CUST00955,PROD015,Beauty,2999,1199.6,1799.4,2.7,5,4,standard,upi,2025-09-13,1,Wrong Size
ORD002569,CUST01557,PROD018,Books,499,0.0,499.0,4.0,1,2,express,card,2026-09-04,0,
ORD002570,CUST00115,PROD012,Beauty,4999,0.0,4999.0,4.2,4,3,standard,upi,2026-01-13,0,
ORD002571,CUST00327,PROD003,Home & Lifestyle,1999,0.0,1999.0,3.7,0,3,standard,cod,2026-05-05,0,
ORD002572,CUST00333,PROD013,Home & Lifestyle,2999,0.0,2999.0,3.6,1,5,standard,upi,2026-07-13,0,
ORD002573,CUST01529,PROD014,Beauty,499,0.0,499.0,3.6,5,4,standard,card,2026-06-09,0,
ORD002574,CUST00296,PROD001,Beauty,1999,0.0,1999.0,2.8,6,4,standard,wallet,2026-03-13,0,
ORD002575,CUST00341,PROD019,Electronics,1299,194.85,1104.15,3.9,0,4,standard,upi,2025-10-01,0,
ORD002576,CUST00894,PROD012,Beauty,4999,749.85,4249.15,4.0,3,8,economy,card,2026-08-04,0,
ORD002577,CUST01276,PROD011,Fashion,299,0.0,299.0,2.2,7,4,standard,cod,2025-09-26,1,Wrong Size
ORD002578,CUST01582,PROD012,Beauty,4999,1999.6,2999.4,4.4,4,2,express,card,2025-10-03,0,
ORD002579,CUST01779,PROD002,Books,4999,1249.75,3749.25,3.2,1,5,standard,upi,2026-02-21,0,
ORD002580,CUST01034,PROD002,Books,4999,1999.6,2999.4,3.7,4,3,standard,card,2026-06-20,0,
ORD002581,CUST00766,PROD009,Home & Lifestyle,1999,0.0,1999.0,3.9,1,5,standard,card,2026-07-12,0,
ORD002582,CUST01306,PROD018,Books,499,49.9,449.1,4.0,2,8,economy,card,2025-10-23,0,
ORD002583,CUST00301,PROD008,Home & Lifestyle,1299,0.0,1299.0,3.6,2,4,standard,upi,2026-03-13,1,Damaged/Defective
ORD002584,CUST00049,PROD012,Beauty,4999,0.0,4999.0,4.2,6,2,express,upi,2026-07-14,1,Ordered by Mistake
ORD002585,CUST00560,PROD012,Beauty,4999,999.8,3999.2,4.0,2,3,standard,cod,2025-09-28,0,
ORD002586,CUST00192,PROD008,Home & Lifestyle,1299,0.0,1299.0,3.9,0,6,standard,card,2026-01-24,1,Ordered by Mistake
ORD002587,CUST00174,PROD006,Books,1299,0.0,1299.0,2.5,4,3,standard,upi,2026-02-19,1,Ordered by Mistake
ORD002588,CUST00370,PROD012,Beauty,4999,1499.7,3499.3,3.8,0,3,standard,upi,2025-11-13,1,Changed Mind
ORD002589,CUST00006,PROD009,Home & Lifestyle,1999,199.9,1799.1,4.1,0,6,standard,card,2026-09-02,0,
ORD002590,CUST01866,PROD011,Fashion,299,29.9,269.1,2.5,1,6,standard,upi,2025-10-04,1,Late Delivery
ORD002591,CUST00025,PROD016,Beauty,499,74.85,424.15,3.1,0,5,standard,card,2025-09-12,1,Late Delivery
ORD002592,CUST00700,PROD016,Beauty,499,99.8,399.2,3.2,1,3,standard,cod,2026-05-21,1,Better Price Elsewhere
ORD002593,CUST00722,PROD005,Fashion,1299,0.0,1299.0,2.8,7,3,standard,cod,2026-05-04,0,
ORD002594,CUST00209,PROD012,Beauty,4999,1999.6,2999.4,4.3,1,1,express,card,2025-09-22,1,Damaged/Defective
ORD002595,CUST00588,PROD012,Beauty,4999,999.8,3999.2,3.9,3,3,standard,wallet,2026-01-21,0,
ORD002596,CUST00677,PROD007,Fashion,1299,324.75,974.25,5.0,0,4,standard,card,2026-05-07,0,
ORD002597,CUST01823,PROD007,Fashion,1299,0.0,1299.0,4.9,4,1,express,card,2026-06-17,0,
ORD002598,CUST00216,PROD005,Fashion,1299,259.8,1039.2,3.0,2,2,express,card,2025-09-28,0,
ORD002599,CUST01515,PROD004,Books,499,74.85,424.15,4.3,0,5,standard,card,2026-07-12,1,Changed Mind
ORD002600,CUST01357,PROD019,Electronics,1299,0.0,1299.0,3.9,1,2,express,card,2026-03-16,0,
ORD002601,CUST01599,PROD013,Home & Lifestyle,2999,449.85,2549.15,3.1,9,6,standard,card,2025-11-09,0,
ORD002602,CUST00660,PROD016,Beauty,499,0.0,499.0,3.5,3,4,standard,wallet,2025-12-08,0,
ORD002603,CUST00656,PROD014,Beauty,499,199.6,299.4,3.3,0,3,standard,cod,2026-01-21,1,Wrong Size
ORD002604,CUST00233,PROD010,Fashion,1299,0.0,1299.0,4.6,2,4,standard,cod,2026-08-05,1,Late Delivery
ORD002605,CUST00216,PROD017,Beauty,299,89.7,209.3,4.7,0,1,express,card,2025-11-28,0,
ORD002606,CUST01983,PROD007,Fashion,1299,324.75,974.25,4.6,2,1,express,upi,2025-12-22,0,
ORD002607,CUST01212,PROD009,Home & Lifestyle,1999,399.8,1599.2,4.0,7,8,economy,cod,2025-10-30,0,
ORD002608,CUST00770,PROD009,Home & Lifestyle,1999,0.0,1999.0,4.0,0,4,standard,cod,2025-09-20,0,
ORD002609,CUST00731,PROD018,Books,499,74.85,424.15,3.9,1,1,express,card,2026-06-23,1,Late Delivery
ORD002610,CUST00686,PROD020,Books,4999,1249.75,3749.25,2.8,1,1,express,card,2026-06-17,1,Better Price Elsewhere
ORD002611,CUST01787,PROD009,Home & Lifestyle,1999,399.8,1599.2,4.0,1,4,standard,card,2026-03-28,0,
ORD002612,CUST00601,PROD007,Fashion,1299,129.9,1169.1,4.5,6,6,standard,upi,2026-04-14,0,
ORD002613,CUST01793,PROD009,Home & Lifestyle,1999,399.8,1599.2,4.1,1,1,express,upi,2025-10-21,0,
ORD002614,CUST00453,PROD004,Books,499,74.85,424.15,4.3,0,5,standard,card,2025-10-11,1,Late Delivery
ORD002615,CUST01556,PROD006,Books,1299,259.8,1039.2,2.7,2,2,express,card,2025-12-10,0,
ORD002616,CUST00335,PROD003,Home & Lifestyle,1999,0.0,1999.0,3.8,5,4,standard,card,2026-06-25,1,Product Not as Expected
ORD002617,CUST00667,PROD008,Home & Lifestyle,1299,129.9,1169.1,3.7,5,5,standard,upi,2026-03-19,0,
ORD002618,CUST00616,PROD007,Fashion,1299,0.0,1299.0,5.0,3,5,standard,upi,2025-10-17,0,
ORD002619,CUST01248,PROD006,Books,1299,0.0,1299.0,2.4,4,2,express,upi,2025-10-15,0,
ORD002620,CUST01254,PROD003,Home & Lifestyle,1999,799.6,1199.4,3.8,0,6,standard,cod,2026-08-19,1,Product Not as Expected
ORD002621,CUST01379,PROD004,Books,499,0.0,499.0,4.0,3,1,express,card,2026-01-13,0,
ORD002622,CUST01271,PROD011,Fashion,299,0.0,299.0,2.7,5,6,standard,card,2025-12-18,1,Better Price Elsewhere
ORD002623,CUST01700,PROD019,Electronics,1299,324.75,974.25,4.2,2,1,express,cod,2025-11-12,0,
ORD002624,CUST01806,PROD018,Books,499,149.7,349.3,3.9,2,3,standard,cod,2025-10-22,0,
ORD002625,CUST00415,PROD017,Beauty,299,0.0,299.0,5.0,1,3,standard,cod,2026-05-25,0,
ORD002626,CUST01640,PROD019,Electronics,1299,0.0,1299.0,4.0,2,4,standard,card,2025-12-24,0,
ORD002627,CUST00907,PROD003,Home & Lifestyle,1999,0.0,1999.0,4.2,0,6,standard,cod,2025-12-18,1,Changed Mind
ORD002628,CUST01217,PROD004,Books,499,0.0,499.0,4.2,0,5,standard,upi,2026-07-18,0,
ORD002629,CUST00084,PROD011,Fashion,299,29.9,269.1,2.8,4,4,standard,card,2026-06-02,0,
ORD002630,CUST01719,PROD007,Fashion,1299,129.9,1169.1,4.9,1,2,express,upi,2026-03-16,0,
ORD002631,CUST00542,PROD006,Books,1299,0.0,1299.0,2.6,0,7,economy,card,2025-12-20,1,Changed Mind
ORD002632,CUST01629,PROD007,Fashion,1299,0.0,1299.0,4.5,4,1,express,card,2026-02-15,1,Changed Mind
ORD002633,CUST00812,PROD019,Electronics,1299,519.6,779.4,4.1,4,8,economy,wallet,2026-04-27,1,Product Not as Expected
ORD002634,CUST00267,PROD011,Fashion,299,0.0,299.0,2.5,0,5,standard,cod,2026-05-02,1,Better Price Elsewhere
ORD002635,CUST01565,PROD014,Beauty,499,149.7,349.3,3.7,0,9,economy,upi,2026-03-01,1,Damaged/Defective
ORD002636,CUST00154,PROD017,Beauty,299,0.0,299.0,4.6,2,11,economy,cod,2026-05-12,0,
ORD002637,CUST01767,PROD018,Books,499,99.8,399.2,3.7,1,4,standard,upi,2025-09-23,0,
ORD002638,CUST01742,PROD010,Fashion,1299,0.0,1299.0,4.9,4,1,express,upi,2026-05-03,0,
ORD002639,CUST00320,PROD009,Home & Lifestyle,1999,299.85,1699.15,3.8,5,6,standard,card,2025-11-29,0,
ORD002640,CUST01351,PROD011,Fashion,299,0.0,299.0,2.3,5,3,standard,card,2026-06-29,1,Damaged/Defective
ORD002641,CUST01317,PROD016,Beauty,499,199.6,299.4,3.3,0,1,express,card,2025-10-20,1,Ordered by Mistake
ORD002642,CUST01525,PROD017,Beauty,299,0.0,299.0,4.4,0,5,standard,upi,2026-02-25,0,
ORD002643,CUST00579,PROD005,Fashion,1299,324.75,974.25,2.6,1,4,standard,card,2026-02-12,0,
ORD002644,CUST01912,PROD011,Fashion,299,74.75,224.25,2.4,5,3,standard,upi,2025-10-25,0,
ORD002645,CUST00747,PROD011,Fashion,299,0.0,299.0,2.8,3,5,standard,upi,2026-09-05,0,
ORD002646,CUST00733,PROD012,Beauty,4999,1249.75,3749.25,4.4,0,5,standard,card,2026-03-13,1,Ordered by Mistake
ORD002647,CUST00237,PROD007,Fashion,1299,389.7,909.3,4.5,1,6,standard,upi,2026-05-15,0,
ORD002648,CUST01971,PROD002,Books,4999,0.0,4999.0,3.7,1,5,standard,card,2025-12-05,0,
ORD002649,CUST00922,PROD001,Beauty,1999,0.0,1999.0,2.9,1,3,standard,wallet,2026-03-26,0,
ORD002650,CUST01689,PROD017,Beauty,299,29.9,269.1,4.7,1,2,express,card,2026-04-24,0,
ORD002651,CUST01892,PROD007,Fashion,1299,0.0,1299.0,4.6,5,4,standard,card,2026-08-05,1,Better Price Elsewhere
ORD002652,CUST01572,PROD004,Books,499,99.8,399.2,4.4,6,2,express,upi,2025-11-14,0,
ORD002653,CUST01265,PROD002,Books,4999,1249.75,3749.25,3.6,0,4,standard,cod,2026-07-18,0,
ORD002654,CUST00789,PROD007,Fashion,1299,0.0,1299.0,4.6,0,4,standard,card,2025-12-26,0,
ORD002655,CUST01532,PROD012,Beauty,4999,999.8,3999.2,3.9,2,6,standard,cod,2026-03-02,0,
ORD002656,CUST00092,PROD010,Fashion,1299,259.8,1039.2,4.7,3,6,standard,upi,2026-03-01,1,Changed Mind
ORD002657,CUST00724,PROD013,Home & Lifestyle,2999,449.85,2549.15,3.3,2,8,economy,upi,2026-04-19,0,
ORD002658,CUST00515,PROD004,Books,499,124.75,374.25,4.1,2,3,standard,cod,2026-05-08,0,
ORD002659,CUST01017,PROD019,Electronics,1299,389.7,909.3,3.7,6,4,standard,upi,2025-11-26,1,Quality Issues
ORD002660,CUST00441,PROD003,Home & Lifestyle,1999,0.0,1999.0,4.1,0,6,standard,upi,2026-08-31,0,
ORD002661,CUST00844,PROD005,Fashion,1299,129.9,1169.1,2.6,0,1,express,upi,2025-09-15,1,Better Price Elsewhere
ORD002662,CUST00787,PROD014,Beauty,499,124.75,374.25,3.2,2,7,economy,card,2026-06-24,1,Better Price Elsewhere
ORD002663,CUST00407,PROD017,Beauty,299,59.8,239.2,4.9,0,1,express,upi,2026-02-19,0,
ORD002664,CUST01633,PROD006,Books,1299,129.9,1169.1,2.3,0,6,standard,cod,2025-11-07,0,
ORD002665,CUST01242,PROD003,Home & Lifestyle,1999,199.9,1799.1,3.6,0,2,express,cod,2026-02-15,1,Late Delivery
ORD002666,CUST00993,PROD009,Home & Lifestyle,1999,0.0,1999.0,3.8,4,3,standard,card,2025-12-20,0,
ORD002667,CUST01314,PROD001,Beauty,1999,299.85,1699.15,3.2,2,6,standard,wallet,2026-07-31,1,Product Not as Expected
ORD002668,CUST00178,PROD011,Fashion,299,0.0,299.0,2.7,6,2,express,card,2025-11-03,0,
ORD002669,CUST01325,PROD002,Books,4999,1249.75,3749.25,3.5,0,5,standard,card,2026-02-12,0,
ORD002670,CUST01922,PROD018,Books,499,124.75,374.25,3.6,4,4,standard,cod,2026-08-23,0,
ORD002671,CUST00691,PROD013,Home & Lifestyle,2999,0.0,2999.0,3.7,7,3,standard,card,2026-08-26,0,
ORD002672,CUST00655,PROD005,Fashion,1299,389.7,909.3,2.7,6,9,economy,upi,2025-11-16,1,Quality Issues
ORD002673,CUST00658,PROD013,Home & Lifestyle,2999,0.0,2999.0,3.3,1,3,standard,upi,2026-04-08,1,Wrong Size
ORD002674,CUST01982,PROD008,Home & Lifestyle,1299,324.75,974.25,3.8,0,6,standard,card,2025-12-09,0,
ORD002675,CUST00273,PROD020,Books,4999,749.85,4249.15,2.8,1,2,express,upi,2026-06-05,0,
ORD002676,CUST00244,PROD005,Fashion,1299,0.0,1299.0,2.7,6,6,standard,card,2025-11-01,1,Better Price Elsewhere
ORD002677,CUST00841,PROD016,Beauty,499,74.85,424.15,3.2,3,2,express,cod,2025-09-11,1,Late Delivery
ORD002678,CUST01317,PROD003,Home & Lifestyle,1999,0.0,1999.0,4.1,0,5,standard,card,2026-04-02,1,Better Price Elsewhere
ORD002679,CUST01074,PROD001,Beauty,1999,199.9,1799.1,2.8,0,1,express,cod,2026-07-14,0,
ORD002680,CUST01812,PROD003,Home & Lifestyle,1999,499.75,1499.25,3.8,1,3,standard,card,2026-05-29,0,
ORD002681,CUST01576,PROD015,Beauty,2999,0.0,2999.0,2.7,1,1,express,cod,2025-11-28,1,Damaged/Defective
ORD002682,CUST01296,PROD010,Fashion,1299,194.85,1104.15,4.5,2,1,express,cod,2026-06-06,1,Product Not as Expected
ORD002683,CUST00240,PROD019,Electronics,1299,194.85,1104.15,4.0,2,5,standard,card,2026-04-16,0,
ORD002684,CUST01440,PROD013,Home & Lifestyle,2999,599.8,2399.2,3.4,4,6,standard,card,2026-04-03,0,
ORD002685,CUST01259,PROD006,Books,1299,389.7,909.3,2.4,0,6,standard,card,2026-06-17,0,
ORD002686,CUST01530,PROD017,Beauty,299,29.9,269.1,4.4,0,4,standard,card,2026-01-09,1,Quality Issues
ORD002687,CUST01529,PROD015,Beauty,2999,899.7,2099.3,2.7,0,3,standard,wallet,2026-04-29,1,Quality Issues
ORD002688,CUST00168,PROD013,Home & Lifestyle,2999,749.75,2249.25,3.7,1,5,standard,upi,2026-03-09,0,
ORD002689,CUST00829,PROD002,Books,4999,749.85,4249.15,3.5,2,6,standard,upi,2026-03-06,1,Changed Mind
ORD002690,CUST01565,PROD005,Fashion,1299,389.7,909.3,3.0,1,2,express,card,2025-10-19,0,
ORD002691,CUST00173,PROD017,Beauty,299,29.9,269.1,4.8,0,1,express,card,2026-04-10,1,Quality Issues
ORD002692,CUST01926,PROD015,Beauty,2999,0.0,2999.0,2.9,6,6,standard,card,2026-04-21,1,Late Delivery
ORD002693,CUST00169,PROD015,Beauty,2999,0.0,2999.0,2.5,5,4,standard,cod,2025-10-16,1,Quality Issues
ORD002694,CUST00450,PROD018,Books,499,99.8,399.2,3.6,0,3,standard,card,2025-11-11,0,
ORD002695,CUST01113,PROD008,Home & Lifestyle,1299,0.0,1299.0,3.9,7,2,express,card,2025-09-13,1,Quality Issues
ORD002696,CUST01260,PROD012,Beauty,4999,499.9,4499.1,4.2,0,11,economy,card,2026-07-30,0,
ORD002697,CUST00356,PROD015,Beauty,2999,899.7,2099.3,2.9,3,5,standard,upi,2026-03-18,1,Quality Issues
ORD002698,CUST00351,PROD013,Home & Lifestyle,2999,299.9,2699.1,3.6,5,3,standard,card,2026-06-22,0,
ORD002699,CUST01742,PROD012,Beauty,4999,499.9,4499.1,4.3,3,3,standard,card,2025-09-25,0,
ORD002700,CUST01696,PROD003,Home & Lifestyle,1999,399.8,1599.2,3.7,0,1,express,cod,2026-04-11,1,Quality Issues
ORD002701,CUST01496,PROD004,Books,499,49.9,449.1,4.2,2,5,standard,cod,2026-04-07,0,
ORD002702,CUST00182,PROD017,Beauty,299,29.9,269.1,5.0,4,5,standard,upi,2026-03-13,0,
ORD002703,CUST00958,PROD006,Books,1299,259.8,1039.2,2.7,0,2,express,cod,2026-07-16,0,
ORD002704,CUST01255,PROD012,Beauty,4999,1249.75,3749.25,3.9,6,7,economy,upi,2026-05-01,1,Changed Mind
ORD002705,CUST00850,PROD019,Electronics,1299,0.0,1299.0,3.8,3,6,standard,cod,2026-02-20,1,Late Delivery
ORD002706,CUST00812,PROD004,Books,499,124.75,374.25,4.0,0,2,express,card,2025-12-22,0,
ORD002707,CUST00483,PROD009,Home & Lifestyle,1999,299.85,1699.15,3.9,0,1,express,wallet,2025-09-12,0,
ORD002708,CUST00615,PROD018,Books,499,124.75,374.25,3.7,3,3,standard,cod,2026-06-13,0,
ORD002709,CUST01451,PROD006,Books,1299,129.9,1169.1,2.8,0,9,economy,upi,2025-11-19,0,
ORD002710,CUST01686,PROD018,Books,499,74.85,424.15,3.8,4,1,express,upi,2026-02-08,0,
ORD002711,CUST01990,PROD017,Beauty,299,29.9,269.1,4.7,0,2,express,card,2026-03-20,0,
ORD002712,CUST01149,PROD018,Books,499,49.9,449.1,3.7,6,2,express,card,2026-01-25,1,Product Not as Expected
ORD002713,CUST01794,PROD006,Books,1299,194.85,1104.15,2.5,3,6,standard,upi,2026-03-12,0,
ORD002714,CUST01191,PROD007,Fashion,1299,0.0,1299.0,5.0,3,11,economy,cod,2025-10-01,1,Changed Mind
ORD002715,CUST00475,PROD008,Home & Lifestyle,1299,129.9,1169.1,3.6,1,2,express,card,2026-07-23,0,
ORD002716,CUST01174,PROD010,Fashion,1299,129.9,1169.1,4.5,2,5,standard,upi,2026-05-16,0,
ORD002717,CUST00450,PROD019,Electronics,1299,0.0,1299.0,3.9,1,6,standard,card,2026-09-08,0,
ORD002718,CUST01956,PROD001,Beauty,1999,599.7,1399.3,3.0,2,5,standard,card,2026-06-16,0,
ORD002719,CUST01448,PROD006,Books,1299,0.0,1299.0,2.9,0,1,express,card,2026-08-09,0,
ORD002720,CUST00671,PROD020,Books,4999,499.9,4499.1,2.7,1,4,standard,card,2026-03-21,1,Wrong Size
ORD002721,CUST00640,PROD017,Beauty,299,119.6,179.4,4.5,0,2,express,cod,2026-04-29,0,
ORD002722,CUST01988,PROD020,Books,4999,999.8,3999.2,3.0,2,1,express,card,2026-04-20,0,
ORD002723,CUST00810,PROD003,Home & Lifestyle,1999,299.85,1699.15,3.9,3,2,express,card,2026-08-10,0,
ORD002724,CUST01386,PROD010,Fashion,1299,0.0,1299.0,4.4,1,6,standard,card,2025-12-05,1,Late Delivery
ORD002725,CUST01183,PROD017,Beauty,299,0.0,299.0,4.8,2,3,standard,card,2026-05-31,0,
ORD002726,CUST01016,PROD003,Home & Lifestyle,1999,399.8,1599.2,3.7,0,4,standard,card,2026-04-12,0,
ORD002727,CUST00788,PROD008,Home & Lifestyle,1299,259.8,1039.2,3.9,0,6,standard,card,2026-03-28,1,Better Price Elsewhere
ORD002728,CUST01883,PROD011,Fashion,299,0.0,299.0,2.4,0,2,express,card,2026-02-28,0,
ORD002729,CUST00006,PROD015,Beauty,2999,599.8,2399.2,2.8,0,4,standard,card,2026-03-04,0,
ORD002730,CUST01053,PROD008,Home & Lifestyle,1299,324.75,974.25,3.7,2,5,standard,upi,2026-04-08,0,
ORD002731,CUST01982,PROD001,Beauty,1999,0.0,1999.0,3.1,1,9,economy,card,2026-05-29,1,Changed Mind
ORD002732,CUST00611,PROD007,Fashion,1299,259.8,1039.2,4.9,1,2,express,cod,2026-02-12,1,Better Price Elsewhere
ORD002733,CUST01243,PROD002,Books,4999,0.0,4999.0,3.7,0,3,standard,upi,2025-10-08,0,
ORD002734,CUST00213,PROD014,Beauty,499,149.7,349.3,3.7,3,2,express,card,2025-11-05,1,Wrong Size
ORD002735,CUST01728,PROD014,Beauty,499,0.0,499.0,3.5,0,5,standard,upi,2026-05-12,1,Product Not as Expected
ORD002736,CUST01711,PROD005,Fashion,1299,129.9,1169.1,3.0,0,5,standard,cod,2026-07-29,0,
ORD002737,CUST00589,PROD003,Home & Lifestyle,1999,0.0,1999.0,3.7,0,4,standard,card,2026-08-25,1,Damaged/Defective
ORD002738,CUST01753,PROD018,Books,499,0.0,499.0,3.7,5,6,standard,card,2026-02-04,0,
ORD002739,CUST00359,PROD018,Books,499,149.7,349.3,3.9,0,2,express,upi,2026-04-12,0,
ORD002740,CUST00872,PROD015,Beauty,2999,1199.6,1799.4,2.9,0,5,standard,card,2026-05-02,1,Changed Mind
ORD002741,CUST00740,PROD018,Books,499,74.85,424.15,3.4,1,3,standard,upi,2025-09-24,1,Quality Issues
ORD002742,CUST01266,PROD002,Books,4999,0.0,4999.0,3.4,3,3,standard,card,2026-07-07,0,
ORD002743,CUST00072,PROD020,Books,4999,999.8,3999.2,2.6,0,6,standard,upi,2026-08-03,1,Late Delivery
ORD002744,CUST00998,PROD008,Home & Lifestyle,1299,0.0,1299.0,3.7,0,6,standard,card,2026-07-27,1,Late Delivery
ORD002745,CUST01039,PROD018,Books,499,49.9,449.1,4.0,3,2,express,card,2025-12-19,1,Quality Issues
ORD002746,CUST00736,PROD007,Fashion,1299,259.8,1039.2,4.4,0,1,express,card,2026-03-21,1,Late Delivery
ORD002747,CUST00151,PROD003,Home & Lifestyle,1999,0.0,1999.0,3.9,0,4,standard,cod,2026-03-16,0,
ORD002748,CUST01810,PROD019,Electronics,1299,129.9,1169.1,4.1,1,6,standard,cod,2025-12-31,1,Product Not as Expected
ORD002749,CUST00391,PROD020,Books,4999,499.9,4499.1,2.7,0,3,standard,upi,2026-09-01,1,Quality Issues
ORD002750,CUST00274,PROD005,Fashion,1299,194.85,1104.15,3.0,4,2,express,card,2025-09-13,1,Wrong Size
ORD002751,CUST00262,PROD012,Beauty,4999,0.0,4999.0,4.2,0,4,standard,upi,2026-08-03,1,Late Delivery
ORD002752,CUST01585,PROD020,Books,4999,1999.6,2999.4,2.9,0,4,standard,cod,2026-05-31,1,Wrong Size
ORD002753,CUST00411,PROD017,Beauty,299,0.0,299.0,4.5,0,4,standard,card,2026-09-08,1,Ordered by Mistake
ORD002754,CUST00511,PROD015,Beauty,2999,0.0,2999.0,2.8,1,8,economy,wallet,2026-04-22,0,
ORD002755,CUST01370,PROD018,Books,499,49.9,449.1,3.6,2,5,standard,upi,2026-03-14,0,
ORD002756,CUST00430,PROD007,Fashion,1299,0.0,1299.0,4.6,6,5,standard,cod,2026-05-25,0,
ORD002757,CUST00301,PROD012,Beauty,4999,0.0,4999.0,4.3,0,2,express,card,2025-12-14,0,
ORD002758,CUST00029,PROD018,Books,499,124.75,374.25,3.9,0,4,standard,upi,2026-09-01,0,
ORD002759,CUST00592,PROD002,Books,4999,0.0,4999.0,3.7,2,5,standard,card,2026-08-08,1,Wrong Size
ORD002760,CUST00854,PROD002,Books,4999,0.0,4999.0,3.6,2,4,standard,upi,2026-04-19,0,
ORD002761,CUST00430,PROD009,Home & Lifestyle,1999,0.0,1999.0,4.1,3,4,standard,card,2025-10-11,1,Better Price Elsewhere
ORD002762,CUST00067,PROD013,Home & Lifestyle,2999,0.0,2999.0,3.4,4,1,express,card,2025-12-11,0,
ORD002763,CUST00121,PROD007,Fashion,1299,0.0,1299.0,4.4,2,2,express,card,2026-02-12,0,
ORD002764,CUST01434,PROD012,Beauty,4999,999.8,3999.2,4.2,0,1,express,card,2025-11-14,0,
ORD002765,CUST01707,PROD009,Home & Lifestyle,1999,599.7,1399.3,3.8,7,4,standard,cod,2025-10-01,0,
ORD002766,CUST00736,PROD014,Beauty,499,0.0,499.0,3.5,1,2,express,card,2026-04-20,0,
ORD002767,CUST00763,PROD014,Beauty,499,99.8,399.2,3.7,5,3,standard,upi,2026-07-29,0,
ORD002768,CUST00271,PROD007,Fashion,1299,259.8,1039.2,4.5,1,3,standard,card,2025-10-01,1,Changed Mind
ORD002769,CUST01907,PROD006,Books,1299,0.0,1299.0,2.3,3,2,express,cod,2025-11-10,1,Wrong Size
ORD002770,CUST01306,PROD006,Books,1299,259.8,1039.2,2.4,2,2,express,card,2025-11-30,0,
ORD002771,CUST00596,PROD006,Books,1299,0.0,1299.0,2.8,7,6,standard,upi,2026-02-14,0,
ORD002772,CUST01260,PROD010,Fashion,1299,324.75,974.25,4.8,8,1,express,upi,2026-01-29,1,Better Price Elsewhere
ORD002773,CUST00254,PROD014,Beauty,499,124.75,374.25,3.7,2,5,standard,card,2025-11-20,1,Quality Issues
ORD002774,CUST00872,PROD014,Beauty,499,0.0,499.0,3.5,2,3,standard,upi,2025-11-11,1,Late Delivery
ORD002775,CUST00119,PROD003,Home & Lifestyle,1999,399.8,1599.2,4.1,3,2,express,upi,2025-10-14,1,Late Delivery
ORD002776,CUST01058,PROD010,Fashion,1299,389.7,909.3,4.4,1,5,standard,upi,2025-11-12,0,
ORD002777,CUST00643,PROD017,Beauty,299,0.0,299.0,4.7,3,4,standard,card,2026-05-29,1,Late Delivery
ORD002778,CUST00504,PROD012,Beauty,4999,0.0,4999.0,4.3,5,1,express,upi,2026-06-09,1,Ordered by Mistake
ORD002779,CUST00118,PROD018,Books,499,0.0,499.0,3.8,0,2,express,card,2026-04-27,0,
ORD002780,CUST00228,PROD002,Books,4999,499.9,4499.1,3.4,5,1,express,cod,2026-04-20,0,
ORD002781,CUST00308,PROD001,Beauty,1999,599.7,1399.3,2.6,0,9,economy,card,2026-07-25,1,Quality Issues
ORD002782,CUST01394,PROD014,Beauty,499,0.0,499.0,3.4,3,8,economy,card,2025-10-11,0,
ORD002783,CUST01170,PROD004,Books,499,124.75,374.25,4.3,6,6,standard,card,2026-04-05,1,Wrong Size
ORD002784,CUST01446,PROD013,Home & Lifestyle,2999,599.8,2399.2,3.6,1,4,standard,upi,2025-10-23,0,
ORD002785,CUST00159,PROD001,Beauty,1999,499.75,1499.25,2.6,5,2,express,card,2026-04-13,0,
ORD002786,CUST01460,PROD001,Beauty,1999,199.9,1799.1,2.9,1,3,standard,card,2026-06-20,0,
ORD002787,CUST01871,PROD010,Fashion,1299,259.8,1039.2,4.9,3,2,express,upi,2026-06-25,0,
ORD002788,CUST00965,PROD017,Beauty,299,29.9,269.1,4.7,4,2,express,upi,2026-08-08,1,Quality Issues
ORD002789,CUST01700,PROD004,Books,499,49.9,449.1,4.1,1,6,standard,upi,2025-12-07,0,
ORD002790,CUST00806,PROD008,Home & Lifestyle,1299,259.8,1039.2,3.7,0,3,standard,upi,2026-08-23,1,Quality Issues
ORD002791,CUST01176,PROD008,Home & Lifestyle,1299,259.8,1039.2,3.5,2,10,economy,card,2025-09-24,0,
ORD002792,CUST01790,PROD008,Home & Lifestyle,1299,129.9,1169.1,3.7,0,5,standard,card,2026-04-06,0,
ORD002793,CUST00974,PROD004,Books,499,74.85,424.15,4.0,0,4,standard,card,2026-04-12,1,Quality Issues
ORD002794,CUST00271,PROD018,Books,499,74.85,424.15,3.7,2,6,standard,card,2026-08-18,1,Ordered by Mistake
ORD002795,CUST01914,PROD004,Books,499,124.75,374.25,4.1,7,2,express,upi,2026-06-07,1,Better Price Elsewhere
ORD002796,CUST00540,PROD020,Books,4999,999.8,3999.2,3.1,0,1,express,upi,2026-06-30,0,
ORD002797,CUST01577,PROD002,Books,4999,0.0,4999.0,3.4,5,5,standard,upi,2026-01-09,0,
ORD002798,CUST01635,PROD016,Beauty,499,74.85,424.15,3.4,3,2,express,upi,2026-01-26,1,Better Price Elsewhere
ORD002799,CUST01369,PROD014,Beauty,499,0.0,499.0,3.4,0,5,standard,upi,2026-07-10,0,
ORD002800,CUST01611,PROD007,Fashion,1299,324.75,974.25,4.9,2,3,standard,card,2026-01-19,0,
ORD002801,CUST00459,PROD020,Books,4999,0.0,4999.0,2.8,1,1,express,cod,2026-07-13,0,
ORD002802,CUST00953,PROD020,Books,4999,0.0,4999.0,3.2,0,11,economy,card,2026-08-28,0,
ORD002803,CUST01234,PROD001,Beauty,1999,0.0,1999.0,2.6,1,4,standard,upi,2026-05-19,1,Better Price Elsewhere
ORD002804,CUST00298,PROD019,Electronics,1299,194.85,1104.15,3.7,1,2,express,upi,2026-04-29,0,
ORD002805,CUST00583,PROD007,Fashion,1299,0.0,1299.0,4.8,1,4,standard,card,2026-01-06,0,
ORD002806,CUST01256,PROD001,Beauty,1999,299.85,1699.15,2.8,4,6,standard,upi,2026-07-11,0,
ORD002807,CUST00553,PROD019,Electronics,1299,194.85,1104.15,3.9,0,3,standard,card,2025-10-15,0,
ORD002808,CUST01886,PROD019,Electronics,1299,259.8,1039.2,3.7,1,4,standard,cod,2026-05-03,1,Ordered by Mistake
ORD002809,CUST01707,PROD011,Fashion,299,59.8,239.2,2.7,7,5,standard,card,2026-08-20,1,Damaged/Defective
ORD002810,CUST01424,PROD011,Fashion,299,74.75,224.25,2.6,5,11,economy,card,2026-03-16,1,Product Not as Expected
ORD002811,CUST00269,PROD009,Home & Lifestyle,1999,0.0,1999.0,4.2,0,1,express,wallet,2026-03-04,0,
ORD002812,CUST01629,PROD013,Home & Lifestyle,2999,0.0,2999.0,3.3,0,6,standard,card,2025-12-18,1,Late Delivery
ORD002813,CUST00228,PROD014,Beauty,499,0.0,499.0,3.8,3,6,standard,card,2026-07-07,0,
ORD002814,CUST01489,PROD001,Beauty,1999,499.75,1499.25,3.1,5,3,standard,card,2025-11-05,1,Better Price Elsewhere
ORD002815,CUST01439,PROD005,Fashion,1299,389.7,909.3,2.8,0,6,standard,card,2026-04-18,1,Damaged/Defective
ORD002816,CUST01726,PROD013,Home & Lifestyle,2999,299.9,2699.1,3.4,1,4,standard,cod,2026-05-15,1,Better Price Elsewhere
ORD002817,CUST00684,PROD017,Beauty,299,0.0,299.0,4.8,6,3,standard,card,2026-03-29,0,
ORD002818,CUST00228,PROD017,Beauty,299,0.0,299.0,4.9,0,6,standard,cod,2026-05-28,1,Wrong Size
ORD002819,CUST01751,PROD006,Books,1299,194.85,1104.15,2.4,0,6,standard,card,2026-09-06,0,
ORD002820,CUST00131,PROD009,Home & Lifestyle,1999,199.9,1799.1,3.6,0,5,standard,upi,2026-08-12,1,Product Not as Expected
ORD002821,CUST00389,PROD001,Beauty,1999,199.9,1799.1,2.9,1,6,standard,cod,2026-05-17,0,
ORD002822,CUST01149,PROD016,Beauty,499,0.0,499.0,3.5,5,1,express,upi,2026-01-08,0,
ORD002823,CUST01506,PROD006,Books,1299,519.6,779.4,2.5,0,2,express,wallet,2025-09-29,1,Ordered by Mistake
ORD002824,CUST00227,PROD003,Home & Lifestyle,1999,599.7,1399.3,3.9,1,4,standard,card,2025-12-30,1,Changed Mind
ORD002825,CUST00175,PROD005,Fashion,1299,259.8,1039.2,2.8,1,10,economy,upi,2026-06-24,1,Damaged/Defective
ORD002826,CUST01979,PROD008,Home & Lifestyle,1299,129.9,1169.1,4.0,3,1,express,upi,2026-05-09,0,
ORD002827,CUST00396,PROD010,Fashion,1299,129.9,1169.1,4.9,0,4,standard,upi,2025-12-16,0,
ORD002828,CUST00416,PROD017,Beauty,299,0.0,299.0,5.0,7,2,express,cod,2025-11-13,0,
ORD002829,CUST00411,PROD004,Books,499,49.9,449.1,4.2,0,1,express,cod,2026-03-21,1,Better Price Elsewhere
ORD002830,CUST00468,PROD017,Beauty,299,59.8,239.2,4.9,5,1,express,cod,2025-11-02,1,Better Price Elsewhere
ORD002831,CUST01357,PROD003,Home & Lifestyle,1999,0.0,1999.0,3.7,2,1,express,upi,2026-07-09,0,
ORD002832,CUST01813,PROD020,Books,4999,499.9,4499.1,3.0,0,2,express,upi,2026-08-10,0,
ORD002833,CUST00247,PROD003,Home & Lifestyle,1999,499.75,1499.25,3.7,2,5,standard,upi,2026-07-21,1,Wrong Size
ORD002834,CUST01018,PROD011,Fashion,299,59.8,239.2,2.7,2,1,express,upi,2026-08-11,0,
ORD002835,CUST01628,PROD002,Books,4999,0.0,4999.0,3.4,6,3,standard,card,2025-10-31,0,
ORD002836,CUST01028,PROD004,Books,499,74.85,424.15,4.1,0,10,economy,card,2025-12-13,0,
ORD002837,CUST01205,PROD005,Fashion,1299,129.9,1169.1,3.0,0,5,standard,card,2026-05-18,1,Wrong Size
ORD002838,CUST01529,PROD004,Books,499,49.9,449.1,4.2,2,3,standard,card,2026-01-20,0,
ORD002839,CUST01095,PROD005,Fashion,1299,389.7,909.3,2.6,4,3,standard,upi,2026-07-18,1,Wrong Size
ORD002840,CUST01512,PROD014,Beauty,499,99.8,399.2,3.8,4,4,standard,cod,2025-10-09,0,
ORD002841,CUST00070,PROD012,Beauty,4999,1249.75,3749.25,3.8,0,6,standard,card,2026-08-05,1,Late Delivery
ORD002842,CUST00234,PROD010,Fashion,1299,129.9,1169.1,4.4,0,4,standard,card,2026-02-02,0,
ORD002843,CUST00722,PROD014,Beauty,499,0.0,499.0,3.3,0,6,standard,card,2026-06-08,0,
ORD002844,CUST01560,PROD010,Fashion,1299,194.85,1104.15,4.8,4,2,express,card,2025-11-23,1,Wrong Size
ORD002845,CUST01363,PROD009,Home & Lifestyle,1999,199.9,1799.1,4.1,3,2,express,upi,2026-08-15,0,
ORD002846,CUST01929,PROD015,Beauty,2999,299.9,2699.1,2.3,1,4,standard,card,2025-09-19,0,
ORD002847,CUST01906,PROD005,Fashion,1299,0.0,1299.0,2.7,2,5,standard,cod,2026-09-07,1,Wrong Size
ORD002848,CUST00835,PROD007,Fashion,1299,129.9,1169.1,4.7,3,3,standard,card,2026-06-12,1,Quality Issues
ORD002849,CUST01658,PROD018,Books,499,74.85,424.15,3.9,2,2,express,upi,2026-03-10,0,
ORD002850,CUST00268,PROD018,Books,499,99.8,399.2,3.4,0,10,economy,card,2026-09-04,0,
ORD002851,CUST01876,PROD006,Books,1299,129.9,1169.1,2.7,0,5,standard,upi,2026-01-23,0,
ORD002852,CUST00879,PROD012,Beauty,4999,0.0,4999.0,4.1,0,6,standard,cod,2026-09-08,0,
ORD002853,CUST01434,PROD019,Electronics,1299,0.0,1299.0,3.8,1,6,standard,upi,2025-12-05,0,
ORD002854,CUST01477,PROD009,Home & Lifestyle,1999,499.75,1499.25,4.0,2,5,standard,upi,2026-01-14,1,Quality Issues
ORD002855,CUST00775,PROD008,Home & Lifestyle,1299,259.8,1039.2,3.8,0,6,standard,card,2025-09-20,0,
ORD002856,CUST01245,PROD015,Beauty,2999,0.0,2999.0,2.6,4,5,standard,upi,2025-12-08,1,Ordered by Mistake
ORD002857,CUST01036,PROD019,Electronics,1299,0.0,1299.0,4.1,0,5,standard,upi,2026-05-01,0,
ORD002858,CUST00987,PROD010,Fashion,1299,129.9,1169.1,4.7,4,4,standard,cod,2025-10-14,1,Wrong Size
ORD002859,CUST01359,PROD009,Home & Lifestyle,1999,0.0,1999.0,4.1,0,6,standard,cod,2026-06-18,0,
ORD002860,CUST00431,PROD014,Beauty,499,0.0,499.0,3.2,3,1,express,card,2026-08-01,1,Product Not as Expected
ORD002861,CUST00671,PROD003,Home & Lifestyle,1999,199.9,1799.1,3.8,4,1,express,upi,2026-08-30,0,
ORD002862,CUST01989,PROD005,Fashion,1299,519.6,779.4,3.1,1,4,standard,cod,2026-06-30,0,
ORD002863,CUST00760,PROD006,Books,1299,194.85,1104.15,2.3,0,5,standard,upi,2025-09-21,0,
ORD002864,CUST00188,PROD008,Home & Lifestyle,1299,519.6,779.4,3.6,2,1,express,cod,2025-11-30,0,
ORD002865,CUST00324,PROD010,Fashion,1299,0.0,1299.0,4.5,1,9,economy,upi,2026-07-08,1,Late Delivery
ORD002866,CUST01514,PROD005,Fashion,1299,259.8,1039.2,3.0,4,1,express,upi,2026-03-29,1,Changed Mind
ORD002867,CUST00353,PROD008,Home & Lifestyle,1299,129.9,1169.1,3.6,1,1,express,wallet,2025-10-27,0,
ORD002868,CUST00606,PROD002,Books,4999,0.0,4999.0,3.6,3,1,express,card,2025-11-15,0,
ORD002869,CUST00648,PROD004,Books,499,199.6,299.4,4.0,2,1,express,card,2026-07-01,1,Product Not as Expected
ORD002870,CUST01883,PROD018,Books,499,124.75,374.25,3.6,2,3,standard,card,2026-08-09,0,
ORD002871,CUST00904,PROD001,Beauty,1999,199.9,1799.1,3.0,2,1,express,upi,2026-07-26,1,Ordered by Mistake
ORD002872,CUST00638,PROD007,Fashion,1299,194.85,1104.15,4.6,5,9,economy,card,2026-07-10,0,
ORD002873,CUST01463,PROD007,Fashion,1299,194.85,1104.15,4.8,4,1,express,cod,2026-02-16,0,
ORD002874,CUST01572,PROD003,Home & Lifestyle,1999,399.8,1599.2,3.7,0,6,standard,upi,2026-07-02,1,Product Not as Expected
ORD002875,CUST01982,PROD005,Fashion,1299,259.8,1039.2,3.1,3,6,standard,card,2026-06-18,0,
ORD002876,CUST00247,PROD013,Home & Lifestyle,2999,0.0,2999.0,3.6,4,1,express,upi,2026-09-04,0,
ORD002877,CUST00317,PROD002,Books,4999,0.0,4999.0,3.4,1,6,standard,card,2026-01-03,0,
ORD002878,CUST01957,PROD015,Beauty,2999,0.0,2999.0,2.7,0,10,economy,card,2026-07-13,1,Changed Mind
ORD002879,CUST01486,PROD012,Beauty,4999,749.85,4249.15,3.9,0,4,standard,card,2026-01-24,0,
ORD002880,CUST00816,PROD014,Beauty,499,99.8,399.2,3.3,3,6,standard,cod,2026-08-10,0,
ORD002881,CUST00237,PROD008,Home & Lifestyle,1299,0.0,1299.0,3.8,1,6,standard,cod,2026-06-26,1,Quality Issues
ORD002882,CUST01518,PROD018,Books,499,49.9,449.1,4.0,1,9,economy,upi,2026-01-14,0,
ORD002883,CUST01110,PROD010,Fashion,1299,129.9,1169.1,4.6,0,3,standard,card,2026-07-28,1,Late Delivery
ORD002884,CUST00558,PROD010,Fashion,1299,129.9,1169.1,4.5,3,1,express,card,2026-03-13,1,Product Not as Expected
ORD002885,CUST00433,PROD018,Books,499,124.75,374.25,3.4,0,5,standard,card,2025-11-16,1,Product Not as Expected
ORD002886,CUST01784,PROD012,Beauty,4999,499.9,4499.1,4.4,1,6,standard,card,2026-05-22,0,
ORD002887,CUST01373,PROD001,Beauty,1999,399.8,1599.2,2.7,0,5,standard,upi,2026-04-29,1,Ordered by Mistake
ORD002888,CUST01757,PROD004,Books,499,49.9,449.1,4.5,4,4,standard,upi,2025-12-08,1,Quality Issues
ORD002889,CUST00993,PROD016,Beauty,499,74.85,424.15,3.3,1,6,standard,upi,2026-06-05,1,Quality Issues
ORD002890,CUST00428,PROD002,Books,4999,0.0,4999.0,3.6,5,3,standard,card,2025-12-04,0,
ORD002891,CUST00157,PROD020,Books,4999,499.9,4499.1,3.1,2,2,express,card,2025-10-24,0,
ORD002892,CUST01951,PROD012,Beauty,4999,0.0,4999.0,4.2,1,4,standard,upi,2026-04-12,0,
ORD002893,CUST00114,PROD016,Beauty,499,74.85,424.15,3.2,3,2,express,upi,2025-12-26,0,
ORD002894,CUST00370,PROD001,Beauty,1999,199.9,1799.1,3.1,1,5,standard,card,2026-04-16,0,
ORD002895,CUST01979,PROD011,Fashion,299,89.7,209.3,2.2,2,9,economy,wallet,2026-06-05,1,Better Price Elsewhere
ORD002896,CUST00796,PROD020,Books,4999,1249.75,3749.25,3.1,3,5,standard,upi,2026-07-19,1,Late Delivery
ORD002897,CUST00012,PROD019,Electronics,1299,129.9,1169.1,3.8,0,3,standard,card,2025-12-13,0,
ORD002898,CUST01487,PROD016,Beauty,499,0.0,499.0,3.1,0,5,standard,upi,2025-12-10,0,
ORD002899,CUST00626,PROD010,Fashion,1299,129.9,1169.1,4.9,2,1,express,card,2026-03-10,0,
ORD002900,CUST00808,PROD005,Fashion,1299,129.9,1169.1,2.6,1,2,express,card,2026-02-26,0,
ORD002901,CUST01856,PROD018,Books,499,74.85,424.15,3.4,3,1,express,upi,2025-11-13,0,
ORD002902,CUST00565,PROD018,Books,499,149.7,349.3,3.9,1,2,express,wallet,2025-11-17,1,Damaged/Defective
ORD002903,CUST00558,PROD003,Home & Lifestyle,1999,199.9,1799.1,3.7,0,5,standard,card,2026-03-22,1,Better Price Elsewhere
ORD002904,CUST01933,PROD011,Fashion,299,59.8,239.2,2.4,4,1,express,card,2026-08-06,0,
ORD002905,CUST00453,PROD015,Beauty,2999,299.9,2699.1,2.9,6,2,express,wallet,2026-02-28,1,Quality Issues
ORD002906,CUST01904,PROD017,Beauty,299,59.8,239.2,4.7,1,4,standard,upi,2026-04-17,0,
ORD002907,CUST01097,PROD016,Beauty,499,149.7,349.3,3.5,0,5,standard,upi,2026-02-24,0,
ORD002908,CUST00393,PROD014,Beauty,499,49.9,449.1,3.5,1,3,standard,card,2026-07-31,0,
ORD002909,CUST00752,PROD019,Electronics,1299,194.85,1104.15,4.0,2,6,standard,cod,2026-02-23,0,
ORD002910,CUST01129,PROD017,Beauty,299,0.0,299.0,4.8,4,6,standard,card,2026-09-05,0,
ORD002911,CUST00007,PROD001,Beauty,1999,299.85,1699.15,2.8,5,5,standard,card,2026-05-31,1,Ordered by Mistake
ORD002912,CUST01161,PROD002,Books,4999,749.85,4249.15,3.3,0,6,standard,card,2025-11-22,0,
ORD002913,CUST01148,PROD012,Beauty,4999,499.9,4499.1,4.0,6,4,standard,card,2025-11-27,0,
ORD002914,CUST01084,PROD018,Books,499,49.9,449.1,3.7,8,1,express,card,2025-12-01,0,
ORD002915,CUST01936,PROD003,Home & Lifestyle,1999,399.8,1599.2,3.9,1,5,standard,upi,2026-07-29,0,
ORD002916,CUST00508,PROD018,Books,499,0.0,499.0,4.0,0,1,express,card,2025-09-29,0,
ORD002917,CUST00706,PROD011,Fashion,299,74.75,224.25,2.3,2,5,standard,card,2026-05-30,0,
ORD002918,CUST01435,PROD013,Home & Lifestyle,2999,749.75,2249.25,3.5,0,2,express,upi,2025-12-21,0,
ORD002919,CUST01085,PROD019,Electronics,1299,259.8,1039.2,3.8,3,1,express,card,2026-06-28,0,
ORD002920,CUST00998,PROD004,Books,499,0.0,499.0,4.0,2,5,standard,card,2026-08-03,0,
ORD002921,CUST01329,PROD003,Home & Lifestyle,1999,0.0,1999.0,4.0,5,10,economy,cod,2026-01-18,1,Damaged/Defective
ORD002922,CUST01915,PROD011,Fashion,299,0.0,299.0,2.6,3,1,express,cod,2026-07-11,1,Late Delivery
ORD002923,CUST00723,PROD013,Home & Lifestyle,2999,599.8,2399.2,3.5,0,8,economy,cod,2026-02-08,1,Ordered by Mistake
ORD002924,CUST01146,PROD012,Beauty,4999,749.85,4249.15,4.2,2,5,standard,upi,2025-11-15,0,
ORD002925,CUST01743,PROD010,Fashion,1299,324.75,974.25,4.5,1,4,standard,card,2025-09-11,1,Ordered by Mistake
ORD002926,CUST01914,PROD011,Fashion,299,44.85,254.15,2.6,4,6,standard,card,2026-01-24,1,Changed Mind
ORD002927,CUST01556,PROD004,Books,499,0.0,499.0,4.2,4,2,express,upi,2025-09-14,0,
ORD002928,CUST00333,PROD018,Books,499,74.85,424.15,3.5,0,11,economy,card,2026-07-18,0,
ORD002929,CUST00171,PROD010,Fashion,1299,129.9,1169.1,4.8,3,3,standard,upi,2025-12-06,0,
ORD002930,CUST00434,PROD014,Beauty,499,0.0,499.0,3.4,2,8,economy,card,2025-10-04,1,Better Price Elsewhere
ORD002931,CUST01968,PROD013,Home & Lifestyle,2999,749.75,2249.25,3.4,0,2,express,card,2026-01-12,0,
ORD002932,CUST01836,PROD007,Fashion,1299,194.85,1104.15,5.0,1,5,standard,card,2025-09-16,0,
ORD002933,CUST01149,PROD016,Beauty,499,49.9,449.1,3.4,0,2,express,card,2026-08-30,0,
ORD002934,CUST01859,PROD014,Beauty,499,99.8,399.2,3.5,6,2,express,card,2026-04-09,0,
ORD002935,CUST01040,PROD004,Books,499,99.8,399.2,4.2,1,8,economy,card,2026-03-01,1,Damaged/Defective
ORD002936,CUST00353,PROD001,Beauty,1999,0.0,1999.0,3.0,1,2,express,upi,2026-01-01,0,
ORD002937,CUST00805,PROD008,Home & Lifestyle,1299,0.0,1299.0,3.9,3,2,express,card,2026-01-15,1,Ordered by Mistake
ORD002938,CUST00800,PROD019,Electronics,1299,0.0,1299.0,4.0,3,3,standard,card,2025-12-06,0,
ORD002939,CUST00860,PROD002,Books,4999,499.9,4499.1,3.6,0,5,standard,upi,2026-01-19,1,Quality Issues
ORD002940,CUST01273,PROD006,Books,1299,0.0,1299.0,2.4,7,4,standard,card,2025-10-28,1,Wrong Size
ORD002941,CUST00781,PROD020,Books,4999,999.8,3999.2,2.9,0,3,standard,card,2026-03-20,1,Quality Issues
ORD002942,CUST00919,PROD011,Fashion,299,29.9,269.1,2.3,3,6,standard,cod,2025-12-16,1,Changed Mind
ORD002943,CUST01103,PROD017,Beauty,299,0.0,299.0,4.7,0,5,standard,card,2025-11-29,1,Product Not as Expected
ORD002944,CUST00703,PROD001,Beauty,1999,0.0,1999.0,3.1,1,8,economy,wallet,2026-02-10,1,Ordered by Mistake
ORD002945,CUST01615,PROD009,Home & Lifestyle,1999,399.8,1599.2,3.9,2,7,economy,upi,2026-03-17,0,
ORD002946,CUST00703,PROD008,Home & Lifestyle,1299,129.9,1169.1,3.7,0,9,economy,card,2026-04-04,1,Wrong Size
ORD002947,CUST01116,PROD018,Books,499,0.0,499.0,3.5,0,2,express,card,2026-07-14,0,
ORD002948,CUST01356,PROD019,Electronics,1299,0.0,1299.0,3.7,4,3,standard,card,2025-10-29,0,
ORD002949,CUST00674,PROD014,Beauty,499,0.0,499.0,3.4,0,4,standard,card,2026-03-21,0,
ORD002950,CUST00105,PROD020,Books,4999,1499.7,3499.3,2.8,0,6,standard,cod,2026-02-03,0,
ORD002951,CUST01025,PROD009,Home & Lifestyle,1999,0.0,1999.0,3.8,1,1,express,card,2026-04-10,0,
ORD002952,CUST01079,PROD014,Beauty,499,199.6,299.4,3.5,1,1,express,card,2026-07-22,0,
ORD002953,CUST01923,PROD009,Home & Lifestyle,1999,299.85,1699.15,3.7,3,5,standard,card,2025-11-02,0,
ORD002954,CUST00958,PROD001,Beauty,1999,199.9,1799.1,2.9,0,6,standard,cod,2025-11-11,1,Ordered by Mistake
ORD002955,CUST01020,PROD015,Beauty,2999,0.0,2999.0,2.7,0,4,standard,cod,2025-10-27,1,Product Not as Expected
ORD002956,CUST01752,PROD019,Electronics,1299,259.8,1039.2,3.7,4,1,express,card,2026-04-23,0,
ORD002957,CUST00370,PROD008,Home & Lifestyle,1299,194.85,1104.15,3.9,0,6,standard,card,2026-08-29,0,
ORD002958,CUST01887,PROD018,Books,499,74.85,424.15,3.9,2,4,standard,card,2025-10-23,0,
ORD002959,CUST00861,PROD018,Books,499,199.6,299.4,3.4,8,3,standard,card,2025-09-15,0,
ORD002960,CUST01578,PROD012,Beauty,4999,0.0,4999.0,3.9,4,4,standard,card,2026-05-08,1,Better Price Elsewhere
ORD002961,CUST01688,PROD014,Beauty,499,0.0,499.0,3.6,0,11,economy,upi,2025-11-18,0,
ORD002962,CUST00515,PROD014,Beauty,499,99.8,399.2,3.7,2,1,express,card,2026-08-10,0,
ORD002963,CUST00690,PROD020,Books,4999,1999.6,2999.4,3.1,5,5,standard,cod,2026-06-03,0,
ORD002964,CUST01212,PROD015,Beauty,2999,0.0,2999.0,2.9,0,6,standard,cod,2026-02-20,1,Wrong Size
ORD002965,CUST00895,PROD002,Books,4999,499.9,4499.1,3.7,2,3,standard,upi,2026-01-08,0,
ORD002966,CUST00031,PROD015,Beauty,2999,599.8,2399.2,2.8,5,3,standard,card,2025-11-29,1,Ordered by Mistake
ORD002967,CUST01861,PROD002,Books,4999,0.0,4999.0,3.3,0,3,standard,card,2026-01-04,0,
ORD002968,CUST00398,PROD013,Home & Lifestyle,2999,299.9,2699.1,3.4,0,4,standard,wallet,2026-03-22,1,Changed Mind
ORD002969,CUST00116,PROD018,Books,499,0.0,499.0,4.0,0,5,standard,card,2026-01-08,0,
ORD002970,CUST01388,PROD015,Beauty,2999,299.9,2699.1,2.5,3,3,standard,card,2026-08-16,0,
ORD002971,CUST00007,PROD015,Beauty,2999,299.9,2699.1,2.8,0,4,standard,card,2025-10-18,0,
ORD002972,CUST01121,PROD003,Home & Lifestyle,1999,399.8,1599.2,4.0,2,2,express,card,2026-05-09,0,
ORD002973,CUST01406,PROD016,Beauty,499,99.8,399.2,3.6,3,3,standard,card,2026-01-07,0,
ORD002974,CUST00203,PROD005,Fashion,1299,324.75,974.25,2.7,4,1,express,card,2025-11-29,1,Changed Mind
ORD002975,CUST00306,PROD002,Books,4999,1249.75,3749.25,3.7,9,5,standard,upi,2026-08-15,1,Damaged/Defective
ORD002976,CUST01283,PROD008,Home & Lifestyle,1299,389.7,909.3,3.6,3,9,economy,card,2025-11-03,1,Better Price Elsewhere
ORD002977,CUST00468,PROD011,Fashion,299,59.8,239.2,2.5,4,5,standard,card,2025-12-11,0,
ORD002978,CUST00104,PROD004,Books,499,99.8,399.2,4.0,6,6,standard,cod,2025-12-16,1,Quality Issues
ORD002979,CUST00492,PROD019,Electronics,1299,389.7,909.3,3.9,2,2,express,cod,2025-12-11,0,
ORD002980,CUST00732,PROD012,Beauty,4999,0.0,4999.0,3.9,0,1,express,upi,2026-06-28,0,
ORD002981,CUST00587,PROD015,Beauty,2999,0.0,2999.0,2.4,0,2,express,card,2026-05-30,0,
ORD002982,CUST01380,PROD007,Fashion,1299,129.9,1169.1,4.7,0,6,standard,card,2025-10-06,0,
ORD002983,CUST00231,PROD019,Electronics,1299,0.0,1299.0,4.0,1,4,standard,upi,2026-06-14,0,
ORD002984,CUST00511,PROD014,Beauty,499,99.8,399.2,3.2,1,4,standard,cod,2025-10-08,1,Changed Mind
ORD002985,CUST00580,PROD009,Home & Lifestyle,1999,399.8,1599.2,3.6,3,9,economy,wallet,2026-01-27,0,
ORD002986,CUST01309,PROD013,Home & Lifestyle,2999,0.0,2999.0,3.3,0,4,standard,upi,2025-12-19,1,Quality Issues
ORD002987,CUST01855,PROD019,Electronics,1299,259.8,1039.2,4.2,2,2,express,card,2026-07-10,0,
ORD002988,CUST01098,PROD016,Beauty,499,0.0,499.0,3.6,0,1,express,card,2026-01-14,0,
ORD002989,CUST01136,PROD005,Fashion,1299,0.0,1299.0,3.2,1,3,standard,cod,2026-05-03,1,Better Price Elsewhere
ORD002990,CUST00749,PROD004,Books,499,149.7,349.3,3.9,1,1,express,card,2026-01-06,1,Ordered by Mistake
ORD002991,CUST01424,PROD002,Books,4999,1249.75,3749.25,3.7,3,6,standard,upi,2026-07-02,0,
ORD002992,CUST00925,PROD015,Beauty,2999,0.0,2999.0,2.6,3,2,express,card,2026-05-08,0,
ORD002993,CUST01637,PROD002,Books,4999,0.0,4999.0,3.3,1,3,standard,cod,2025-10-07,0,
ORD002994,CUST01445,PROD014,Beauty,499,49.9,449.1,3.8,0,3,standard,card,2026-05-26,0,
ORD002995,CUST00319,PROD012,Beauty,4999,0.0,4999.0,4.2,3,5,standard,card,2026-02-19,0,
ORD002996,CUST01535,PROD018,Books,499,49.9,449.1,3.8,6,1,express,card,2026-08-24,0,
ORD002997,CUST00181,PROD001,Beauty,1999,599.7,1399.3,2.6,1,2,express,upi,2025-12-11,1,Damaged/Defective
ORD002998,CUST00714,PROD005,Fashion,1299,129.9,1169.1,2.8,1,8,economy,upi,2026-01-07,0,
ORD002999,CUST01767,PROD002,Books,4999,1249.75,3749.25,3.8,3,1,express,card,2026-01-26,1,Damaged/Defective
ORD003000,CUST01094,PROD012,Beauty,4999,1249.75,3749.25,3.8,8,4,standard,upi,2026-04-02,0,
ORD003001,CUST01377,PROD009,Home & Lifestyle,1999,499.75,1499.25,3.9,0,5,standard,card,2025-11-25,0,
ORD003002,CUST00003,PROD012,Beauty,4999,1999.6,2999.4,4.3,8,6,standard,wallet,2026-05-15,1,Quality Issues
ORD003003,CUST00084,PROD018,Books,499,49.9,449.1,4.0,0,2,express,card,2026-06-26,1,Quality Issues
ORD003004,CUST00069,PROD003,Home & Lifestyle,1999,199.9,1799.1,3.7,5,5,standard,card,2025-10-23,1,Damaged/Defective
ORD003005,CUST00502,PROD006,Books,1299,324.75,974.25,2.6,1,4,standard,cod,2026-07-24,0,
ORD003006,CUST01474,PROD017,Beauty,299,0.0,299.0,4.5,2,1,express,wallet,2026-04-23,0,
ORD003007,CUST00788,PROD001,Beauty,1999,0.0,1999.0,2.9,0,3,standard,cod,2026-07-18,1,Wrong Size
ORD003008,CUST00805,PROD017,Beauty,299,29.9,269.1,5.0,7,5,standard,upi,2026-06-08,1,Ordered by Mistake
ORD003009,CUST00590,PROD017,Beauty,299,29.9,269.1,4.6,1,3,standard,card,2026-05-23,0,
ORD003010,CUST01368,PROD020,Books,4999,1499.7,3499.3,3.0,2,1,express,card,2025-12-19,1,Quality Issues
ORD003011,CUST01378,PROD013,Home & Lifestyle,2999,0.0,2999.0,3.2,5,4,standard,card,2026-06-18,0,
ORD003012,CUST00480,PROD017,Beauty,299,29.9,269.1,4.4,1,4,standard,cod,2026-01-24,1,Damaged/Defective
ORD003013,CUST00717,PROD004,Books,499,124.75,374.25,4.0,2,1,express,upi,2026-01-10,0,
ORD003014,CUST00023,PROD005,Fashion,1299,519.6,779.4,3.2,6,3,standard,card,2025-09-29,1,Better Price Elsewhere
ORD003015,CUST00911,PROD002,Books,4999,0.0,4999.0,3.3,0,2,express,upi,2026-05-14,0,
ORD003016,CUST00679,PROD014,Beauty,499,74.85,424.15,3.3,6,5,standard,upi,2025-12-03,1,Product Not as Expected
ORD003017,CUST00177,PROD015,Beauty,2999,299.9,2699.1,2.9,0,5,standard,card,2026-05-04,1,Wrong Size
ORD003018,CUST01984,PROD019,Electronics,1299,259.8,1039.2,3.7,8,2,express,card,2026-02-08,0,
ORD003019,CUST01895,PROD007,Fashion,1299,0.0,1299.0,4.5,4,5,standard,card,2026-01-29,0,
ORD003020,CUST01211,PROD013,Home & Lifestyle,2999,749.75,2249.25,3.4,2,6,standard,upi,2026-03-27,1,Changed Mind
ORD003021,CUST01779,PROD018,Books,499,99.8,399.2,3.5,2,1,express,upi,2026-01-12,0,
ORD003022,CUST01770,PROD014,Beauty,499,0.0,499.0,3.7,0,11,economy,card,2026-07-02,0,
ORD003023,CUST01727,PROD003,Home & Lifestyle,1999,0.0,1999.0,3.8,1,6,standard,upi,2026-04-27,0,
ORD003024,CUST01299,PROD002,Books,4999,999.8,3999.2,3.4,0,1,express,cod,2025-09-21,0,
ORD003025,CUST01054,PROD001,Beauty,1999,0.0,1999.0,2.7,4,5,standard,card,2026-02-08,1,Better Price Elsewhere
ORD003026,CUST01889,PROD020,Books,4999,749.85,4249.15,3.1,0,4,standard,cod,2026-09-03,0,
ORD003027,CUST01940,PROD010,Fashion,1299,324.75,974.25,4.7,3,6,standard,card,2026-07-03,0,
ORD003028,CUST01412,PROD019,Electronics,1299,0.0,1299.0,4.1,6,8,economy,card,2026-08-11,1,Wrong Size
ORD003029,CUST00561,PROD007,Fashion,1299,324.75,974.25,5.0,1,10,economy,card,2025-11-20,1,Wrong Size
ORD003030,CUST00886,PROD007,Fashion,1299,129.9,1169.1,4.7,1,6,standard,card,2026-04-19,1,Wrong Size
ORD003031,CUST01656,PROD009,Home & Lifestyle,1999,0.0,1999.0,4.0,0,6,standard,card,2026-06-24,0,
ORD003032,CUST01015,PROD018,Books,499,99.8,399.2,3.4,2,2,express,upi,2026-02-21,0,
ORD003033,CUST00776,PROD013,Home & Lifestyle,2999,749.75,2249.25,3.2,0,4,standard,card,2026-07-21,0,
ORD003034,CUST00707,PROD017,Beauty,299,74.75,224.25,4.5,2,3,standard,upi,2026-03-24,1,Wrong Size
ORD003035,CUST00418,PROD001,Beauty,1999,399.8,1599.2,2.7,3,2,express,card,2026-05-15,0,
ORD003036,CUST00050,PROD013,Home & Lifestyle,2999,0.0,2999.0,3.4,0,6,standard,card,2026-05-06,1,Late Delivery
ORD003037,CUST00438,PROD013,Home & Lifestyle,2999,299.9,2699.1,3.6,0,10,economy,card,2026-05-10,0,
ORD003038,CUST01867,PROD017,Beauty,299,74.75,224.25,4.6,5,4,standard,wallet,2025-11-14,0,
ORD003039,CUST01319,PROD008,Home & Lifestyle,1299,259.8,1039.2,4.0,2,3,standard,cod,2026-01-04,0,
ORD003040,CUST00941,PROD016,Beauty,499,49.9,449.1,3.6,5,2,express,upi,2025-12-23,0,
ORD003041,CUST00100,PROD008,Home & Lifestyle,1299,324.75,974.25,3.6,0,5,standard,card,2025-09-22,0,
ORD003042,CUST00363,PROD019,Electronics,1299,0.0,1299.0,4.0,4,7,economy,cod,2026-02-24,0,
ORD003043,CUST01303,PROD012,Beauty,4999,999.8,3999.2,3.9,5,2,express,card,2026-03-03,0,
ORD003044,CUST00609,PROD008,Home & Lifestyle,1299,324.75,974.25,3.8,1,3,standard,cod,2026-04-14,0,
ORD003045,CUST00976,PROD004,Books,499,74.85,424.15,4.2,0,4,standard,upi,2026-08-23,0,
ORD003046,CUST01404,PROD020,Books,4999,1249.75,3749.25,3.0,5,1,express,upi,2026-07-25,0,
ORD003047,CUST00377,PROD002,Books,4999,0.0,4999.0,3.7,7,3,standard,wallet,2026-06-24,0,
ORD003048,CUST01826,PROD010,Fashion,1299,129.9,1169.1,4.6,0,3,standard,wallet,2025-11-25,0,
ORD003049,CUST00174,PROD013,Home & Lifestyle,2999,0.0,2999.0,3.5,5,10,economy,card,2026-05-22,0,
ORD003050,CUST00164,PROD004,Books,499,0.0,499.0,4.1,0,4,standard,card,2025-12-26,0,
ORD003051,CUST00395,PROD017,Beauty,299,29.9,269.1,4.9,0,10,economy,upi,2025-12-30,0,
ORD003052,CUST01716,PROD008,Home & Lifestyle,1299,194.85,1104.15,3.7,3,4,standard,card,2026-05-20,0,
ORD003053,CUST00011,PROD002,Books,4999,749.85,4249.15,3.5,1,2,express,upi,2026-06-02,0,
ORD003054,CUST00382,PROD007,Fashion,1299,389.7,909.3,4.9,3,1,express,card,2026-03-20,0,
ORD003055,CUST00952,PROD019,Electronics,1299,324.75,974.25,3.9,6,6,standard,card,2026-06-05,0,
ORD003056,CUST00823,PROD010,Fashion,1299,194.85,1104.15,4.8,2,6,standard,card,2026-01-27,1,Product Not as Expected
ORD003057,CUST01692,PROD018,Books,499,199.6,299.4,3.4,3,6,standard,card,2026-01-25,1,Damaged/Defective
ORD003058,CUST00361,PROD019,Electronics,1299,324.75,974.25,4.1,3,6,standard,card,2026-02-21,1,Better Price Elsewhere
ORD003059,CUST00306,PROD002,Books,4999,0.0,4999.0,3.5,0,6,standard,cod,2026-08-30,0,
ORD003060,CUST01115,PROD006,Books,1299,129.9,1169.1,2.7,2,4,standard,card,2025-12-27,0,
ORD003061,CUST01622,PROD014,Beauty,499,124.75,374.25,3.5,7,1,express,card,2026-06-03,1,Changed Mind
ORD003062,CUST01257,PROD013,Home & Lifestyle,2999,899.7,2099.3,3.6,4,5,standard,upi,2026-06-17,1,Better Price Elsewhere
ORD003063,CUST01740,PROD013,Home & Lifestyle,2999,1199.6,1799.4,3.2,0,1,express,card,2026-08-14,0,
ORD003064,CUST00820,PROD008,Home & Lifestyle,1299,519.6,779.4,3.9,3,8,economy,upi,2026-06-11,1,Quality Issues
ORD003065,CUST01804,PROD010,Fashion,1299,324.75,974.25,4.6,2,1,express,card,2026-02-14,0,
ORD003066,CUST01571,PROD001,Beauty,1999,799.6,1199.4,3.0,0,5,standard,card,2026-04-22,0,
ORD003067,CUST00628,PROD010,Fashion,1299,259.8,1039.2,4.5,1,4,standard,upi,2025-10-16,1,Late Delivery
ORD003068,CUST00186,PROD014,Beauty,499,0.0,499.0,3.3,1,10,economy,card,2026-02-05,0,
ORD003069,CUST00249,PROD013,Home & Lifestyle,2999,599.8,2399.2,3.2,0,2,express,card,2026-03-30,0,
ORD003070,CUST01413,PROD018,Books,499,49.9,449.1,3.6,3,1,express,card,2026-08-26,0,
ORD003071,CUST01074,PROD011,Fashion,299,44.85,254.15,2.7,1,2,express,card,2026-04-02,1,Damaged/Defective
ORD003072,CUST00375,PROD008,Home & Lifestyle,1299,0.0,1299.0,3.7,0,4,standard,upi,2026-03-02,0,
ORD003073,CUST01129,PROD005,Fashion,1299,0.0,1299.0,2.9,1,1,express,card,2025-09-11,1,Changed Mind
ORD003074,CUST00835,PROD018,Books,499,0.0,499.0,3.7,3,8,economy,card,2026-05-24,0,
ORD003075,CUST01644,PROD011,Fashion,299,74.75,224.25,2.2,0,1,express,card,2026-08-01,0,
ORD003076,CUST00146,PROD019,Electronics,1299,129.9,1169.1,3.9,5,2,express,upi,2026-05-25,0,
ORD003077,CUST00882,PROD003,Home & Lifestyle,1999,399.8,1599.2,4.0,1,8,economy,upi,2026-05-17,0,
ORD003078,CUST01497,PROD016,Beauty,499,49.9,449.1,3.5,0,2,express,card,2026-04-30,0,
ORD003079,CUST01495,PROD012,Beauty,4999,749.85,4249.15,4.1,4,5,standard,card,2026-08-19,0,
ORD003080,CUST00636,PROD020,Books,4999,1999.6,2999.4,3.1,1,5,standard,card,2025-11-01,0,
ORD003081,CUST00904,PROD012,Beauty,4999,499.9,4499.1,4.0,6,1,express,card,2026-01-15,1,Product Not as Expected
ORD003082,CUST00933,PROD004,Books,499,0.0,499.0,4.1,4,1,express,upi,2026-08-01,0,
ORD003083,CUST01596,PROD012,Beauty,4999,0.0,4999.0,4.0,0,5,standard,card,2026-09-06,1,Late Delivery
ORD003084,CUST00245,PROD016,Beauty,499,124.75,374.25,3.3,6,2,express,cod,2025-10-04,1,Product Not as Expected
ORD003085,CUST00647,PROD019,Electronics,1299,259.8,1039.2,3.9,1,1,express,cod,2025-11-27,0,
ORD003086,CUST01363,PROD019,Electronics,1299,0.0,1299.0,3.7,0,2,express,upi,2026-03-23,0,
ORD003087,CUST01655,PROD016,Beauty,499,124.75,374.25,3.4,1,4,standard,upi,2025-10-25,0,
ORD003088,CUST01206,PROD014,Beauty,499,149.7,349.3,3.5,4,5,standard,upi,2026-09-05,1,Quality Issues
ORD003089,CUST01872,PROD005,Fashion,1299,0.0,1299.0,2.6,0,3,standard,card,2025-11-21,0,
ORD003090,CUST00601,PROD018,Books,499,74.85,424.15,3.7,1,6,standard,card,2025-09-17,0,
ORD003091,CUST01525,PROD019,Electronics,1299,0.0,1299.0,4.0,4,1,express,cod,2026-03-23,1,Ordered by Mistake
ORD003092,CUST01950,PROD010,Fashion,1299,389.7,909.3,4.7,0,5,standard,upi,2025-10-28,0,
ORD003093,CUST01709,PROD009,Home & Lifestyle,1999,0.0,1999.0,3.7,3,11,economy,upi,2026-01-31,1,Changed Mind
ORD003094,CUST00408,PROD012,Beauty,4999,499.9,4499.1,4.1,3,5,standard,upi,2025-11-30,0,
ORD003095,CUST01601,PROD018,Books,499,0.0,499.0,4.0,4,5,standard,card,2026-05-24,1,Wrong Size
ORD003096,CUST01831,PROD002,Books,4999,0.0,4999.0,3.5,3,5,standard,card,2026-01-29,0,
ORD003097,CUST00306,PROD001,Beauty,1999,299.85,1699.15,2.9,1,1,express,card,2026-08-21,0,
ORD003098,CUST00114,PROD001,Beauty,1999,199.9,1799.1,2.6,0,4,standard,card,2026-07-29,0,
ORD003099,CUST00012,PROD002,Books,4999,1249.75,3749.25,3.7,2,8,economy,card,2026-07-22,0,
ORD003100,CUST00890,PROD008,Home & Lifestyle,1299,0.0,1299.0,3.6,6,4,standard,card,2026-01-22,1,Better Price Elsewhere
ORD003101,CUST01582,PROD001,Beauty,1999,0.0,1999.0,2.6,1,1,express,upi,2026-01-17,1,Late Delivery
ORD003102,CUST00239,PROD015,Beauty,2999,449.85,2549.15,2.8,0,2,express,card,2026-01-07,0,
ORD003103,CUST01345,PROD017,Beauty,299,59.8,239.2,4.9,5,6,standard,wallet,2026-09-02,1,Late Delivery
ORD003104,CUST01787,PROD007,Fashion,1299,194.85,1104.15,4.6,0,3,standard,upi,2026-05-21,0,
ORD003105,CUST01500,PROD014,Beauty,499,0.0,499.0,3.7,5,4,standard,card,2026-05-03,0,
ORD003106,CUST00936,PROD008,Home & Lifestyle,1299,194.85,1104.15,3.9,4,1,express,card,2026-07-09,0,
ORD003107,CUST01176,PROD008,Home & Lifestyle,1299,324.75,974.25,3.5,2,5,standard,cod,2025-11-13,0,
ORD003108,CUST00335,PROD011,Fashion,299,119.6,179.4,2.5,2,5,standard,upi,2025-09-28,0,
ORD003109,CUST00389,PROD004,Books,499,99.8,399.2,4.5,0,4,standard,cod,2026-04-29,1,Quality Issues
ORD003110,CUST00592,PROD001,Beauty,1999,499.75,1499.25,3.2,0,1,express,wallet,2025-09-21,1,Damaged/Defective
ORD003111,CUST01652,PROD004,Books,499,74.85,424.15,4.4,1,4,standard,upi,2025-10-08,0,
ORD003112,CUST01519,PROD017,Beauty,299,0.0,299.0,4.8,5,3,standard,card,2026-08-04,0,
ORD003113,CUST00148,PROD008,Home & Lifestyle,1299,0.0,1299.0,3.5,5,5,standard,upi,2026-04-05,0,
ORD003114,CUST01394,PROD003,Home & Lifestyle,1999,299.85,1699.15,4.0,5,1,express,card,2025-11-18,0,
ORD003115,CUST01520,PROD019,Electronics,1299,324.75,974.25,4.1,4,5,standard,card,2026-03-26,0,
ORD003116,CUST01382,PROD008,Home & Lifestyle,1299,324.75,974.25,3.7,3,10,economy,cod,2025-12-14,1,Late Delivery
ORD003117,CUST00006,PROD007,Fashion,1299,0.0,1299.0,4.6,1,1,express,card,2026-05-18,0,
ORD003118,CUST00255,PROD004,Books,499,99.8,399.2,4.3,1,4,standard,upi,2025-10-31,0,
ORD003119,CUST00429,PROD017,Beauty,299,29.9,269.1,4.9,1,3,standard,cod,2026-01-17,1,Quality Issues
ORD003120,CUST00759,PROD018,Books,499,0.0,499.0,3.5,6,5,standard,upi,2026-02-11,0,
ORD003121,CUST00245,PROD001,Beauty,1999,799.6,1199.4,2.9,0,3,standard,card,2026-02-22,1,Better Price Elsewhere
ORD003122,CUST01029,PROD002,Books,4999,499.9,4499.1,3.2,4,2,express,cod,2026-02-17,1,Changed Mind
ORD003123,CUST01374,PROD005,Fashion,1299,324.75,974.25,2.7,0,9,economy,card,2026-05-31,1,Better Price Elsewhere
ORD003124,CUST01874,PROD014,Beauty,499,74.85,424.15,3.3,1,6,standard,card,2025-12-24,1,Product Not as Expected
ORD003125,CUST00226,PROD020,Books,4999,0.0,4999.0,3.0,0,2,express,card,2026-03-02,0,
ORD003126,CUST00632,PROD006,Books,1299,324.75,974.25,2.9,1,2,express,card,2026-01-13,0,
ORD003127,CUST00299,PROD010,Fashion,1299,389.7,909.3,4.6,3,1,express,upi,2026-06-16,1,Wrong Size
ORD003128,CUST01779,PROD006,Books,1299,0.0,1299.0,2.4,1,3,standard,card,2025-12-04,1,Changed Mind
ORD003129,CUST01111,PROD016,Beauty,499,0.0,499.0,3.6,1,3,standard,card,2026-01-16,1,Damaged/Defective
ORD003130,CUST01600,PROD003,Home & Lifestyle,1999,199.9,1799.1,3.7,0,5,standard,card,2025-12-11,0,
ORD003131,CUST00592,PROD002,Books,4999,499.9,4499.1,3.7,3,5,standard,cod,2026-07-07,0,
ORD003132,CUST00510,PROD018,Books,499,0.0,499.0,3.9,5,1,express,card,2025-11-30,0,
ORD003133,CUST01189,PROD010,Fashion,1299,0.0,1299.0,4.8,0,2,express,cod,2026-05-09,0,
ORD003134,CUST00779,PROD001,Beauty,1999,199.9,1799.1,2.9,3,1,express,card,2026-05-03,1,Late Delivery
ORD003135,CUST01645,PROD020,Books,4999,499.9,4499.1,2.8,1,1,express,cod,2025-10-23,0,
ORD003136,CUST00496,PROD004,Books,499,74.85,424.15,4.2,4,4,standard,card,2026-02-25,1,Changed Mind
ORD003137,CUST01359,PROD018,Books,499,99.8,399.2,3.4,0,2,express,cod,2025-10-14,0,
ORD003138,CUST01467,PROD018,Books,499,99.8,399.2,4.0,8,2,express,upi,2026-01-10,0,
ORD003139,CUST00246,PROD015,Beauty,2999,449.85,2549.15,2.7,2,2,express,card,2025-10-09,1,Ordered by Mistake
ORD003140,CUST01173,PROD017,Beauty,299,29.9,269.1,4.9,4,1,express,card,2026-09-04,0,
ORD003141,CUST01995,PROD010,Fashion,1299,0.0,1299.0,4.9,7,1,express,cod,2025-11-10,1,Changed Mind
ORD003142,CUST00814,PROD015,Beauty,2999,299.9,2699.1,2.4,8,1,express,card,2026-05-18,0,
ORD003143,CUST00742,PROD010,Fashion,1299,129.9,1169.1,4.4,5,1,express,upi,2025-10-25,0,
ORD003144,CUST00639,PROD012,Beauty,4999,499.9,4499.1,4.2,0,1,express,wallet,2026-08-10,0,
ORD003145,CUST00323,PROD008,Home & Lifestyle,1299,129.9,1169.1,3.5,0,9,economy,card,2026-05-21,1,Better Price Elsewhere
ORD003146,CUST00617,PROD011,Fashion,299,74.75,224.25,2.3,1,6,standard,card,2026-02-12,1,Ordered by Mistake
ORD003147,CUST01859,PROD020,Books,4999,499.9,4499.1,3.0,4,6,standard,upi,2025-09-25,0,
ORD003148,CUST01533,PROD004,Books,499,0.0,499.0,4.4,1,9,economy,card,2026-05-31,0,
ORD003149,CUST00362,PROD002,Books,4999,0.0,4999.0,3.5,1,4,standard,upi,2026-07-31,0,
ORD003150,CUST01635,PROD016,Beauty,499,99.8,399.2,3.5,1,4,standard,card,2025-11-23,0,
ORD003151,CUST01714,PROD013,Home & Lifestyle,2999,599.8,2399.2,3.5,1,2,express,card,2026-04-04,1,Quality Issues
ORD003152,CUST01721,PROD010,Fashion,1299,259.8,1039.2,4.4,0,1,express,wallet,2026-02-05,1,Better Price Elsewhere
ORD003153,CUST01341,PROD016,Beauty,499,49.9,449.1,3.6,2,2,express,upi,2026-02-11,0,
ORD003154,CUST01908,PROD005,Fashion,1299,259.8,1039.2,2.8,5,10,economy,upi,2026-08-16,1,Quality Issues
ORD003155,CUST00539,PROD011,Fashion,299,29.9,269.1,2.4,2,2,express,upi,2026-09-05,0,
ORD003156,CUST00883,PROD008,Home & Lifestyle,1299,129.9,1169.1,3.5,0,4,standard,upi,2026-01-19,0,
ORD003157,CUST01665,PROD011,Fashion,299,0.0,299.0,2.3,0,4,standard,card,2026-04-02,0,
ORD003158,CUST01017,PROD004,Books,499,99.8,399.2,4.0,0,2,express,upi,2026-09-02,0,
ORD003159,CUST01354,PROD008,Home & Lifestyle,1299,389.7,909.3,3.7,0,6,standard,card,2026-01-17,0,
ORD003160,CUST00359,PROD014,Beauty,499,0.0,499.0,3.7,1,1,express,cod,2025-11-22,0,
ORD003161,CUST01747,PROD017,Beauty,299,0.0,299.0,4.8,0,1,express,cod,2025-11-17,0,
ORD003162,CUST00887,PROD007,Fashion,1299,129.9,1169.1,4.8,1,5,standard,cod,2026-09-09,0,
ORD003163,CUST00875,PROD015,Beauty,2999,0.0,2999.0,2.8,1,5,standard,card,2025-10-29,0,
ORD003164,CUST01174,PROD001,Beauty,1999,299.85,1699.15,3.1,1,6,standard,card,2025-09-28,1,Late Delivery
ORD003165,CUST01634,PROD013,Home & Lifestyle,2999,599.8,2399.2,3.5,5,5,standard,upi,2025-11-06,0,
ORD003166,CUST00839,PROD010,Fashion,1299,0.0,1299.0,4.8,0,3,standard,upi,2026-04-04,0,
ORD003167,CUST00731,PROD015,Beauty,2999,1199.6,1799.4,2.6,0,1,express,card,2025-09-24,0,
ORD003168,CUST01343,PROD017,Beauty,299,0.0,299.0,4.6,7,2,express,card,2025-09-23,0,
ORD003169,CUST01979,PROD013,Home & Lifestyle,2999,299.9,2699.1,3.2,1,6,standard,card,2026-05-14,0,
ORD003170,CUST01645,PROD003,Home & Lifestyle,1999,0.0,1999.0,3.9,1,1,express,card,2026-01-31,0,
ORD003171,CUST00116,PROD020,Books,4999,1999.6,2999.4,2.6,0,3,standard,upi,2025-11-11,0,
ORD003172,CUST01301,PROD003,Home & Lifestyle,1999,299.85,1699.15,4.0,0,4,standard,card,2026-03-12,0,
ORD003173,CUST00575,PROD018,Books,499,149.7,349.3,3.6,2,5,standard,card,2026-03-12,0,
ORD003174,CUST01659,PROD004,Books,499,0.0,499.0,4.1,0,1,express,upi,2026-02-01,0,
ORD003175,CUST01865,PROD009,Home & Lifestyle,1999,0.0,1999.0,3.9,1,5,standard,card,2025-10-19,0,
ORD003176,CUST00810,PROD016,Beauty,499,149.7,349.3,3.3,1,6,standard,card,2026-05-06,1,Better Price Elsewhere
ORD003177,CUST01431,PROD004,Books,499,74.85,424.15,4.4,6,3,standard,upi,2025-11-18,0,
ORD003178,CUST00538,PROD002,Books,4999,749.85,4249.15,3.6,4,3,standard,card,2026-01-22,0,
ORD003179,CUST01652,PROD014,Beauty,499,49.9,449.1,3.7,0,1,express,card,2025-12-09,0,
ORD003180,CUST00836,PROD006,Books,1299,324.75,974.25,2.5,1,6,standard,cod,2026-08-31,1,Better Price Elsewhere
ORD003181,CUST00161,PROD018,Books,499,0.0,499.0,3.9,3,9,economy,card,2026-07-12,1,Late Delivery
ORD003182,CUST00040,PROD002,Books,4999,0.0,4999.0,3.5,7,4,standard,card,2025-11-26,0,
ORD003183,CUST00894,PROD010,Fashion,1299,0.0,1299.0,4.7,2,3,standard,upi,2026-01-13,0,
ORD003184,CUST00533,PROD017,Beauty,299,29.9,269.1,4.6,1,5,standard,upi,2026-01-02,0,
ORD003185,CUST01890,PROD005,Fashion,1299,0.0,1299.0,3.1,2,2,express,wallet,2026-05-14,0,
ORD003186,CUST01208,PROD004,Books,499,49.9,449.1,4.4,3,3,standard,cod,2025-11-22,1,Changed Mind
ORD003187,CUST00779,PROD004,Books,499,0.0,499.0,4.4,5,4,standard,card,2025-11-26,0,
ORD003188,CUST00616,PROD006,Books,1299,0.0,1299.0,2.5,0,1,express,upi,2026-02-11,1,Quality Issues
ORD003189,CUST00230,PROD006,Books,1299,519.6,779.4,2.8,6,2,express,upi,2025-09-12,1,Late Delivery
ORD003190,CUST00589,PROD015,Beauty,2999,299.9,2699.1,2.6,0,1,express,card,2026-09-07,0,
ORD003191,CUST00095,PROD018,Books,499,0.0,499.0,3.5,0,4,standard,upi,2025-11-21,0,
ORD003192,CUST01966,PROD009,Home & Lifestyle,1999,399.8,1599.2,3.6,0,3,standard,card,2026-01-29,0,
ORD003193,CUST00562,PROD012,Beauty,4999,0.0,4999.0,4.0,0,3,standard,card,2026-09-05,1,Changed Mind
ORD003194,CUST00840,PROD003,Home & Lifestyle,1999,0.0,1999.0,3.7,0,3,standard,card,2026-07-02,0,
ORD003195,CUST00420,PROD018,Books,499,74.85,424.15,3.7,3,1,express,upi,2025-11-11,1,Damaged/Defective
ORD003196,CUST01665,PROD006,Books,1299,129.9,1169.1,2.4,5,3,standard,upi,2025-10-16,0,
ORD003197,CUST01128,PROD005,Fashion,1299,129.9,1169.1,2.8,8,1,express,wallet,2026-06-28,0,
ORD003198,CUST00736,PROD011,Fashion,299,29.9,269.1,2.5,0,5,standard,upi,2026-01-27,0,
ORD003199,CUST00328,PROD017,Beauty,299,44.85,254.15,5.0,8,5,standard,card,2025-10-10,1,Quality Issues
ORD003200,CUST01651,PROD010,Fashion,1299,0.0,1299.0,5.0,4,2,express,card,2026-05-04,1,Better Price Elsewhere
ORD003201,CUST01471,PROD003,Home & Lifestyle,1999,599.7,1399.3,3.9,2,5,standard,wallet,2026-02-13,0,
ORD003202,CUST00601,PROD017,Beauty,299,0.0,299.0,4.8,1,2,express,card,2025-10-03,1,Quality Issues
ORD003203,CUST00052,PROD018,Books,499,49.9,449.1,3.5,4,4,standard,upi,2026-05-18,0,
ORD003204,CUST01091,PROD017,Beauty,299,44.85,254.15,4.7,2,1,express,upi,2026-01-26,0,
ORD003205,CUST01537,PROD010,Fashion,1299,129.9,1169.1,4.8,0,1,express,upi,2025-10-27,0,
ORD003206,CUST01734,PROD009,Home & Lifestyle,1999,299.85,1699.15,3.9,2,1,express,wallet,2026-05-10,0,
ORD003207,CUST00129,PROD019,Electronics,1299,194.85,1104.15,3.7,4,6,standard,upi,2026-04-27,0,
ORD003208,CUST01293,PROD011,Fashion,299,29.9,269.1,2.4,1,3,standard,upi,2025-10-23,0,
ORD003209,CUST00642,PROD004,Books,499,0.0,499.0,4.4,0,2,express,cod,2025-11-16,1,Quality Issues
ORD003210,CUST01545,PROD020,Books,4999,0.0,4999.0,2.8,3,3,standard,card,2025-10-21,0,
ORD003211,CUST00351,PROD002,Books,4999,499.9,4499.1,3.8,1,4,standard,card,2026-01-26,0,
ORD003212,CUST01525,PROD011,Fashion,299,74.75,224.25,2.8,2,3,standard,card,2025-10-20,0,
ORD003213,CUST01204,PROD020,Books,4999,0.0,4999.0,2.9,5,4,standard,card,2026-05-05,0,
ORD003214,CUST00221,PROD017,Beauty,299,59.8,239.2,4.4,3,2,express,upi,2026-01-24,1,Damaged/Defective
ORD003215,CUST00568,PROD007,Fashion,1299,0.0,1299.0,4.6,2,5,standard,upi,2026-06-11,1,Late Delivery
ORD003216,CUST01926,PROD012,Beauty,4999,1249.75,3749.25,4.2,0,4,standard,cod,2026-09-07,1,Damaged/Defective
ORD003217,CUST01058,PROD009,Home & Lifestyle,1999,0.0,1999.0,3.8,1,2,express,card,2026-01-14,0,
ORD003218,CUST00560,PROD012,Beauty,4999,0.0,4999.0,4.3,4,7,economy,cod,2025-11-19,1,Late Delivery
ORD003219,CUST00746,PROD020,Books,4999,499.9,4499.1,3.0,5,2,express,card,2025-11-10,0,
ORD003220,CUST00380,PROD002,Books,4999,999.8,3999.2,3.6,0,1,express,card,2025-11-16,0,
ORD003221,CUST01025,PROD014,Beauty,499,0.0,499.0,3.6,2,9,economy,card,2026-05-07,0,
ORD003222,CUST01322,PROD012,Beauty,4999,499.9,4499.1,4.1,3,2,express,card,2025-11-04,0,
ORD003223,CUST00193,PROD017,Beauty,299,59.8,239.2,4.6,4,5,standard,upi,2026-07-03,0,
ORD003224,CUST01604,PROD012,Beauty,4999,499.9,4499.1,3.9,1,1,express,card,2026-01-23,1,Better Price Elsewhere
ORD003225,CUST00358,PROD014,Beauty,499,0.0,499.0,3.7,2,2,express,card,2026-03-06,0,
ORD003226,CUST01187,PROD004,Books,499,49.9,449.1,4.2,0,1,express,cod,2026-02-11,0,
ORD003227,CUST00980,PROD011,Fashion,299,59.8,239.2,2.4,1,2,express,card,2026-03-28,0,
ORD003228,CUST00905,PROD001,Beauty,1999,299.85,1699.15,2.8,0,5,standard,upi,2026-01-18,1,Product Not as Expected
ORD003229,CUST00719,PROD002,Books,4999,1999.6,2999.4,3.8,1,8,economy,card,2026-08-27,1,Better Price Elsewhere
ORD003230,CUST00723,PROD002,Books,4999,749.85,4249.15,3.5,1,1,express,upi,2026-06-17,0,
ORD003231,CUST01024,PROD002,Books,4999,749.85,4249.15,3.4,0,5,standard,wallet,2026-03-20,1,Changed Mind
ORD003232,CUST01512,PROD004,Books,499,0.0,499.0,4.3,1,3,standard,card,2026-04-09,0,
ORD003233,CUST00384,PROD003,Home & Lifestyle,1999,199.9,1799.1,3.9,2,4,standard,card,2026-06-03,1,Late Delivery
ORD003234,CUST01056,PROD015,Beauty,2999,599.8,2399.2,2.8,0,4,standard,upi,2025-10-28,0,
ORD003235,CUST00964,PROD004,Books,499,74.85,424.15,4.1,0,1,express,upi,2026-05-15,0,
ORD003236,CUST01226,PROD003,Home & Lifestyle,1999,599.7,1399.3,4.0,0,2,express,upi,2026-03-12,1,Ordered by Mistake
ORD003237,CUST01924,PROD017,Beauty,299,59.8,239.2,4.7,0,10,economy,cod,2026-01-24,1,Wrong Size
ORD003238,CUST00757,PROD007,Fashion,1299,129.9,1169.1,4.5,1,9,economy,card,2026-05-09,0,
ORD003239,CUST01706,PROD008,Home & Lifestyle,1299,324.75,974.25,3.5,0,1,express,card,2026-07-15,1,Ordered by Mistake
ORD003240,CUST00224,PROD015,Beauty,2999,749.75,2249.25,2.7,5,5,standard,card,2026-06-08,1,Late Delivery
ORD003241,CUST00329,PROD019,Electronics,1299,324.75,974.25,4.0,1,5,standard,upi,2026-01-29,0,
ORD003242,CUST01753,PROD020,Books,4999,0.0,4999.0,3.2,1,1,express,wallet,2026-05-18,0,
ORD003243,CUST01202,PROD008,Home & Lifestyle,1299,0.0,1299.0,3.9,0,2,express,upi,2026-02-02,1,Ordered by Mistake
ORD003244,CUST01145,PROD006,Books,1299,324.75,974.25,2.5,4,1,express,cod,2026-03-02,1,Quality Issues
ORD003245,CUST01034,PROD013,Home & Lifestyle,2999,0.0,2999.0,3.7,3,3,standard,upi,2025-12-03,0,
ORD003246,CUST01722,PROD002,Books,4999,999.8,3999.2,3.6,1,3,standard,upi,2025-10-08,0,
ORD003247,CUST00458,PROD016,Beauty,499,149.7,349.3,3.6,1,1,express,wallet,2026-06-30,0,
ORD003248,CUST01255,PROD007,Fashion,1299,129.9,1169.1,4.5,1,3,standard,card,2025-10-01,0,
ORD003249,CUST00610,PROD009,Home & Lifestyle,1999,299.85,1699.15,4.1,1,5,standard,card,2025-10-26,0,
ORD003250,CUST01284,PROD011,Fashion,299,0.0,299.0,2.2,3,2,express,card,2026-08-08,1,Changed Mind
ORD003251,CUST01897,PROD006,Books,1299,129.9,1169.1,2.4,7,5,standard,card,2025-09-13,0,
ORD003252,CUST00675,PROD017,Beauty,299,74.75,224.25,4.6,1,6,standard,upi,2026-02-18,0,
ORD003253,CUST01048,PROD013,Home & Lifestyle,2999,299.9,2699.1,3.1,1,6,standard,card,2026-05-29,1,Product Not as Expected
ORD003254,CUST00692,PROD007,Fashion,1299,519.6,779.4,4.5,0,2,express,card,2026-05-02,0,
ORD003255,CUST01676,PROD017,Beauty,299,0.0,299.0,4.8,5,7,economy,cod,2026-04-17,0,
ORD003256,CUST01183,PROD006,Books,1299,0.0,1299.0,2.6,6,4,standard,upi,2026-08-27,1,Product Not as Expected
ORD003257,CUST00425,PROD011,Fashion,299,0.0,299.0,2.3,0,2,express,card,2026-03-16,0,
ORD003258,CUST01587,PROD018,Books,499,199.6,299.4,3.7,0,1,express,card,2026-03-31,0,
ORD003259,CUST00089,PROD015,Beauty,2999,0.0,2999.0,2.7,0,6,standard,card,2026-06-21,1,Late Delivery
ORD003260,CUST01186,PROD002,Books,4999,749.85,4249.15,3.7,3,6,standard,upi,2026-05-07,0,
ORD003261,CUST00212,PROD003,Home & Lifestyle,1999,499.75,1499.25,4.1,7,8,economy,cod,2025-11-12,1,Late Delivery
ORD003262,CUST00154,PROD010,Fashion,1299,129.9,1169.1,4.4,0,3,standard,card,2026-08-08,0,
ORD003263,CUST01312,PROD011,Fashion,299,59.8,239.2,2.7,0,4,standard,card,2026-01-15,0,
ORD003264,CUST01048,PROD008,Home & Lifestyle,1299,389.7,909.3,3.6,8,3,standard,card,2025-12-28,0,
ORD003265,CUST01486,PROD007,Fashion,1299,129.9,1169.1,4.6,0,4,standard,card,2026-07-14,0,
ORD003266,CUST00732,PROD006,Books,1299,129.9,1169.1,2.5,1,5,standard,upi,2025-12-30,0,
ORD003267,CUST00148,PROD007,Fashion,1299,129.9,1169.1,4.9,0,2,express,upi,2025-10-07,0,
ORD003268,CUST01921,PROD007,Fashion,1299,129.9,1169.1,4.6,4,10,economy,card,2026-08-29,1,Quality Issues
ORD003269,CUST01897,PROD008,Home & Lifestyle,1299,259.8,1039.2,3.7,1,4,standard,cod,2025-12-19,1,Late Delivery
ORD003270,CUST01832,PROD003,Home & Lifestyle,1999,199.9,1799.1,3.7,0,3,standard,upi,2026-01-03,0,
ORD003271,CUST01548,PROD013,Home & Lifestyle,2999,0.0,2999.0,3.7,0,6,standard,card,2026-02-10,0,
ORD003272,CUST00821,PROD012,Beauty,4999,1999.6,2999.4,4.3,1,1,express,card,2026-06-06,1,Damaged/Defective
ORD003273,CUST00662,PROD005,Fashion,1299,0.0,1299.0,3.1,0,5,standard,cod,2025-12-07,0,
ORD003274,CUST00830,PROD010,Fashion,1299,0.0,1299.0,4.7,3,6,standard,card,2026-03-02,0,
ORD003275,CUST01871,PROD014,Beauty,499,49.9,449.1,3.5,0,1,express,upi,2025-10-11,0,
ORD003276,CUST01218,PROD004,Books,499,149.7,349.3,4.0,1,4,standard,upi,2026-07-18,0,
ORD003277,CUST00555,PROD013,Home & Lifestyle,2999,0.0,2999.0,3.7,0,3,standard,cod,2026-06-12,0,
ORD003278,CUST01891,PROD014,Beauty,499,99.8,399.2,3.7,0,2,express,upi,2026-03-17,0,
ORD003279,CUST00958,PROD010,Fashion,1299,194.85,1104.15,4.5,6,2,express,card,2026-01-17,1,Quality Issues
ORD003280,CUST00632,PROD005,Fashion,1299,259.8,1039.2,2.8,7,4,standard,card,2026-01-15,1,Quality Issues
ORD003281,CUST01732,PROD007,Fashion,1299,0.0,1299.0,4.4,6,2,express,cod,2026-07-02,1,Late Delivery
ORD003282,CUST00301,PROD019,Electronics,1299,194.85,1104.15,3.7,0,4,standard,card,2025-12-29,0,
ORD003283,CUST01816,PROD012,Beauty,4999,999.8,3999.2,4.3,0,6,standard,card,2026-08-09,0,
ORD003284,CUST01639,PROD003,Home & Lifestyle,1999,0.0,1999.0,3.9,1,9,economy,cod,2026-05-09,0,
ORD003285,CUST00623,PROD009,Home & Lifestyle,1999,199.9,1799.1,3.9,3,1,express,upi,2026-03-15,1,Product Not as Expected
ORD003286,CUST01831,PROD002,Books,4999,1249.75,3749.25,3.8,5,6,standard,card,2026-01-03,0,
ORD003287,CUST01084,PROD013,Home & Lifestyle,2999,0.0,2999.0,3.4,0,6,standard,card,2025-09-26,0,
ORD003288,CUST00088,PROD018,Books,499,149.7,349.3,3.5,3,8,economy,upi,2026-02-22,1,Product Not as Expected
ORD003289,CUST00916,PROD002,Books,4999,499.9,4499.1,3.6,0,1,express,card,2026-05-31,0,
ORD003290,CUST01299,PROD002,Books,4999,499.9,4499.1,3.3,6,3,standard,card,2026-02-04,0,
ORD003291,CUST01892,PROD006,Books,1299,129.9,1169.1,2.5,0,3,standard,card,2026-04-25,0,
ORD003292,CUST01311,PROD017,Beauty,299,29.9,269.1,4.7,1,3,standard,cod,2026-06-25,1,Damaged/Defective
ORD003293,CUST00250,PROD005,Fashion,1299,0.0,1299.0,2.6,1,3,standard,upi,2026-02-27,1,Damaged/Defective
ORD003294,CUST00996,PROD013,Home & Lifestyle,2999,749.75,2249.25,3.5,1,2,express,card,2026-05-17,1,Late Delivery
ORD003295,CUST00517,PROD012,Beauty,4999,999.8,3999.2,4.4,1,6,standard,card,2026-03-28,0,
ORD003296,CUST01234,PROD004,Books,499,0.0,499.0,4.2,5,5,standard,card,2025-09-23,1,Quality Issues
ORD003297,CUST01292,PROD013,Home & Lifestyle,2999,899.7,2099.3,3.5,1,3,standard,upi,2025-10-03,0,
ORD003298,CUST00406,PROD014,Beauty,499,0.0,499.0,3.5,0,6,standard,wallet,2026-04-01,0,
ORD003299,CUST00368,PROD009,Home & Lifestyle,1999,199.9,1799.1,3.6,0,1,express,upi,2026-06-03,1,Damaged/Defective
ORD003300,CUST01815,PROD006,Books,1299,389.7,909.3,2.7,2,3,standard,card,2025-12-22,1,Better Price Elsewhere
ORD003301,CUST01814,PROD019,Electronics,1299,194.85,1104.15,4.0,1,2,express,wallet,2026-08-06,0,
ORD003302,CUST01541,PROD003,Home & Lifestyle,1999,0.0,1999.0,4.1,0,2,express,card,2025-10-31,0,
ORD003303,CUST01116,PROD013,Home & Lifestyle,2999,599.8,2399.2,3.7,2,1,express,upi,2026-06-28,1,Late Delivery
ORD003304,CUST00036,PROD014,Beauty,499,74.85,424.15,3.7,0,3,standard,card,2025-11-05,0,
ORD003305,CUST01020,PROD004,Books,499,49.9,449.1,4.0,0,6,standard,cod,2026-05-11,0,
ORD003306,CUST01596,PROD014,Beauty,499,124.75,374.25,3.5,1,3,standard,wallet,2026-03-12,0,
ORD003307,CUST01341,PROD013,Home & Lifestyle,2999,599.8,2399.2,3.6,3,6,standard,card,2026-04-17,1,Quality Issues
ORD003308,CUST01433,PROD003,Home & Lifestyle,1999,199.9,1799.1,4.1,0,3,standard,card,2026-06-04,0,
ORD003309,CUST00584,PROD018,Books,499,0.0,499.0,3.4,2,3,standard,cod,2025-11-04,0,
ORD003310,CUST01268,PROD006,Books,1299,519.6,779.4,2.6,2,3,standard,card,2026-02-18,1,Ordered by Mistake
ORD003311,CUST00433,PROD003,Home & Lifestyle,1999,499.75,1499.25,4.0,2,5,standard,card,2025-10-26,1,Quality Issues
ORD003312,CUST00872,PROD015,Beauty,2999,1199.6,1799.4,2.3,0,2,express,upi,2026-01-07,1,Better Price Elsewhere
ORD003313,CUST00794,PROD015,Beauty,2999,299.9,2699.1,2.7,0,6,standard,cod,2025-10-25,1,Ordered by Mistake
ORD003314,CUST01738,PROD018,Books,499,74.85,424.15,3.4,5,5,standard,card,2026-03-03,1,Ordered by Mistake
ORD003315,CUST00048,PROD012,Beauty,4999,499.9,4499.1,3.9,3,2,express,upi,2026-02-08,0,
ORD003316,CUST00992,PROD016,Beauty,499,49.9,449.1,3.3,2,2,express,card,2026-02-03,1,Quality Issues
ORD003317,CUST00893,PROD012,Beauty,4999,0.0,4999.0,4.2,2,4,standard,card,2025-11-30,0,
ORD003318,CUST00128,PROD018,Books,499,0.0,499.0,3.5,1,6,standard,card,2026-07-01,1,Changed Mind
ORD003319,CUST00047,PROD007,Fashion,1299,129.9,1169.1,4.9,5,3,standard,cod,2026-04-09,0,
ORD003320,CUST00143,PROD015,Beauty,2999,599.8,2399.2,2.5,3,9,economy,card,2026-04-13,0,
ORD003321,CUST01462,PROD001,Beauty,1999,599.7,1399.3,2.6,0,2,express,cod,2025-11-25,1,Product Not as Expected
ORD003322,CUST01485,PROD009,Home & Lifestyle,1999,0.0,1999.0,4.0,4,4,standard,card,2025-11-19,1,Damaged/Defective
ORD003323,CUST00989,PROD009,Home & Lifestyle,1999,399.8,1599.2,3.6,5,4,standard,cod,2026-08-22,0,
ORD003324,CUST01340,PROD011,Fashion,299,0.0,299.0,2.4,0,5,standard,upi,2026-06-29,0,
ORD003325,CUST01411,PROD017,Beauty,299,29.9,269.1,4.6,4,4,standard,card,2026-01-28,0,
ORD003326,CUST00366,PROD020,Books,4999,749.85,4249.15,2.8,0,6,standard,card,2026-05-13,0,
ORD003327,CUST00747,PROD012,Beauty,4999,0.0,4999.0,4.1,1,3,standard,card,2026-06-17,1,Wrong Size
ORD003328,CUST01042,PROD003,Home & Lifestyle,1999,499.75,1499.25,3.8,3,3,standard,upi,2026-06-19,0,
ORD003329,CUST00977,PROD017,Beauty,299,0.0,299.0,4.9,0,3,standard,upi,2026-06-08,1,Damaged/Defective
ORD003330,CUST00051,PROD004,Books,499,74.85,424.15,4.0,2,1,express,card,2025-10-10,0,
ORD003331,CUST01191,PROD011,Fashion,299,59.8,239.2,2.4,3,2,express,upi,2026-05-01,0,
ORD003332,CUST01974,PROD003,Home & Lifestyle,1999,0.0,1999.0,4.1,0,7,economy,card,2025-12-27,1,Product Not as Expected
ORD003333,CUST00442,PROD006,Books,1299,129.9,1169.1,2.6,4,2,express,cod,2025-12-24,0,
ORD003334,CUST00477,PROD001,Beauty,1999,0.0,1999.0,2.7,4,6,standard,upi,2026-07-24,1,Damaged/Defective
ORD003335,CUST01683,PROD016,Beauty,499,99.8,399.2,3.4,4,4,standard,card,2026-08-20,1,Wrong Size
ORD003336,CUST00696,PROD019,Electronics,1299,129.9,1169.1,4.0,0,3,standard,upi,2026-06-08,1,Ordered by Mistake
ORD003337,CUST00909,PROD017,Beauty,299,0.0,299.0,4.9,1,3,standard,upi,2026-04-26,1,Changed Mind
ORD003338,CUST01752,PROD015,Beauty,2999,299.9,2699.1,2.8,3,6,standard,upi,2026-02-21,0,
ORD003339,CUST01066,PROD007,Fashion,1299,194.85,1104.15,4.6,4,2,express,upi,2025-11-28,1,Changed Mind
ORD003340,CUST00578,PROD002,Books,4999,0.0,4999.0,3.4,0,4,standard,cod,2025-12-29,1,Late Delivery
ORD003341,CUST00411,PROD008,Home & Lifestyle,1299,0.0,1299.0,3.6,2,3,standard,cod,2026-03-05,0,
ORD003342,CUST01674,PROD002,Books,4999,499.9,4499.1,3.6,1,2,express,upi,2026-03-21,0,
ORD003343,CUST01369,PROD014,Beauty,499,0.0,499.0,3.5,0,1,express,card,2026-08-15,0,
ORD003344,CUST00637,PROD018,Books,499,74.85,424.15,4.0,4,4,standard,wallet,2025-10-07,0,
ORD003345,CUST01521,PROD012,Beauty,4999,0.0,4999.0,4.2,0,3,standard,cod,2026-08-14,0,
ORD003346,CUST00033,PROD006,Books,1299,129.9,1169.1,2.6,2,1,express,upi,2026-01-14,0,
ORD003347,CUST00078,PROD003,Home & Lifestyle,1999,299.85,1699.15,3.7,0,2,express,card,2025-10-03,1,Wrong Size
ORD003348,CUST01719,PROD016,Beauty,499,49.9,449.1,3.3,1,6,standard,upi,2025-09-29,0,
ORD003349,CUST01550,PROD001,Beauty,1999,199.9,1799.1,2.8,0,1,express,card,2025-11-29,1,Better Price Elsewhere
ORD003350,CUST00867,PROD007,Fashion,1299,389.7,909.3,4.4,0,5,standard,cod,2025-12-18,1,Wrong Size
ORD003351,CUST00635,PROD010,Fashion,1299,129.9,1169.1,4.6,0,2,express,card,2026-08-14,1,Product Not as Expected
ORD003352,CUST01184,PROD007,Fashion,1299,194.85,1104.15,4.7,2,4,standard,upi,2025-09-18,0,
ORD003353,CUST00584,PROD005,Fashion,1299,519.6,779.4,2.9,2,6,standard,upi,2026-01-28,0,
ORD003354,CUST01203,PROD002,Books,4999,1249.75,3749.25,3.7,2,3,standard,upi,2025-12-15,0,
ORD003355,CUST01792,PROD013,Home & Lifestyle,2999,599.8,2399.2,3.5,0,5,standard,upi,2026-01-05,1,Product Not as Expected
ORD003356,CUST00840,PROD019,Electronics,1299,519.6,779.4,3.9,0,1,express,wallet,2026-06-08,0,
ORD003357,CUST00751,PROD005,Fashion,1299,0.0,1299.0,2.8,1,5,standard,upi,2026-07-28,0,
ORD003358,CUST00875,PROD001,Beauty,1999,299.85,1699.15,3.1,7,2,express,upi,2025-10-27,0,
ORD003359,CUST00411,PROD011,Fashion,299,44.85,254.15,2.5,2,6,standard,wallet,2026-05-29,1,Quality Issues
ORD003360,CUST01602,PROD013,Home & Lifestyle,2999,899.7,2099.3,3.6,3,8,economy,card,2026-03-23,0,
ORD003361,CUST01847,PROD001,Beauty,1999,199.9,1799.1,3.0,1,1,express,cod,2026-02-26,1,Product Not as Expected
ORD003362,CUST01712,PROD006,Books,1299,129.9,1169.1,2.8,2,1,express,card,2026-03-19,0,
ORD003363,CUST01840,PROD019,Electronics,1299,129.9,1169.1,3.9,1,1,express,upi,2026-06-21,0,
ORD003364,CUST00755,PROD005,Fashion,1299,324.75,974.25,2.8,0,5,standard,card,2026-02-06,0,
ORD003365,CUST00192,PROD009,Home & Lifestyle,1999,0.0,1999.0,3.7,3,6,standard,upi,2026-06-11,0,
ORD003366,CUST00927,PROD015,Beauty,2999,0.0,2999.0,2.9,5,6,standard,card,2026-03-31,1,Better Price Elsewhere
ORD003367,CUST01209,PROD008,Home & Lifestyle,1299,129.9,1169.1,3.8,2,4,standard,card,2026-07-27,0,
ORD003368,CUST01774,PROD014,Beauty,499,99.8,399.2,3.6,7,6,standard,upi,2026-03-18,0,
ORD003369,CUST01099,PROD002,Books,4999,0.0,4999.0,3.3,6,1,express,upi,2026-04-12,0,
ORD003370,CUST00016,PROD002,Books,4999,0.0,4999.0,3.4,3,4,standard,upi,2026-07-29,0,
ORD003371,CUST00039,PROD015,Beauty,2999,299.9,2699.1,2.4,7,6,standard,upi,2026-03-09,1,Better Price Elsewhere
ORD003372,CUST00942,PROD016,Beauty,499,0.0,499.0,3.7,1,5,standard,card,2026-04-29,0,
ORD003373,CUST00289,PROD017,Beauty,299,59.8,239.2,4.4,6,2,express,upi,2026-01-08,0,
ORD003374,CUST00853,PROD010,Fashion,1299,324.75,974.25,4.4,1,2,express,card,2025-10-08,1,Better Price Elsewhere
ORD003375,CUST00933,PROD006,Books,1299,519.6,779.4,2.3,0,6,standard,card,2026-06-14,0,
ORD003376,CUST01108,PROD007,Fashion,1299,0.0,1299.0,4.6,5,5,standard,upi,2026-01-15,1,Product Not as Expected
ORD003377,CUST01474,PROD015,Beauty,2999,449.85,2549.15,2.5,1,3,standard,card,2026-03-16,0,
ORD003378,CUST00870,PROD001,Beauty,1999,199.9,1799.1,2.8,5,3,standard,upi,2026-02-07,1,Wrong Size
ORD003379,CUST00036,PROD006,Books,1299,389.7,909.3,2.8,4,2,express,card,2026-08-23,1,Late Delivery
ORD003380,CUST01667,PROD016,Beauty,499,99.8,399.2,3.5,1,1,express,upi,2026-01-29,0,
ORD003381,CUST01563,PROD009,Home & Lifestyle,1999,0.0,1999.0,4.1,0,1,express,upi,2026-06-13,0,
ORD003382,CUST01801,PROD005,Fashion,1299,259.8,1039.2,2.8,2,2,express,card,2026-01-15,0,
ORD003383,CUST00125,PROD005,Fashion,1299,129.9,1169.1,2.7,3,2,express,upi,2026-07-10,1,Ordered by Mistake
ORD003384,CUST00840,PROD019,Electronics,1299,129.9,1169.1,4.0,2,10,economy,wallet,2025-12-15,0,
ORD003385,CUST00988,PROD006,Books,1299,0.0,1299.0,2.6,0,2,express,cod,2026-07-01,1,Quality Issues
ORD003386,CUST01144,PROD015,Beauty,2999,299.9,2699.1,2.7,1,2,express,cod,2025-10-01,0,
ORD003387,CUST01802,PROD009,Home & Lifestyle,1999,0.0,1999.0,3.7,2,4,standard,card,2026-06-25,1,Damaged/Defective
ORD003388,CUST01974,PROD016,Beauty,499,149.7,349.3,3.5,0,2,express,upi,2026-09-01,1,Ordered by Mistake
ORD003389,CUST00730,PROD018,Books,499,74.85,424.15,3.4,0,1,express,card,2026-06-01,0,
ORD003390,CUST01363,PROD010,Fashion,1299,324.75,974.25,4.8,0,3,standard,upi,2026-06-10,0,
ORD003391,CUST01147,PROD010,Fashion,1299,0.0,1299.0,4.8,1,5,standard,upi,2026-03-18,0,
ORD003392,CUST00433,PROD003,Home & Lifestyle,1999,0.0,1999.0,3.9,0,1,express,card,2026-05-22,1,Ordered by Mistake
ORD003393,CUST01190,PROD008,Home & Lifestyle,1299,324.75,974.25,3.6,0,6,standard,card,2026-06-18,1,Late Delivery
ORD003394,CUST01224,PROD009,Home & Lifestyle,1999,799.6,1199.4,3.8,1,1,express,card,2025-12-12,1,Damaged/Defective
ORD003395,CUST00370,PROD002,Books,4999,749.85,4249.15,3.3,2,3,standard,card,2026-08-09,1,Wrong Size
ORD003396,CUST00426,PROD013,Home & Lifestyle,2999,599.8,2399.2,3.5,1,3,standard,card,2025-12-04,0,
ORD003397,CUST01333,PROD017,Beauty,299,29.9,269.1,4.5,0,1,express,upi,2025-12-20,0,
ORD003398,CUST00596,PROD006,Books,1299,259.8,1039.2,2.6,1,6,standard,cod,2026-02-22,1,Better Price Elsewhere
ORD003399,CUST00728,PROD006,Books,1299,129.9,1169.1,2.8,1,11,economy,cod,2026-03-02,0,
ORD003400,CUST00334,PROD009,Home & Lifestyle,1999,0.0,1999.0,3.9,2,2,express,cod,2026-05-09,1,Quality Issues
ORD003401,CUST01433,PROD020,Books,4999,0.0,4999.0,3.0,3,8,economy,cod,2025-12-14,1,Late Delivery
ORD003402,CUST00951,PROD018,Books,499,49.9,449.1,3.4,3,3,standard,upi,2026-01-05,1,Ordered by Mistake
ORD003403,CUST01449,PROD004,Books,499,99.8,399.2,4.0,0,1,express,card,2026-08-18,1,Quality Issues
ORD003404,CUST00610,PROD005,Fashion,1299,194.85,1104.15,2.9,0,1,express,card,2026-06-15,0,
ORD003405,CUST01838,PROD008,Home & Lifestyle,1299,324.75,974.25,3.4,1,6,standard,card,2026-06-27,1,Damaged/Defective
ORD003406,CUST01458,PROD008,Home & Lifestyle,1299,0.0,1299.0,4.0,1,3,standard,card,2025-09-15,1,Changed Mind
ORD003407,CUST01318,PROD018,Books,499,149.7,349.3,3.6,3,4,standard,card,2025-10-28,1,Better Price Elsewhere
ORD003408,CUST00534,PROD015,Beauty,2999,299.9,2699.1,2.7,0,2,express,cod,2025-10-30,0,
ORD003409,CUST01680,PROD014,Beauty,499,49.9,449.1,3.7,3,1,express,cod,2026-08-10,0,
ORD003410,CUST01146,PROD002,Books,4999,0.0,4999.0,3.3,0,4,standard,card,2026-02-01,0,
ORD003411,CUST01511,PROD012,Beauty,4999,999.8,3999.2,4.3,1,11,economy,wallet,2025-11-06,1,Ordered by Mistake
ORD003412,CUST01180,PROD015,Beauty,2999,599.8,2399.2,2.9,1,4,standard,card,2025-11-22,1,Quality Issues
ORD003413,CUST00051,PROD005,Fashion,1299,324.75,974.25,2.8,0,1,express,card,2026-05-05,0,
ORD003414,CUST00017,PROD004,Books,499,0.0,499.0,4.2,0,2,express,wallet,2026-08-09,0,
ORD003415,CUST01104,PROD001,Beauty,1999,0.0,1999.0,2.7,7,3,standard,card,2026-02-28,1,Late Delivery
ORD003416,CUST00341,PROD006,Books,1299,259.8,1039.2,2.8,1,5,standard,cod,2026-03-26,1,Wrong Size
ORD003417,CUST01429,PROD005,Fashion,1299,259.8,1039.2,2.8,0,1,express,upi,2026-03-07,0,
ORD003418,CUST01920,PROD001,Beauty,1999,399.8,1599.2,3.0,1,6,standard,card,2026-08-03,0,
ORD003419,CUST00321,PROD016,Beauty,499,0.0,499.0,3.2,6,2,express,card,2026-09-03,1,Wrong Size
ORD003420,CUST01651,PROD018,Books,499,49.9,449.1,3.5,3,3,standard,cod,2026-06-16,1,Ordered by Mistake
ORD003421,CUST00923,PROD016,Beauty,499,74.85,424.15,3.4,7,10,economy,upi,2025-10-14,1,Product Not as Expected
ORD003422,CUST00312,PROD015,Beauty,2999,299.9,2699.1,2.5,0,4,standard,card,2026-06-28,1,Changed Mind
ORD003423,CUST01856,PROD003,Home & Lifestyle,1999,0.0,1999.0,3.7,0,3,standard,upi,2026-09-07,1,Changed Mind
ORD003424,CUST01476,PROD001,Beauty,1999,399.8,1599.2,2.7,1,3,standard,cod,2026-05-08,0,
ORD003425,CUST01151,PROD001,Beauty,1999,0.0,1999.0,2.9,2,2,express,card,2026-03-26,1,Ordered by Mistake
ORD003426,CUST01249,PROD009,Home & Lifestyle,1999,0.0,1999.0,4.0,1,1,express,card,2026-08-18,0,
ORD003427,CUST00790,PROD006,Books,1299,0.0,1299.0,2.9,4,1,express,wallet,2026-01-01,1,Changed Mind
ORD003428,CUST01940,PROD010,Fashion,1299,0.0,1299.0,4.6,2,4,standard,cod,2026-07-26,0,
ORD003429,CUST00747,PROD014,Beauty,499,49.9,449.1,3.2,0,3,standard,upi,2026-03-14,0,
ORD003430,CUST01186,PROD009,Home & Lifestyle,1999,0.0,1999.0,3.6,2,5,standard,card,2026-04-13,0,
ORD003431,CUST00616,PROD002,Books,4999,0.0,4999.0,3.6,7,2,express,upi,2026-09-02,0,
ORD003432,CUST00022,PROD008,Home & Lifestyle,1299,0.0,1299.0,3.9,2,5,standard,cod,2026-05-16,0,
ORD003433,CUST00908,PROD013,Home & Lifestyle,2999,599.8,2399.2,3.6,0,6,standard,cod,2025-09-14,0,
ORD003434,CUST01874,PROD017,Beauty,299,74.75,224.25,4.5,3,5,standard,card,2026-04-07,0,
ORD003435,CUST01394,PROD014,Beauty,499,49.9,449.1,3.6,2,3,standard,cod,2025-12-28,0,
ORD003436,CUST00688,PROD002,Books,4999,0.0,4999.0,3.5,0,2,express,upi,2026-07-30,0,
ORD003437,CUST01742,PROD007,Fashion,1299,259.8,1039.2,4.5,0,2,express,cod,2026-07-18,0,
ORD003438,CUST01069,PROD002,Books,4999,0.0,4999.0,3.2,5,4,standard,upi,2026-08-29,0,
ORD003439,CUST01959,PROD018,Books,499,124.75,374.25,3.7,0,4,standard,upi,2025-11-30,1,Wrong Size
ORD003440,CUST01513,PROD005,Fashion,1299,0.0,1299.0,2.8,4,9,economy,cod,2025-12-06,1,Changed Mind
ORD003441,CUST00186,PROD012,Beauty,4999,499.9,4499.1,4.2,7,3,standard,upi,2026-07-22,0,
ORD003442,CUST01890,PROD016,Beauty,499,49.9,449.1,3.3,1,7,economy,card,2026-05-29,1,Wrong Size
ORD003443,CUST00920,PROD010,Fashion,1299,0.0,1299.0,4.6,2,1,express,upi,2026-06-07,0,
ORD003444,CUST01536,PROD020,Books,4999,1249.75,3749.25,3.1,0,2,express,cod,2026-06-29,0,
ORD003445,CUST00331,PROD015,Beauty,2999,0.0,2999.0,2.5,1,3,standard,card,2025-11-19,1,Ordered by Mistake
ORD003446,CUST00138,PROD004,Books,499,74.85,424.15,4.3,0,5,standard,cod,2026-04-09,1,Ordered by Mistake
ORD003447,CUST00976,PROD017,Beauty,299,0.0,299.0,4.8,1,7,economy,upi,2026-08-19,0,
ORD003448,CUST00222,PROD001,Beauty,1999,0.0,1999.0,3.1,6,2,express,card,2025-10-08,1,Product Not as Expected
ORD003449,CUST01978,PROD015,Beauty,2999,299.9,2699.1,2.7,3,2,express,upi,2026-02-27,1,Quality Issues
ORD003450,CUST00986,PROD006,Books,1299,259.8,1039.2,2.4,1,2,express,cod,2025-11-30,1,Product Not as Expected
ORD003451,CUST00965,PROD003,Home & Lifestyle,1999,499.75,1499.25,4.2,0,3,standard,upi,2025-11-11,0,
ORD003452,CUST00040,PROD018,Books,499,124.75,374.25,3.9,7,5,standard,upi,2026-05-02,1,Wrong Size
ORD003453,CUST00870,PROD018,Books,499,0.0,499.0,3.6,1,5,standard,upi,2026-01-24,0,
ORD003454,CUST01936,PROD008,Home & Lifestyle,1299,324.75,974.25,3.7,0,11,economy,cod,2025-10-16,1,Product Not as Expected
ORD003455,CUST00986,PROD013,Home & Lifestyle,2999,0.0,2999.0,3.7,2,2,express,card,2026-06-26,0,
ORD003456,CUST00606,PROD001,Beauty,1999,199.9,1799.1,2.6,4,6,standard,card,2026-01-11,1,Better Price Elsewhere
ORD003457,CUST01540,PROD010,Fashion,1299,259.8,1039.2,4.9,2,6,standard,card,2026-09-09,0,
ORD003458,CUST00797,PROD009,Home & Lifestyle,1999,599.7,1399.3,3.8,5,4,standard,upi,2025-12-03,1,Quality Issues
ORD003459,CUST01964,PROD016,Beauty,499,49.9,449.1,3.6,5,3,standard,upi,2025-09-29,0,
ORD003460,CUST01136,PROD015,Beauty,2999,599.8,2399.2,2.4,3,1,express,card,2026-06-15,0,
ORD003461,CUST00302,PROD005,Fashion,1299,129.9,1169.1,3.0,1,3,standard,upi,2026-08-18,1,Ordered by Mistake
ORD003462,CUST01801,PROD009,Home & Lifestyle,1999,199.9,1799.1,3.7,1,6,standard,upi,2026-03-03,0,
ORD003463,CUST00674,PROD002,Books,4999,0.0,4999.0,3.4,0,5,standard,upi,2025-09-12,0,
ORD003464,CUST01677,PROD019,Electronics,1299,259.8,1039.2,3.7,0,1,express,card,2026-03-24,0,
ORD003465,CUST01171,PROD002,Books,4999,499.9,4499.1,3.7,0,6,standard,card,2026-06-01,0,
ORD003466,CUST00971,PROD018,Books,499,74.85,424.15,4.0,1,2,express,upi,2025-10-03,0,
ORD003467,CUST01413,PROD002,Books,4999,749.85,4249.15,3.4,0,1,express,wallet,2026-01-25,0,
ORD003468,CUST01147,PROD004,Books,499,124.75,374.25,4.2,0,3,standard,cod,2026-08-24,1,Better Price Elsewhere
ORD003469,CUST01191,PROD015,Beauty,2999,0.0,2999.0,2.7,0,4,standard,upi,2026-01-28,0,
ORD003470,CUST00157,PROD020,Books,4999,1249.75,3749.25,2.8,1,6,standard,card,2026-08-18,1,Damaged/Defective
ORD003471,CUST00600,PROD003,Home & Lifestyle,1999,399.8,1599.2,3.7,1,5,standard,upi,2026-02-25,0,
ORD003472,CUST01503,PROD003,Home & Lifestyle,1999,0.0,1999.0,4.2,1,5,standard,upi,2025-11-17,0,
ORD003473,CUST01511,PROD006,Books,1299,0.0,1299.0,2.7,3,5,standard,cod,2026-08-30,1,Ordered by Mistake
ORD003474,CUST01381,PROD013,Home & Lifestyle,2999,599.8,2399.2,3.7,0,3,standard,card,2026-07-11,0,
ORD003475,CUST00721,PROD013,Home & Lifestyle,2999,0.0,2999.0,3.1,8,2,express,upi,2025-11-06,0,
ORD003476,CUST00859,PROD020,Books,4999,0.0,4999.0,2.9,4,4,standard,upi,2025-11-18,0,
ORD003477,CUST01331,PROD008,Home & Lifestyle,1299,0.0,1299.0,3.4,5,6,standard,upi,2026-06-27,0,
ORD003478,CUST01782,PROD002,Books,4999,499.9,4499.1,3.4,6,8,economy,upi,2026-07-14,0,
ORD003479,CUST01590,PROD003,Home & Lifestyle,1999,199.9,1799.1,4.1,2,10,economy,cod,2025-10-09,0,
ORD003480,CUST00698,PROD004,Books,499,199.6,299.4,4.1,2,4,standard,card,2026-07-16,1,Wrong Size
ORD003481,CUST00415,PROD020,Books,4999,1499.7,3499.3,3.0,0,2,express,card,2026-02-02,0,
ORD003482,CUST01747,PROD001,Beauty,1999,199.9,1799.1,3.1,1,7,economy,card,2026-07-18,0,
ORD003483,CUST00325,PROD011,Fashion,299,0.0,299.0,2.3,0,3,standard,upi,2026-01-24,1,Damaged/Defective
ORD003484,CUST00085,PROD016,Beauty,499,99.8,399.2,3.2,4,4,standard,card,2025-09-18,1,Ordered by Mistake
ORD003485,CUST01874,PROD004,Books,499,0.0,499.0,4.4,1,2,express,cod,2026-06-28,1,Ordered by Mistake
ORD003486,CUST00975,PROD003,Home & Lifestyle,1999,0.0,1999.0,3.7,2,3,standard,upi,2026-02-23,1,Ordered by Mistake
ORD003487,CUST00338,PROD017,Beauty,299,44.85,254.15,4.6,0,2,express,upi,2025-09-21,1,Changed Mind
ORD003488,CUST01605,PROD017,Beauty,299,74.75,224.25,4.8,0,6,standard,card,2026-04-08,1,Quality Issues
ORD003489,CUST01270,PROD019,Electronics,1299,324.75,974.25,3.6,3,1,express,upi,2026-07-21,1,Quality Issues
ORD003490,CUST00899,PROD007,Fashion,1299,0.0,1299.0,4.9,0,5,standard,card,2026-06-11,0,
ORD003491,CUST01256,PROD020,Books,4999,0.0,4999.0,2.8,0,5,standard,card,2026-03-02,0,
ORD003492,CUST00481,PROD012,Beauty,4999,749.85,4249.15,4.1,3,3,standard,upi,2026-01-27,0,
ORD003493,CUST01295,PROD002,Books,4999,499.9,4499.1,3.4,0,4,standard,card,2026-03-10,0,
ORD003494,CUST01182,PROD018,Books,499,49.9,449.1,3.7,4,3,standard,card,2026-08-10,1,Late Delivery
ORD003495,CUST00035,PROD017,Beauty,299,0.0,299.0,4.8,0,5,standard,card,2026-04-11,0,
ORD003496,CUST01555,PROD012,Beauty,4999,499.9,4499.1,3.9,5,1,express,card,2025-10-07,0,
ORD003497,CUST00853,PROD008,Home & Lifestyle,1299,259.8,1039.2,3.4,7,3,standard,card,2026-05-20,0,
ORD003498,CUST01111,PROD004,Books,499,0.0,499.0,4.1,2,5,standard,upi,2026-02-23,0,
ORD003499,CUST01500,PROD003,Home & Lifestyle,1999,0.0,1999.0,4.1,1,3,standard,card,2025-10-28,0,
ORD003500,CUST01122,PROD004,Books,499,0.0,499.0,4.5,0,3,standard,card,2026-08-15,0,
ORD003501,CUST01536,PROD013,Home & Lifestyle,2999,449.85,2549.15,3.5,1,3,standard,card,2025-10-07,0,
ORD003502,CUST00819,PROD009,Home & Lifestyle,1999,0.0,1999.0,3.7,7,4,standard,card,2026-05-01,0,
ORD003503,CUST01554,PROD006,Books,1299,0.0,1299.0,2.6,0,2,express,card,2026-01-20,1,Wrong Size
ORD003504,CUST00480,PROD019,Electronics,1299,129.9,1169.1,3.8,6,2,express,card,2026-04-01,0,
ORD003505,CUST01480,PROD003,Home & Lifestyle,1999,399.8,1599.2,3.8,0,5,standard,card,2025-10-04,0,
ORD003506,CUST00647,PROD014,Beauty,499,0.0,499.0,3.6,3,4,standard,card,2025-10-05,0,
ORD003507,CUST00396,PROD009,Home & Lifestyle,1999,0.0,1999.0,3.8,5,1,express,card,2026-03-02,0,
ORD003508,CUST00480,PROD007,Fashion,1299,0.0,1299.0,5.0,3,6,standard,card,2025-12-26,0,
ORD003509,CUST01449,PROD004,Books,499,199.6,299.4,4.0,2,5,standard,upi,2026-03-22,0,
ORD003510,CUST00208,PROD015,Beauty,2999,0.0,2999.0,2.7,1,2,express,upi,2026-04-07,1,Ordered by Mistake
ORD003511,CUST00965,PROD005,Fashion,1299,259.8,1039.2,3.2,4,5,standard,upi,2025-12-19,1,Quality Issues
ORD003512,CUST00063,PROD008,Home & Lifestyle,1299,259.8,1039.2,3.8,0,4,standard,upi,2026-03-06,1,Better Price Elsewhere
ORD003513,CUST01594,PROD014,Beauty,499,74.85,424.15,3.2,0,6,standard,card,2026-03-21,0,
ORD003514,CUST00094,PROD018,Books,499,99.8,399.2,3.7,1,3,standard,card,2026-04-04,0,
ORD003515,CUST01931,PROD018,Books,499,49.9,449.1,3.8,4,1,express,cod,2026-06-17,0,
ORD003516,CUST00964,PROD016,Beauty,499,74.85,424.15,3.2,1,1,express,upi,2025-12-16,0,
ORD003517,CUST01746,PROD005,Fashion,1299,194.85,1104.15,3.1,4,2,express,upi,2025-10-07,1,Ordered by Mistake
ORD003518,CUST00840,PROD020,Books,4999,1249.75,3749.25,3.0,0,2,express,card,2026-06-15,0,
ORD003519,CUST00749,PROD001,Beauty,1999,299.85,1699.15,2.8,1,6,standard,upi,2025-11-26,0,
ORD003520,CUST01164,PROD010,Fashion,1299,129.9,1169.1,4.9,1,1,express,upi,2026-08-29,0,
ORD003521,CUST00115,PROD018,Books,499,74.85,424.15,3.5,0,5,standard,card,2026-01-26,1,Wrong Size
ORD003522,CUST00407,PROD006,Books,1299,129.9,1169.1,2.5,1,6,standard,card,2025-10-01,0,
ORD003523,CUST01699,PROD011,Fashion,299,44.85,254.15,2.3,3,1,express,upi,2026-09-07,1,Wrong Size
ORD003524,CUST01741,PROD015,Beauty,2999,449.85,2549.15,2.6,3,5,standard,card,2026-05-30,1,Product Not as Expected
ORD003525,CUST00383,PROD017,Beauty,299,0.0,299.0,4.4,6,2,express,card,2026-05-08,1,Quality Issues
ORD003526,CUST00654,PROD009,Home & Lifestyle,1999,499.75,1499.25,3.7,0,2,express,cod,2025-12-01,0,
ORD003527,CUST01352,PROD019,Electronics,1299,324.75,974.25,3.9,0,3,standard,cod,2025-10-09,0,
ORD003528,CUST01588,PROD015,Beauty,2999,1199.6,1799.4,2.5,1,6,standard,wallet,2025-09-14,1,Wrong Size
ORD003529,CUST00973,PROD016,Beauty,499,0.0,499.0,3.7,1,6,standard,upi,2026-09-05,0,
ORD003530,CUST01356,PROD010,Fashion,1299,324.75,974.25,4.5,0,5,standard,card,2025-09-24,0,
ORD003531,CUST01293,PROD007,Fashion,1299,194.85,1104.15,5.0,8,6,standard,card,2026-08-09,0,
ORD003532,CUST01410,PROD015,Beauty,2999,599.8,2399.2,2.5,1,2,express,card,2026-03-18,1,Quality Issues
ORD003533,CUST00498,PROD018,Books,499,49.9,449.1,4.0,2,4,standard,card,2026-05-01,0,
ORD003534,CUST01084,PROD012,Beauty,4999,999.8,3999.2,4.2,7,1,express,card,2025-12-01,0,
ORD003535,CUST01059,PROD008,Home & Lifestyle,1299,0.0,1299.0,3.5,4,5,standard,card,2026-08-03,0,
ORD003536,CUST00844,PROD001,Beauty,1999,0.0,1999.0,3.1,1,6,standard,upi,2026-02-19,1,Product Not as Expected
ORD003537,CUST01265,PROD012,Beauty,4999,0.0,4999.0,4.4,1,4,standard,upi,2025-09-30,1,Product Not as Expected
ORD003538,CUST00435,PROD010,Fashion,1299,0.0,1299.0,4.8,0,3,standard,card,2026-06-10,0,
ORD003539,CUST01838,PROD020,Books,4999,1999.6,2999.4,3.2,4,10,economy,cod,2026-06-01,0,
ORD003540,CUST00009,PROD009,Home & Lifestyle,1999,399.8,1599.2,4.2,0,1,express,card,2025-10-31,1,Late Delivery
ORD003541,CUST00483,PROD013,Home & Lifestyle,2999,0.0,2999.0,3.5,8,3,standard,upi,2025-09-25,1,Ordered by Mistake
ORD003542,CUST01951,PROD019,Electronics,1299,194.85,1104.15,3.7,4,3,standard,upi,2026-01-13,0,
ORD003543,CUST01234,PROD002,Books,4999,1249.75,3749.25,3.8,6,5,standard,upi,2026-06-24,0,
ORD003544,CUST00295,PROD014,Beauty,499,0.0,499.0,3.6,5,7,economy,upi,2025-12-07,0,
ORD003545,CUST01018,PROD004,Books,499,149.7,349.3,4.2,0,2,express,card,2026-04-10,0,
ORD003546,CUST00498,PROD016,Beauty,499,49.9,449.1,3.3,0,4,standard,card,2026-08-15,0,
ORD003547,CUST01791,PROD010,Fashion,1299,194.85,1104.15,4.9,2,4,standard,cod,2026-04-25,1,Quality Issues
ORD003548,CUST01073,PROD001,Beauty,1999,499.75,1499.25,3.1,0,4,standard,card,2026-04-23,1,Changed Mind
ORD003549,CUST00679,PROD003,Home & Lifestyle,1999,0.0,1999.0,4.1,2,6,standard,card,2025-10-10,0,
ORD003550,CUST00529,PROD007,Fashion,1299,259.8,1039.2,4.6,1,1,express,card,2026-01-06,0,
ORD003551,CUST00535,PROD003,Home & Lifestyle,1999,0.0,1999.0,4.2,5,9,economy,upi,2026-02-10,0,
ORD003552,CUST00628,PROD010,Fashion,1299,129.9,1169.1,4.8,5,4,standard,wallet,2026-07-31,0,
ORD003553,CUST00278,PROD017,Beauty,299,0.0,299.0,4.8,0,1,express,card,2026-03-07,0,
ORD003554,CUST01450,PROD016,Beauty,499,49.9,449.1,3.7,9,5,standard,upi,2026-05-21,1,Better Price Elsewhere
ORD003555,CUST00523,PROD007,Fashion,1299,129.9,1169.1,5.0,0,3,standard,cod,2026-07-11,1,Ordered by Mistake
ORD003556,CUST00222,PROD016,Beauty,499,49.9,449.1,3.7,1,1,express,card,2026-07-26,0,
ORD003557,CUST00057,PROD020,Books,4999,0.0,4999.0,3.1,4,1,express,upi,2025-11-03,0,
ORD003558,CUST00431,PROD017,Beauty,299,0.0,299.0,4.8,1,1,express,card,2025-10-18,0,
ORD003559,CUST00711,PROD019,Electronics,1299,259.8,1039.2,3.6,2,5,standard,upi,2026-05-14,0,
ORD003560,CUST01246,PROD001,Beauty,1999,299.85,1699.15,3.2,6,4,standard,card,2026-06-28,0,
ORD003561,CUST00062,PROD002,Books,4999,0.0,4999.0,3.2,4,6,standard,card,2025-11-06,1,Changed Mind
ORD003562,CUST00442,PROD014,Beauty,499,124.75,374.25,3.7,0,2,express,card,2026-03-30,0,
ORD003563,CUST00628,PROD017,Beauty,299,0.0,299.0,4.7,1,6,standard,upi,2025-11-18,0,
ORD003564,CUST00367,PROD007,Fashion,1299,259.8,1039.2,4.9,0,1,express,upi,2026-08-28,0,
ORD003565,CUST00951,PROD004,Books,499,74.85,424.15,4.3,1,4,standard,card,2026-04-09,0,
ORD003566,CUST00314,PROD002,Books,4999,0.0,4999.0,3.3,2,11,economy,card,2026-03-28,0,
ORD003567,CUST00611,PROD005,Fashion,1299,0.0,1299.0,3.1,1,2,express,card,2025-11-16,1,Better Price Elsewhere
ORD003568,CUST00855,PROD017,Beauty,299,119.6,179.4,4.8,0,2,express,card,2026-05-11,0,
ORD003569,CUST01885,PROD005,Fashion,1299,324.75,974.25,3.0,2,1,express,card,2025-10-24,1,Damaged/Defective
ORD003570,CUST01959,PROD013,Home & Lifestyle,2999,599.8,2399.2,3.6,0,4,standard,upi,2025-10-23,0,
ORD003571,CUST01897,PROD012,Beauty,4999,749.85,4249.15,4.3,0,4,standard,upi,2025-11-26,0,
ORD003572,CUST01341,PROD016,Beauty,499,149.7,349.3,3.3,1,4,standard,cod,2026-04-20,1,Quality Issues
ORD003573,CUST00982,PROD006,Books,1299,0.0,1299.0,2.4,4,1,express,card,2025-10-25,0,
ORD003574,CUST01674,PROD010,Fashion,1299,259.8,1039.2,4.9,1,4,standard,wallet,2025-11-06,0,
ORD003575,CUST00330,PROD010,Fashion,1299,519.6,779.4,5.0,1,5,standard,card,2026-04-22,1,Ordered by Mistake
ORD003576,CUST01616,PROD001,Beauty,1999,199.9,1799.1,2.7,5,7,economy,card,2026-01-11,1,Changed Mind
ORD003577,CUST00043,PROD003,Home & Lifestyle,1999,399.8,1599.2,4.2,4,3,standard,card,2026-01-30,0,
ORD003578,CUST01642,PROD006,Books,1299,259.8,1039.2,2.4,0,4,standard,card,2026-07-30,0,
ORD003579,CUST00738,PROD018,Books,499,49.9,449.1,3.8,0,3,standard,card,2025-10-17,0,
ORD003580,CUST00813,PROD016,Beauty,499,124.75,374.25,3.4,4,4,standard,cod,2026-07-07,1,Product Not as Expected
ORD003581,CUST00603,PROD007,Fashion,1299,129.9,1169.1,4.6,0,5,standard,card,2026-02-02,0,
ORD003582,CUST00592,PROD019,Electronics,1299,129.9,1169.1,3.8,6,1,express,card,2026-08-10,1,Better Price Elsewhere
ORD003583,CUST00058,PROD001,Beauty,1999,599.7,1399.3,3.1,6,3,standard,card,2025-11-25,1,Late Delivery
ORD003584,CUST00861,PROD017,Beauty,299,0.0,299.0,4.9,1,5,standard,card,2026-03-12,0,
ORD003585,CUST01224,PROD011,Fashion,299,29.9,269.1,2.7,4,4,standard,card,2026-02-18,1,Product Not as Expected
ORD003586,CUST01999,PROD008,Home & Lifestyle,1299,324.75,974.25,3.9,0,2,express,upi,2026-02-10,0,
ORD003587,CUST00609,PROD010,Fashion,1299,324.75,974.25,4.5,1,4,standard,upi,2025-12-13,0,
ORD003588,CUST00403,PROD005,Fashion,1299,259.8,1039.2,2.7,7,4,standard,card,2026-03-13,0,
ORD003589,CUST01249,PROD012,Beauty,4999,0.0,4999.0,3.8,0,4,standard,card,2026-05-22,0,
ORD003590,CUST00151,PROD018,Books,499,74.85,424.15,3.7,0,5,standard,upi,2025-10-08,1,Ordered by Mistake
ORD003591,CUST01836,PROD010,Fashion,1299,259.8,1039.2,5.0,1,2,express,cod,2025-11-18,0,
ORD003592,CUST01588,PROD008,Home & Lifestyle,1299,0.0,1299.0,3.4,0,9,economy,card,2026-05-04,0,
ORD003593,CUST01617,PROD008,Home & Lifestyle,1299,0.0,1299.0,3.6,0,3,standard,card,2026-03-20,0,
ORD003594,CUST01131,PROD019,Electronics,1299,0.0,1299.0,3.9,0,2,express,card,2026-02-16,0,
ORD003595,CUST00245,PROD014,Beauty,499,0.0,499.0,3.4,4,1,express,wallet,2026-01-06,1,Ordered by Mistake
ORD003596,CUST00068,PROD019,Electronics,1299,129.9,1169.1,3.6,1,6,standard,upi,2026-01-16,1,Damaged/Defective
ORD003597,CUST00069,PROD019,Electronics,1299,0.0,1299.0,3.6,0,6,standard,upi,2026-02-20,0,
ORD003598,CUST01339,PROD016,Beauty,499,0.0,499.0,3.5,6,2,express,card,2026-07-21,1,Quality Issues
ORD003599,CUST00255,PROD016,Beauty,499,49.9,449.1,3.2,5,5,standard,card,2025-12-04,1,Quality Issues
ORD003600,CUST00561,PROD008,Home & Lifestyle,1299,324.75,974.25,3.7,3,1,express,card,2025-11-12,0,
ORD003601,CUST01581,PROD008,Home & Lifestyle,1299,324.75,974.25,3.8,3,1,express,cod,2026-05-06,0,
ORD003602,CUST01632,PROD019,Electronics,1299,519.6,779.4,3.9,2,11,economy,upi,2025-11-11,0,
ORD003603,CUST01353,PROD004,Books,499,199.6,299.4,3.9,6,1,express,upi,2026-03-28,0,
ORD003604,CUST01591,PROD006,Books,1299,129.9,1169.1,2.8,2,11,economy,card,2026-04-14,0,
ORD003605,CUST01991,PROD010,Fashion,1299,324.75,974.25,4.9,6,4,standard,upi,2026-09-06,0,
ORD003606,CUST01450,PROD011,Fashion,299,29.9,269.1,2.3,2,1,express,wallet,2026-01-09,0,
ORD003607,CUST01031,PROD011,Fashion,299,44.85,254.15,2.5,4,5,standard,card,2026-08-04,1,Changed Mind
ORD003608,CUST00705,PROD010,Fashion,1299,0.0,1299.0,5.0,6,10,economy,upi,2025-12-12,1,Damaged/Defective
ORD003609,CUST00361,PROD007,Fashion,1299,194.85,1104.15,4.7,0,6,standard,upi,2026-07-26,0,
ORD003610,CUST01148,PROD019,Electronics,1299,0.0,1299.0,3.9,2,3,standard,card,2025-10-02,1,Quality Issues
ORD003611,CUST00418,PROD006,Books,1299,194.85,1104.15,2.3,0,5,standard,upi,2025-09-14,0,
ORD003612,CUST00448,PROD007,Fashion,1299,129.9,1169.1,4.8,2,5,standard,cod,2026-07-19,1,Changed Mind
ORD003613,CUST00020,PROD005,Fashion,1299,194.85,1104.15,3.2,0,2,express,cod,2025-11-26,1,Damaged/Defective
ORD003614,CUST01765,PROD009,Home & Lifestyle,1999,0.0,1999.0,4.0,1,1,express,card,2026-08-10,0,
ORD003615,CUST00321,PROD014,Beauty,499,99.8,399.2,3.6,0,4,standard,wallet,2026-02-15,0,
ORD003616,CUST01497,PROD016,Beauty,499,0.0,499.0,3.1,4,3,standard,card,2026-01-02,0,
ORD003617,CUST01559,PROD016,Beauty,499,124.75,374.25,3.5,0,2,express,card,2026-07-20,1,Product Not as Expected
ORD003618,CUST00617,PROD002,Books,4999,499.9,4499.1,3.7,5,4,standard,upi,2026-02-11,0,
ORD003619,CUST00962,PROD003,Home & Lifestyle,1999,399.8,1599.2,3.8,4,3,standard,card,2026-05-28,1,Wrong Size
ORD003620,CUST01978,PROD017,Beauty,299,119.6,179.4,4.9,1,1,express,card,2025-10-29,0,
ORD003621,CUST01262,PROD007,Fashion,1299,0.0,1299.0,4.7,0,1,express,upi,2026-03-26,1,Damaged/Defective
ORD003622,CUST00366,PROD017,Beauty,299,119.6,179.4,5.0,3,1,express,upi,2026-05-03,1,Late Delivery
ORD003623,CUST01695,PROD004,Books,499,49.9,449.1,4.3,5,6,standard,upi,2026-08-06,1,Quality Issues
ORD003624,CUST01625,PROD018,Books,499,0.0,499.0,3.5,1,5,standard,upi,2026-05-29,0,
ORD003625,CUST01153,PROD004,Books,499,99.8,399.2,4.3,3,7,economy,card,2025-10-31,0,
ORD003626,CUST01587,PROD006,Books,1299,0.0,1299.0,2.8,0,1,express,card,2026-01-29,0,
ORD003627,CUST01240,PROD008,Home & Lifestyle,1299,0.0,1299.0,3.7,7,2,express,card,2026-07-16,0,
ORD003628,CUST01601,PROD002,Books,4999,0.0,4999.0,3.2,4,4,standard,upi,2025-11-05,0,
ORD003629,CUST01773,PROD004,Books,499,99.8,399.2,4.2,0,4,standard,card,2026-03-09,0,
ORD003630,CUST00619,PROD009,Home & Lifestyle,1999,399.8,1599.2,3.7,2,5,standard,card,2026-03-25,0,
ORD003631,CUST00422,PROD005,Fashion,1299,194.85,1104.15,3.0,4,4,standard,card,2025-10-17,0,
ORD003632,CUST01566,PROD010,Fashion,1299,194.85,1104.15,4.5,6,6,standard,upi,2026-07-12,0,
ORD003633,CUST00064,PROD017,Beauty,299,44.85,254.15,4.8,3,2,express,card,2026-06-06,0,
ORD003634,CUST00610,PROD017,Beauty,299,29.9,269.1,4.9,0,8,economy,card,2026-06-07,0,
ORD003635,CUST00166,PROD020,Books,4999,999.8,3999.2,2.8,4,3,standard,upi,2026-07-24,1,Changed Mind
ORD003636,CUST01965,PROD016,Beauty,499,149.7,349.3,3.5,2,4,standard,cod,2026-07-28,1,Wrong Size
ORD003637,CUST01387,PROD014,Beauty,499,149.7,349.3,3.3,6,3,standard,card,2026-03-20,0,
ORD003638,CUST01591,PROD008,Home & Lifestyle,1299,0.0,1299.0,3.7,0,3,standard,upi,2026-03-05,1,Ordered by Mistake
ORD003639,CUST01271,PROD005,Fashion,1299,0.0,1299.0,3.2,2,4,standard,card,2026-07-13,0,
ORD003640,CUST01564,PROD005,Fashion,1299,0.0,1299.0,2.7,0,4,standard,card,2025-11-21,1,Damaged/Defective
ORD003641,CUST00607,PROD017,Beauty,299,0.0,299.0,4.6,2,6,standard,card,2025-10-11,0,
ORD003642,CUST00899,PROD007,Fashion,1299,259.8,1039.2,4.7,0,4,standard,card,2025-12-26,0,
ORD003643,CUST01512,PROD007,Fashion,1299,0.0,1299.0,4.4,1,6,standard,card,2025-12-24,1,Quality Issues
ORD003644,CUST00818,PROD003,Home & Lifestyle,1999,0.0,1999.0,3.8,6,6,standard,wallet,2026-08-25,1,Wrong Size
ORD003645,CUST00814,PROD015,Beauty,2999,299.9,2699.1,2.6,8,5,standard,upi,2026-03-20,1,Late Delivery
ORD003646,CUST00701,PROD020,Books,4999,749.85,4249.15,2.7,7,2,express,upi,2026-01-30,1,Ordered by Mistake
ORD003647,CUST00271,PROD002,Books,4999,0.0,4999.0,3.5,4,2,express,card,2026-05-29,0,
ORD003648,CUST01875,PROD003,Home & Lifestyle,1999,799.6,1199.4,3.6,0,3,standard,card,2025-11-09,1,Damaged/Defective
ORD003649,CUST00427,PROD004,Books,499,199.6,299.4,4.3,0,5,standard,upi,2025-11-13,0,
ORD003650,CUST00169,PROD020,Books,4999,999.8,3999.2,2.8,1,4,standard,card,2026-05-20,1,Ordered by Mistake
ORD003651,CUST01220,PROD004,Books,499,99.8,399.2,4.2,2,3,standard,card,2026-07-04,1,Quality Issues
ORD003652,CUST00928,PROD016,Beauty,499,0.0,499.0,3.4,1,5,standard,cod,2025-10-10,1,Ordered by Mistake
ORD003653,CUST00949,PROD002,Books,4999,499.9,4499.1,3.4,0,3,standard,card,2026-05-01,0,
ORD003654,CUST00602,PROD016,Beauty,499,149.7,349.3,3.2,0,3,standard,upi,2026-08-19,0,
ORD003655,CUST00829,PROD016,Beauty,499,0.0,499.0,3.3,1,6,standard,card,2025-12-18,1,Damaged/Defective
ORD003656,CUST01668,PROD014,Beauty,499,199.6,299.4,3.7,6,4,standard,card,2025-11-14,1,Damaged/Defective
ORD003657,CUST00080,PROD018,Books,499,99.8,399.2,3.6,4,4,standard,card,2025-10-13,1,Ordered by Mistake
ORD003658,CUST00831,PROD006,Books,1299,259.8,1039.2,2.8,0,3,standard,upi,2026-08-20,1,Ordered by Mistake
ORD003659,CUST01747,PROD010,Fashion,1299,0.0,1299.0,4.6,1,5,standard,card,2026-09-07,0,
ORD003660,CUST00552,PROD004,Books,499,49.9,449.1,4.1,1,2,express,upi,2026-04-26,0,
ORD003661,CUST00930,PROD016,Beauty,499,49.9,449.1,3.2,3,1,express,card,2026-07-15,1,Wrong Size
ORD003662,CUST01691,PROD017,Beauty,299,89.7,209.3,4.7,0,6,standard,cod,2025-11-28,1,Changed Mind
ORD003663,CUST00864,PROD020,Books,4999,749.85,4249.15,2.8,0,6,standard,cod,2026-05-22,1,Quality Issues
ORD003664,CUST01906,PROD008,Home & Lifestyle,1299,259.8,1039.2,3.6,4,3,standard,card,2026-05-06,1,Damaged/Defective
ORD003665,CUST00951,PROD010,Fashion,1299,129.9,1169.1,4.4,0,1,express,card,2026-06-12,1,Ordered by Mistake
ORD003666,CUST01145,PROD003,Home & Lifestyle,1999,399.8,1599.2,4.0,0,5,standard,upi,2026-01-16,0,
ORD003667,CUST01971,PROD018,Books,499,74.85,424.15,3.7,0,6,standard,cod,2026-06-08,1,Changed Mind
ORD003668,CUST01888,PROD016,Beauty,499,124.75,374.25,3.2,0,3,standard,card,2025-09-24,0,
ORD003669,CUST00757,PROD006,Books,1299,259.8,1039.2,2.5,2,5,standard,cod,2026-03-10,0,
ORD003670,CUST00444,PROD018,Books,499,149.7,349.3,3.9,1,2,express,card,2026-08-07,0,
ORD003671,CUST00920,PROD007,Fashion,1299,0.0,1299.0,4.7,0,2,express,upi,2025-10-18,0,
ORD003672,CUST00835,PROD005,Fashion,1299,129.9,1169.1,2.6,0,6,standard,upi,2026-03-26,1,Wrong Size
ORD003673,CUST00282,PROD007,Fashion,1299,0.0,1299.0,4.8,1,3,standard,cod,2026-01-28,1,Ordered by Mistake
ORD003674,CUST00301,PROD003,Home & Lifestyle,1999,499.75,1499.25,3.8,0,5,standard,card,2026-04-30,0,
ORD003675,CUST01299,PROD020,Books,4999,1249.75,3749.25,2.7,4,5,standard,card,2025-09-18,0,
ORD003676,CUST00109,PROD008,Home & Lifestyle,1299,324.75,974.25,3.7,6,1,express,upi,2026-08-11,1,Better Price Elsewhere
ORD003677,CUST01286,PROD014,Beauty,499,74.85,424.15,3.3,3,4,standard,upi,2025-10-04,0,
ORD003678,CUST00731,PROD018,Books,499,49.9,449.1,3.5,3,9,economy,cod,2025-12-20,0,
ORD003679,CUST00519,PROD001,Beauty,1999,199.9,1799.1,2.7,0,5,standard,upi,2025-11-28,0,
ORD003680,CUST01520,PROD011,Fashion,299,0.0,299.0,2.5,2,4,standard,card,2026-07-31,0,
ORD003681,CUST01391,PROD003,Home & Lifestyle,1999,199.9,1799.1,4.0,0,2,express,card,2025-10-27,0,
ORD003682,CUST00474,PROD010,Fashion,1299,194.85,1104.15,4.5,0,6,standard,cod,2026-03-03,1,Late Delivery
ORD003683,CUST00852,PROD013,Home & Lifestyle,2999,749.75,2249.25,3.6,4,1,express,card,2026-03-29,0,
ORD003684,CUST01185,PROD007,Fashion,1299,324.75,974.25,4.4,2,2,express,cod,2026-03-29,0,
ORD003685,CUST00881,PROD019,Electronics,1299,129.9,1169.1,4.0,0,6,standard,cod,2025-12-17,0,
ORD003686,CUST00948,PROD002,Books,4999,1999.6,2999.4,3.3,0,1,express,upi,2025-12-13,0,
ORD003687,CUST01105,PROD018,Books,499,199.6,299.4,3.6,0,11,economy,upi,2026-03-15,0,
ORD003688,CUST01431,PROD019,Electronics,1299,324.75,974.25,3.9,0,8,economy,upi,2026-08-17,0,
ORD003689,CUST01638,PROD014,Beauty,499,0.0,499.0,3.8,6,4,standard,upi,2026-02-20,1,Product Not as Expected
ORD003690,CUST00098,PROD009,Home & Lifestyle,1999,0.0,1999.0,3.6,2,7,economy,cod,2026-04-11,0,
ORD003691,CUST00855,PROD004,Books,499,124.75,374.25,4.4,2,4,standard,cod,2026-03-14,0,
ORD003692,CUST01828,PROD013,Home & Lifestyle,2999,749.75,2249.25,3.3,0,5,standard,card,2026-08-27,1,Product Not as Expected
ORD003693,CUST00927,PROD018,Books,499,124.75,374.25,3.7,0,6,standard,upi,2026-06-15,0,
ORD003694,CUST01058,PROD014,Beauty,499,0.0,499.0,3.3,0,10,economy,card,2026-06-21,0,
ORD003695,CUST00385,PROD015,Beauty,2999,0.0,2999.0,2.3,1,2,express,cod,2026-04-22,1,Late Delivery
ORD003696,CUST00906,PROD009,Home & Lifestyle,1999,199.9,1799.1,3.8,5,6,standard,card,2026-02-28,1,Quality Issues
ORD003697,CUST00701,PROD006,Books,1299,324.75,974.25,2.4,2,1,express,card,2026-05-03,1,Damaged/Defective
ORD003698,CUST00234,PROD007,Fashion,1299,259.8,1039.2,4.6,1,5,standard,card,2026-06-23,0,
ORD003699,CUST00345,PROD015,Beauty,2999,599.8,2399.2,2.8,0,3,standard,card,2026-06-06,0,
ORD003700,CUST01324,PROD002,Books,4999,499.9,4499.1,3.7,0,5,standard,upi,2026-05-20,1,Changed Mind
ORD003701,CUST01983,PROD010,Fashion,1299,194.85,1104.15,5.0,2,6,standard,upi,2026-03-05,0,
ORD003702,CUST01064,PROD020,Books,4999,749.85,4249.15,2.8,0,6,standard,card,2026-04-30,0,
ORD003703,CUST01745,PROD006,Books,1299,519.6,779.4,2.8,1,1,express,cod,2026-02-20,1,Late Delivery
ORD003704,CUST00226,PROD001,Beauty,1999,399.8,1599.2,2.8,0,11,economy,upi,2026-02-20,1,Damaged/Defective
ORD003705,CUST00131,PROD014,Beauty,499,99.8,399.2,3.4,0,4,standard,card,2026-09-06,0,
ORD003706,CUST00427,PROD015,Beauty,2999,899.7,2099.3,2.5,3,2,express,upi,2026-04-20,1,Better Price Elsewhere
ORD003707,CUST01512,PROD006,Books,1299,259.8,1039.2,2.7,5,1,express,upi,2026-05-08,0,
ORD003708,CUST00780,PROD017,Beauty,299,0.0,299.0,4.5,5,6,standard,upi,2026-02-04,0,
ORD003709,CUST01643,PROD003,Home & Lifestyle,1999,0.0,1999.0,3.9,0,6,standard,card,2026-08-19,1,Ordered by Mistake
ORD003710,CUST00175,PROD016,Beauty,499,199.6,299.4,3.5,1,6,standard,cod,2025-12-25,0,
ORD003711,CUST01213,PROD010,Fashion,1299,259.8,1039.2,4.5,4,3,standard,card,2026-07-05,0,
ORD003712,CUST01319,PROD019,Electronics,1299,0.0,1299.0,3.7,0,5,standard,cod,2026-07-04,0,
ORD003713,CUST00959,PROD007,Fashion,1299,324.75,974.25,4.7,1,3,standard,card,2025-11-24,0,
ORD003714,CUST01015,PROD004,Books,499,149.7,349.3,4.0,1,3,standard,upi,2026-08-02,0,
ORD003715,CUST01025,PROD004,Books,499,0.0,499.0,4.2,2,3,standard,cod,2026-04-11,1,Wrong Size
ORD003716,CUST01773,PROD004,Books,499,149.7,349.3,4.2,2,6,standard,card,2026-05-21,0,
ORD003717,CUST01110,PROD009,Home & Lifestyle,1999,299.85,1699.15,4.0,4,3,standard,card,2026-03-01,0,
ORD003718,CUST00618,PROD008,Home & Lifestyle,1299,259.8,1039.2,3.9,0,2,express,card,2026-05-17,0,
ORD003719,CUST00044,PROD004,Books,499,74.85,424.15,3.9,8,3,standard,card,2025-11-04,1,Quality Issues
ORD003720,CUST00718,PROD006,Books,1299,129.9,1169.1,2.5,1,2,express,card,2025-11-12,0,
ORD003721,CUST01053,PROD004,Books,499,99.8,399.2,4.5,2,4,standard,card,2026-06-08,1,Quality Issues
ORD003722,CUST00265,PROD005,Fashion,1299,0.0,1299.0,2.7,2,7,economy,wallet,2026-08-10,0,
ORD003723,CUST00896,PROD020,Books,4999,1249.75,3749.25,3.1,0,6,standard,upi,2025-09-30,0,
ORD003724,CUST01868,PROD010,Fashion,1299,129.9,1169.1,4.9,0,6,standard,card,2026-03-13,0,
ORD003725,CUST01785,PROD001,Beauty,1999,0.0,1999.0,2.9,1,5,standard,upi,2026-09-03,1,Wrong Size
ORD003726,CUST00584,PROD007,Fashion,1299,259.8,1039.2,4.5,0,1,express,upi,2026-04-28,0,
ORD003727,CUST00442,PROD015,Beauty,2999,749.75,2249.25,2.6,0,3,standard,cod,2025-12-05,1,Ordered by Mistake
ORD003728,CUST00258,PROD006,Books,1299,0.0,1299.0,2.8,1,10,economy,card,2026-03-18,1,Better Price Elsewhere
ORD003729,CUST01867,PROD008,Home & Lifestyle,1299,259.8,1039.2,3.6,7,4,standard,cod,2025-11-16,1,Ordered by Mistake
ORD003730,CUST01513,PROD010,Fashion,1299,194.85,1104.15,5.0,0,6,standard,card,2025-09-11,1,Better Price Elsewhere
ORD003731,CUST01635,PROD012,Beauty,4999,1999.6,2999.4,4.0,0,2,express,card,2026-06-08,0,
ORD003732,CUST01113,PROD017,Beauty,299,89.7,209.3,4.4,3,1,express,card,2026-01-08,1,Product Not as Expected
ORD003733,CUST01681,PROD009,Home & Lifestyle,1999,499.75,1499.25,4.2,0,4,standard,card,2026-05-05,0,
ORD003734,CUST00338,PROD007,Fashion,1299,259.8,1039.2,5.0,0,4,standard,upi,2026-03-16,0,
ORD003735,CUST00582,PROD016,Beauty,499,74.85,424.15,3.4,1,1,express,wallet,2026-08-06,0,
ORD003736,CUST00135,PROD020,Books,4999,1999.6,2999.4,3.1,2,3,standard,card,2026-01-21,0,
ORD003737,CUST00741,PROD017,Beauty,299,0.0,299.0,4.9,0,5,standard,card,2026-08-04,1,Ordered by Mistake
ORD003738,CUST00901,PROD018,Books,499,99.8,399.2,3.9,2,4,standard,card,2026-04-05,1,Changed Mind
ORD003739,CUST01521,PROD011,Fashion,299,0.0,299.0,2.7,0,1,express,card,2026-01-06,0,
ORD003740,CUST00410,PROD004,Books,499,0.0,499.0,4.4,0,4,standard,cod,2026-07-09,1,Damaged/Defective
ORD003741,CUST01687,PROD020,Books,4999,0.0,4999.0,2.7,0,1,express,upi,2026-02-26,0,
ORD003742,CUST00852,PROD011,Fashion,299,0.0,299.0,2.8,0,1,express,upi,2026-01-27,0,
ORD003743,CUST01381,PROD004,Books,499,0.0,499.0,4.0,2,5,standard,card,2026-02-11,0,
ORD003744,CUST00269,PROD019,Electronics,1299,194.85,1104.15,3.9,6,2,express,cod,2026-07-21,1,Product Not as Expected
ORD003745,CUST00295,PROD009,Home & Lifestyle,1999,0.0,1999.0,3.7,1,1,express,card,2026-05-20,0,
ORD003746,CUST00919,PROD001,Beauty,1999,399.8,1599.2,2.9,1,10,economy,upi,2025-11-21,0,
ORD003747,CUST01790,PROD014,Beauty,499,0.0,499.0,3.8,0,2,express,card,2026-02-17,0,
ORD003748,CUST00518,PROD006,Books,1299,129.9,1169.1,2.6,3,2,express,upi,2025-12-14,0,
ORD003749,CUST00374,PROD017,Beauty,299,29.9,269.1,4.6,0,4,standard,upi,2026-03-23,0,
ORD003750,CUST01918,PROD014,Beauty,499,74.85,424.15,3.4,4,11,economy,cod,2026-08-09,0,
ORD003751,CUST01813,PROD004,Books,499,124.75,374.25,4.1,0,5,standard,upi,2026-05-19,1,Product Not as Expected
ORD003752,CUST00536,PROD003,Home & Lifestyle,1999,399.8,1599.2,3.7,8,4,standard,cod,2026-03-01,0,
ORD003753,CUST00158,PROD007,Fashion,1299,194.85,1104.15,4.6,5,6,standard,upi,2025-12-28,1,Late Delivery
ORD003754,CUST00282,PROD017,Beauty,299,29.9,269.1,4.4,0,3,standard,card,2026-03-10,0,
ORD003755,CUST01655,PROD004,Books,499,0.0,499.0,4.0,8,1,express,upi,2026-01-22,1,Ordered by Mistake
ORD003756,CUST01166,PROD018,Books,499,49.9,449.1,3.5,6,5,standard,card,2026-02-19,0,
ORD003757,CUST00020,PROD011,Fashion,299,0.0,299.0,2.3,0,3,standard,wallet,2025-09-28,1,Quality Issues
ORD003758,CUST00497,PROD017,Beauty,299,0.0,299.0,4.9,2,3,standard,card,2026-08-28,0,
ORD003759,CUST01805,PROD003,Home & Lifestyle,1999,299.85,1699.15,3.7,0,11,economy,upi,2026-01-03,0,
ORD003760,CUST01236,PROD018,Books,499,74.85,424.15,3.5,0,5,standard,card,2025-10-12,0,
ORD003761,CUST00591,PROD003,Home & Lifestyle,1999,199.9,1799.1,3.7,1,3,standard,upi,2026-07-11,1,Better Price Elsewhere
ORD003762,CUST00482,PROD009,Home & Lifestyle,1999,299.85,1699.15,4.0,1,4,standard,card,2026-03-01,1,Damaged/Defective
ORD003763,CUST00927,PROD014,Beauty,499,0.0,499.0,3.7,2,6,standard,cod,2026-02-28,0,
ORD003764,CUST00149,PROD004,Books,499,74.85,424.15,4.3,4,1,express,upi,2025-12-20,1,Damaged/Defective
ORD003765,CUST00463,PROD001,Beauty,1999,399.8,1599.2,2.8,4,6,standard,upi,2026-05-15,0,
ORD003766,CUST01021,PROD017,Beauty,299,44.85,254.15,5.0,2,5,standard,card,2026-06-23,1,Late Delivery
ORD003767,CUST00674,PROD001,Beauty,1999,199.9,1799.1,2.7,1,5,standard,cod,2026-08-16,0,
ORD003768,CUST00879,PROD007,Fashion,1299,0.0,1299.0,4.6,1,2,express,upi,2026-07-04,0,
ORD003769,CUST01452,PROD002,Books,4999,0.0,4999.0,3.6,5,2,express,upi,2026-03-07,0,
ORD003770,CUST01059,PROD002,Books,4999,749.85,4249.15,3.3,5,4,standard,upi,2026-03-08,1,Late Delivery
ORD003771,CUST01727,PROD010,Fashion,1299,519.6,779.4,4.6,0,1,express,card,2026-04-29,1,Ordered by Mistake
ORD003772,CUST00268,PROD015,Beauty,2999,749.75,2249.25,2.8,5,6,standard,card,2026-02-17,1,Damaged/Defective
ORD003773,CUST01604,PROD007,Fashion,1299,129.9,1169.1,4.5,2,4,standard,upi,2025-12-28,0,
ORD003774,CUST01134,PROD003,Home & Lifestyle,1999,599.7,1399.3,3.6,2,5,standard,card,2026-05-21,0,
ORD003775,CUST00950,PROD017,Beauty,299,29.9,269.1,5.0,1,3,standard,card,2026-05-29,0,
ORD003776,CUST01367,PROD013,Home & Lifestyle,2999,0.0,2999.0,3.3,4,9,economy,card,2025-12-29,1,Wrong Size
ORD003777,CUST00924,PROD006,Books,1299,259.8,1039.2,2.4,2,6,standard,cod,2026-08-31,1,Damaged/Defective
ORD003778,CUST01720,PROD002,Books,4999,0.0,4999.0,3.2,0,3,standard,wallet,2026-07-01,0,
ORD003779,CUST01886,PROD009,Home & Lifestyle,1999,399.8,1599.2,3.9,1,2,express,card,2026-09-01,0,
ORD003780,CUST01142,PROD020,Books,4999,999.8,3999.2,2.9,0,7,economy,card,2026-02-02,1,Quality Issues
ORD003781,CUST01317,PROD016,Beauty,499,74.85,424.15,3.3,4,1,express,upi,2025-12-02,1,Product Not as Expected
ORD003782,CUST01298,PROD019,Electronics,1299,324.75,974.25,4.0,4,6,standard,upi,2025-11-17,1,Wrong Size
ORD003783,CUST01039,PROD004,Books,499,0.0,499.0,4.3,1,4,standard,upi,2026-07-16,1,Damaged/Defective
ORD003784,CUST01370,PROD004,Books,499,74.85,424.15,4.1,0,6,standard,card,2025-11-05,1,Wrong Size
ORD003785,CUST00979,PROD019,Electronics,1299,259.8,1039.2,4.2,4,1,express,upi,2026-06-19,1,Ordered by Mistake
ORD003786,CUST01552,PROD007,Fashion,1299,259.8,1039.2,4.8,6,9,economy,wallet,2026-06-12,0,
ORD003787,CUST00963,PROD012,Beauty,4999,1249.75,3749.25,4.4,1,3,standard,cod,2026-08-13,1,Ordered by Mistake
ORD003788,CUST00400,PROD001,Beauty,1999,299.85,1699.15,2.8,1,2,express,cod,2026-08-08,1,Product Not as Expected
ORD003789,CUST01918,PROD013,Home & Lifestyle,2999,299.9,2699.1,3.2,0,3,standard,card,2026-06-06,0,
ORD003790,CUST00710,PROD020,Books,4999,0.0,4999.0,3.1,2,6,standard,upi,2026-08-10,0,
ORD003791,CUST00303,PROD002,Books,4999,999.8,3999.2,3.2,0,6,standard,cod,2026-07-22,0,
ORD003792,CUST01643,PROD010,Fashion,1299,324.75,974.25,4.6,3,1,express,card,2026-08-23,1,Product Not as Expected
ORD003793,CUST01205,PROD008,Home & Lifestyle,1299,0.0,1299.0,3.7,1,6,standard,card,2026-01-20,0,
ORD003794,CUST01042,PROD003,Home & Lifestyle,1999,599.7,1399.3,3.9,0,4,standard,card,2025-12-26,1,Wrong Size
ORD003795,CUST00168,PROD010,Fashion,1299,324.75,974.25,4.5,0,4,standard,card,2026-08-17,0,
ORD003796,CUST01001,PROD014,Beauty,499,149.7,349.3,3.4,2,6,standard,cod,2025-09-24,0,
ORD003797,CUST01710,PROD010,Fashion,1299,519.6,779.4,4.8,6,5,standard,upi,2026-06-03,1,Changed Mind
ORD003798,CUST00528,PROD016,Beauty,499,74.85,424.15,3.3,1,5,standard,upi,2026-01-31,0,
ORD003799,CUST00956,PROD015,Beauty,2999,0.0,2999.0,2.8,2,1,express,card,2026-04-07,1,Wrong Size
ORD003800,CUST00671,PROD001,Beauty,1999,0.0,1999.0,2.9,0,6,standard,card,2026-06-26,0,
ORD003801,CUST01690,PROD006,Books,1299,519.6,779.4,2.5,0,9,economy,card,2026-02-26,1,Product Not as Expected
ORD003802,CUST01820,PROD017,Beauty,299,74.75,224.25,5.0,6,5,standard,card,2025-09-22,1,Quality Issues
ORD003803,CUST00832,PROD012,Beauty,4999,749.85,4249.15,4.0,0,2,express,upi,2025-10-20,0,
ORD003804,CUST01094,PROD007,Fashion,1299,519.6,779.4,4.6,2,1,express,card,2026-04-30,0,
ORD003805,CUST00569,PROD017,Beauty,299,0.0,299.0,4.4,2,2,express,cod,2025-12-12,0,
ORD003806,CUST00253,PROD018,Books,499,0.0,499.0,3.8,1,4,standard,card,2025-11-15,1,Quality Issues
ORD003807,CUST00972,PROD002,Books,4999,499.9,4499.1,3.3,1,9,economy,card,2026-08-31,0,
ORD003808,CUST01161,PROD019,Electronics,1299,129.9,1169.1,3.8,0,2,express,card,2026-07-26,0,
ORD003809,CUST00469,PROD016,Beauty,499,199.6,299.4,3.2,0,5,standard,wallet,2026-05-03,1,Ordered by Mistake
ORD003810,CUST00086,PROD012,Beauty,4999,749.85,4249.15,4.4,5,4,standard,card,2025-10-11,1,Product Not as Expected
ORD003811,CUST01490,PROD016,Beauty,499,49.9,449.1,3.2,1,1,express,cod,2025-11-22,1,Quality Issues
ORD003812,CUST00275,PROD005,Fashion,1299,324.75,974.25,3.0,5,5,standard,cod,2026-07-17,1,Late Delivery
ORD003813,CUST00105,PROD008,Home & Lifestyle,1299,129.9,1169.1,3.8,3,2,express,card,2026-04-08,1,Product Not as Expected
ORD003814,CUST01637,PROD012,Beauty,4999,749.85,4249.15,4.4,1,1,express,upi,2026-04-19,0,
ORD003815,CUST01399,PROD004,Books,499,0.0,499.0,4.0,1,5,standard,card,2025-09-17,0,
ORD003816,CUST01800,PROD007,Fashion,1299,129.9,1169.1,5.0,1,4,standard,card,2026-01-22,0,
ORD003817,CUST01232,PROD005,Fashion,1299,129.9,1169.1,2.8,1,4,standard,card,2026-07-23,1,Product Not as Expected
ORD003818,CUST01357,PROD001,Beauty,1999,599.7,1399.3,3.1,1,6,standard,card,2026-02-17,0,
ORD003819,CUST00865,PROD017,Beauty,299,119.6,179.4,4.9,1,3,standard,upi,2026-02-12,0,
ORD003820,CUST01815,PROD002,Books,4999,749.85,4249.15,3.3,0,6,standard,upi,2025-09-17,0,
ORD003821,CUST00034,PROD002,Books,4999,499.9,4499.1,3.6,1,3,standard,wallet,2026-05-08,0,
ORD003822,CUST00379,PROD004,Books,499,0.0,499.0,4.4,3,4,standard,card,2025-12-08,1,Product Not as Expected
ORD003823,CUST01834,PROD017,Beauty,299,44.85,254.15,4.5,1,2,express,upi,2026-08-12,1,Wrong Size
ORD003824,CUST00178,PROD013,Home & Lifestyle,2999,0.0,2999.0,3.4,0,7,economy,card,2025-12-26,0,
ORD003825,CUST01743,PROD005,Fashion,1299,0.0,1299.0,2.8,4,2,express,card,2026-03-21,0,
ORD003826,CUST00849,PROD015,Beauty,2999,0.0,2999.0,2.5,0,5,standard,upi,2026-04-07,0,
ORD003827,CUST01393,PROD019,Electronics,1299,129.9,1169.1,3.7,7,2,express,card,2025-10-26,0,
ORD003828,CUST01488,PROD018,Books,499,124.75,374.25,3.9,2,2,express,card,2026-05-04,0,
ORD003829,CUST00639,PROD008,Home & Lifestyle,1299,519.6,779.4,3.7,0,5,standard,card,2026-08-22,1,Product Not as Expected
ORD003830,CUST01642,PROD014,Beauty,499,0.0,499.0,3.8,6,2,express,wallet,2026-03-03,0,
ORD003831,CUST00220,PROD008,Home & Lifestyle,1299,259.8,1039.2,3.7,2,1,express,wallet,2025-11-14,0,
ORD003832,CUST00131,PROD009,Home & Lifestyle,1999,499.75,1499.25,3.9,2,4,standard,wallet,2026-01-17,0,
ORD003833,CUST01514,PROD020,Books,4999,749.85,4249.15,3.0,1,1,express,card,2025-11-25,1,Product Not as Expected
ORD003834,CUST01856,PROD008,Home & Lifestyle,1299,129.9,1169.1,3.8,6,4,standard,card,2026-06-02,1,Changed Mind
ORD003835,CUST01911,PROD010,Fashion,1299,194.85,1104.15,4.7,3,6,standard,card,2025-12-11,1,Better Price Elsewhere
ORD003836,CUST00868,PROD020,Books,4999,0.0,4999.0,3.0,3,5,standard,cod,2025-10-27,0,
ORD003837,CUST00288,PROD020,Books,4999,0.0,4999.0,2.7,1,5,standard,card,2026-04-09,1,Product Not as Expected
ORD003838,CUST01940,PROD018,Books,499,74.85,424.15,3.9,0,11,economy,cod,2026-03-29,0,
ORD003839,CUST00797,PROD001,Beauty,1999,499.75,1499.25,2.9,1,3,standard,card,2025-09-19,0,
ORD003840,CUST01423,PROD020,Books,4999,1999.6,2999.4,3.1,0,6,standard,card,2025-09-12,1,Quality Issues
ORD003841,CUST00249,PROD014,Beauty,499,0.0,499.0,3.4,3,2,express,cod,2025-09-26,1,Better Price Elsewhere
ORD003842,CUST01991,PROD019,Electronics,1299,194.85,1104.15,4.1,1,7,economy,upi,2026-06-08,1,Better Price Elsewhere
ORD003843,CUST00844,PROD005,Fashion,1299,259.8,1039.2,3.1,4,2,express,card,2025-12-05,1,Quality Issues
ORD003844,CUST00857,PROD003,Home & Lifestyle,1999,0.0,1999.0,3.9,3,3,standard,upi,2026-05-08,0,
ORD003845,CUST00031,PROD002,Books,4999,0.0,4999.0,3.6,5,9,economy,cod,2026-09-08,1,Ordered by Mistake
ORD003846,CUST00451,PROD002,Books,4999,999.8,3999.2,3.4,0,4,standard,card,2026-09-01,0,
ORD003847,CUST01145,PROD007,Fashion,1299,519.6,779.4,4.5,2,6,standard,cod,2025-10-01,0,
ORD003848,CUST00058,PROD003,Home & Lifestyle,1999,499.75,1499.25,4.1,0,6,standard,card,2026-05-20,0,
ORD003849,CUST00403,PROD011,Fashion,299,0.0,299.0,2.2,5,1,express,upi,2026-07-24,0,
ORD003850,CUST00101,PROD007,Fashion,1299,129.9,1169.1,4.7,1,1,express,card,2026-05-12,0,
ORD003851,CUST00299,PROD008,Home & Lifestyle,1299,129.9,1169.1,3.5,3,5,standard,card,2026-05-01,1,Wrong Size
ORD003852,CUST00529,PROD012,Beauty,4999,999.8,3999.2,4.2,0,6,standard,card,2026-04-26,1,Changed Mind
ORD003853,CUST01909,PROD013,Home & Lifestyle,2999,449.85,2549.15,3.1,1,5,standard,card,2025-10-29,0,
ORD003854,CUST00725,PROD015,Beauty,2999,599.8,2399.2,2.7,6,4,standard,upi,2026-08-08,0,
ORD003855,CUST00996,PROD017,Beauty,299,29.9,269.1,4.4,6,10,economy,card,2026-07-19,1,Late Delivery
ORD003856,CUST00886,PROD010,Fashion,1299,324.75,974.25,4.9,2,6,standard,card,2025-10-07,0,
ORD003857,CUST00337,PROD006,Books,1299,129.9,1169.1,2.3,2,6,standard,card,2025-09-16,0,
ORD003858,CUST00518,PROD001,Beauty,1999,0.0,1999.0,3.2,3,1,express,card,2025-10-05,0,
ORD003859,CUST00807,PROD007,Fashion,1299,259.8,1039.2,4.5,5,2,express,card,2026-06-05,0,
ORD003860,CUST00430,PROD004,Books,499,74.85,424.15,4.0,2,2,express,cod,2025-10-27,0,
ORD003861,CUST01063,PROD002,Books,4999,0.0,4999.0,3.3,4,3,standard,card,2026-02-03,0,
ORD003862,CUST00365,PROD004,Books,499,199.6,299.4,4.5,2,2,express,card,2026-01-29,0,
ORD003863,CUST01953,PROD012,Beauty,4999,0.0,4999.0,3.9,3,5,standard,card,2026-03-15,0,
ORD003864,CUST00835,PROD006,Books,1299,0.0,1299.0,2.8,0,5,standard,cod,2026-07-19,0,
ORD003865,CUST00827,PROD006,Books,1299,324.75,974.25,2.7,2,2,express,upi,2026-07-07,0,
ORD003866,CUST01985,PROD008,Home & Lifestyle,1299,324.75,974.25,3.9,0,6,standard,card,2025-09-23,1,Quality Issues
ORD003867,CUST01550,PROD007,Fashion,1299,389.7,909.3,4.9,0,3,standard,cod,2026-06-25,1,Late Delivery
ORD003868,CUST01004,PROD020,Books,4999,0.0,4999.0,3.1,0,3,standard,card,2026-02-14,1,Better Price Elsewhere
ORD003869,CUST00251,PROD011,Fashion,299,0.0,299.0,2.4,5,4,standard,card,2026-04-01,0,
ORD003870,CUST01164,PROD015,Beauty,2999,749.75,2249.25,2.8,5,3,standard,card,2026-07-02,1,Ordered by Mistake
ORD003871,CUST00463,PROD006,Books,1299,259.8,1039.2,2.6,0,4,standard,upi,2026-05-31,1,Better Price Elsewhere
ORD003872,CUST00338,PROD019,Electronics,1299,519.6,779.4,4.2,4,2,express,wallet,2026-06-18,0,
ORD003873,CUST01813,PROD017,Beauty,299,59.8,239.2,4.4,0,5,standard,upi,2026-07-31,0,
ORD003874,CUST01775,PROD004,Books,499,199.6,299.4,4.3,0,1,express,upi,2025-12-28,1,Wrong Size
ORD003875,CUST00341,PROD011,Fashion,299,119.6,179.4,2.5,7,4,standard,cod,2026-03-08,0,
ORD003876,CUST01545,PROD006,Books,1299,129.9,1169.1,2.4,5,4,standard,card,2026-04-12,1,Product Not as Expected
ORD003877,CUST01120,PROD017,Beauty,299,74.75,224.25,4.5,1,7,economy,cod,2026-05-16,1,Product Not as Expected
ORD003878,CUST00834,PROD019,Electronics,1299,129.9,1169.1,3.7,1,1,express,upi,2026-08-29,1,Late Delivery
ORD003879,CUST01514,PROD017,Beauty,299,29.9,269.1,4.6,0,3,standard,cod,2026-02-18,1,Late Delivery
ORD003880,CUST00245,PROD009,Home & Lifestyle,1999,0.0,1999.0,4.2,2,2,express,wallet,2026-08-30,0,
ORD003881,CUST01561,PROD003,Home & Lifestyle,1999,0.0,1999.0,3.7,0,1,express,upi,2025-11-05,0,
ORD003882,CUST01889,PROD010,Fashion,1299,0.0,1299.0,4.5,4,2,express,card,2026-05-15,1,Product Not as Expected
ORD003883,CUST01846,PROD013,Home & Lifestyle,2999,599.8,2399.2,3.3,1,10,economy,card,2026-07-07,0,
ORD003884,CUST01396,PROD009,Home & Lifestyle,1999,299.85,1699.15,3.7,1,6,standard,upi,2026-01-23,1,Damaged/Defective
ORD003885,CUST00640,PROD009,Home & Lifestyle,1999,0.0,1999.0,3.8,2,1,express,card,2026-02-20,0,
ORD003886,CUST01193,PROD018,Books,499,74.85,424.15,3.6,2,5,standard,card,2025-10-25,0,
ORD003887,CUST00918,PROD003,Home & Lifestyle,1999,199.9,1799.1,4.2,6,2,express,card,2025-09-13,0,
ORD003888,CUST00624,PROD015,Beauty,2999,0.0,2999.0,2.6,0,3,standard,upi,2026-06-07,1,Product Not as Expected
ORD003889,CUST00325,PROD001,Beauty,1999,199.9,1799.1,2.9,2,5,standard,card,2026-01-03,1,Wrong Size
ORD003890,CUST01201,PROD017,Beauty,299,29.9,269.1,4.9,2,3,standard,card,2026-06-26,0,
ORD003891,CUST00724,PROD002,Books,4999,499.9,4499.1,3.2,1,4,standard,card,2026-01-07,0,
ORD003892,CUST01648,PROD013,Home & Lifestyle,2999,449.85,2549.15,3.5,0,4,standard,card,2026-08-01,0,
ORD003893,CUST00609,PROD006,Books,1299,0.0,1299.0,2.4,0,4,standard,upi,2026-04-17,0,
ORD003894,CUST01474,PROD011,Fashion,299,29.9,269.1,2.4,3,2,express,upi,2025-10-19,0,
ORD003895,CUST00783,PROD014,Beauty,499,199.6,299.4,3.6,2,3,standard,upi,2025-11-03,1,Late Delivery
ORD003896,CUST00631,PROD006,Books,1299,194.85,1104.15,2.5,3,4,standard,card,2026-09-01,1,Damaged/Defective
ORD003897,CUST01087,PROD020,Books,4999,499.9,4499.1,2.9,4,2,express,upi,2025-11-02,0,
ORD003898,CUST00878,PROD012,Beauty,4999,499.9,4499.1,4.1,3,5,standard,cod,2026-04-21,0,
ORD003899,CUST01354,PROD011,Fashion,299,29.9,269.1,2.7,3,5,standard,upi,2026-04-24,1,Changed Mind
ORD003900,CUST00698,PROD006,Books,1299,129.9,1169.1,2.3,7,1,express,card,2026-07-23,0,
ORD003901,CUST00637,PROD009,Home & Lifestyle,1999,0.0,1999.0,4.2,1,4,standard,upi,2025-10-12,0,
ORD003902,CUST01156,PROD016,Beauty,499,124.75,374.25,3.7,0,4,standard,upi,2026-04-06,0,
ORD003903,CUST01956,PROD008,Home & Lifestyle,1299,259.8,1039.2,3.9,0,1,express,card,2026-01-19,0,
ORD003904,CUST01369,PROD017,Beauty,299,29.9,269.1,4.8,4,1,express,wallet,2026-04-28,1,Late Delivery
ORD003905,CUST00380,PROD017,Beauty,299,0.0,299.0,4.6,0,3,standard,card,2026-01-10,0,
ORD003906,CUST00715,PROD018,Books,499,0.0,499.0,3.7,1,3,standard,wallet,2026-06-30,0,
ORD003907,CUST01386,PROD019,Electronics,1299,0.0,1299.0,3.9,0,2,express,card,2026-09-04,1,Quality Issues
ORD003908,CUST00395,PROD016,Beauty,499,0.0,499.0,3.6,0,6,standard,upi,2026-03-09,1,Ordered by Mistake
ORD003909,CUST01606,PROD002,Books,4999,1249.75,3749.25,3.8,0,6,standard,card,2026-09-07,0,
ORD003910,CUST01584,PROD012,Beauty,4999,0.0,4999.0,4.4,2,3,standard,upi,2026-02-05,0,
ORD003911,CUST01568,PROD020,Books,4999,499.9,4499.1,2.7,0,5,standard,cod,2026-07-16,0,
ORD003912,CUST00115,PROD015,Beauty,2999,449.85,2549.15,2.6,8,5,standard,upi,2025-09-13,1,Product Not as Expected
ORD003913,CUST01448,PROD008,Home & Lifestyle,1299,194.85,1104.15,3.4,2,8,economy,upi,2026-08-23,0,
ORD003914,CUST01108,PROD008,Home & Lifestyle,1299,259.8,1039.2,3.8,5,1,express,wallet,2025-11-12,0,
ORD003915,CUST01565,PROD012,Beauty,4999,0.0,4999.0,3.9,1,3,standard,cod,2025-10-09,0,
ORD003916,CUST01552,PROD002,Books,4999,999.8,3999.2,3.6,1,5,standard,card,2026-01-31,0,
ORD003917,CUST00887,PROD011,Fashion,299,44.85,254.15,2.3,1,6,standard,card,2026-08-29,0,
ORD003918,CUST01300,PROD005,Fashion,1299,194.85,1104.15,3.0,3,1,express,cod,2025-10-14,1,Changed Mind
ORD003919,CUST01197,PROD009,Home & Lifestyle,1999,0.0,1999.0,4.0,7,8,economy,card,2026-03-22,0,
ORD003920,CUST00181,PROD009,Home & Lifestyle,1999,0.0,1999.0,4.2,5,4,standard,upi,2026-07-12,1,Quality Issues
ORD003921,CUST00056,PROD012,Beauty,4999,499.9,4499.1,4.3,2,3,standard,card,2025-11-18,1,Product Not as Expected
ORD003922,CUST00950,PROD005,Fashion,1299,194.85,1104.15,2.8,1,2,express,upi,2026-04-04,0,
ORD003923,CUST00245,PROD017,Beauty,299,0.0,299.0,4.7,2,5,standard,card,2026-07-10,0,
ORD003924,CUST01403,PROD019,Electronics,1299,324.75,974.25,3.7,5,4,standard,card,2026-03-16,0,
ORD003925,CUST01821,PROD009,Home & Lifestyle,1999,799.6,1199.4,4.2,0,3,standard,upi,2026-04-06,0,
ORD003926,CUST00818,PROD006,Books,1299,0.0,1299.0,2.4,0,6,standard,card,2025-11-08,1,Product Not as Expected
ORD003927,CUST01984,PROD012,Beauty,4999,749.85,4249.15,3.8,0,1,express,card,2026-05-04,0,
ORD003928,CUST01071,PROD003,Home & Lifestyle,1999,599.7,1399.3,4.1,0,5,standard,card,2025-10-31,0,
ORD003929,CUST00447,PROD013,Home & Lifestyle,2999,449.85,2549.15,3.4,3,3,standard,card,2026-02-04,0,
ORD003930,CUST01300,PROD012,Beauty,4999,999.8,3999.2,3.8,0,5,standard,cod,2026-02-10,0,
ORD003931,CUST01571,PROD013,Home & Lifestyle,2999,0.0,2999.0,3.5,2,6,standard,upi,2026-09-01,1,Better Price Elsewhere
ORD003932,CUST00881,PROD009,Home & Lifestyle,1999,299.85,1699.15,4.2,1,1,express,card,2025-11-23,0,
ORD003933,CUST01343,PROD014,Beauty,499,0.0,499.0,3.4,0,4,standard,card,2025-12-22,0,
ORD003934,CUST01772,PROD020,Books,4999,0.0,4999.0,3.0,0,6,standard,card,2025-12-08,0,
ORD003935,CUST00535,PROD010,Fashion,1299,129.9,1169.1,4.7,7,11,economy,cod,2026-05-07,1,Ordered by Mistake
ORD003936,CUST01237,PROD002,Books,4999,499.9,4499.1,3.7,6,2,express,card,2025-10-31,0,
ORD003937,CUST00520,PROD019,Electronics,1299,259.8,1039.2,4.0,0,6,standard,card,2025-12-08,0,
ORD003938,CUST00798,PROD008,Home & Lifestyle,1299,519.6,779.4,3.9,1,3,standard,upi,2026-06-18,1,Late Delivery
ORD003939,CUST00396,PROD004,Books,499,199.6,299.4,4.5,4,6,standard,cod,2026-09-06,0,
ORD003940,CUST01801,PROD020,Books,4999,0.0,4999.0,2.8,2,3,standard,cod,2025-11-30,0,
ORD003941,CUST01740,PROD001,Beauty,1999,199.9,1799.1,3.0,0,6,standard,card,2026-01-06,0,
ORD003942,CUST00511,PROD009,Home & Lifestyle,1999,199.9,1799.1,3.6,0,1,express,card,2026-01-03,0,
ORD003943,CUST00129,PROD012,Beauty,4999,1249.75,3749.25,3.9,0,3,standard,upi,2025-10-01,0,
ORD003944,CUST01245,PROD020,Books,4999,999.8,3999.2,3.0,4,2,express,card,2026-02-15,1,Damaged/Defective
ORD003945,CUST00839,PROD017,Beauty,299,0.0,299.0,4.6,1,6,standard,card,2025-11-02,0,
ORD003946,CUST00642,PROD017,Beauty,299,59.8,239.2,4.8,3,6,standard,upi,2026-02-01,1,Product Not as Expected
ORD003947,CUST01143,PROD008,Home & Lifestyle,1299,259.8,1039.2,3.8,0,6,standard,card,2026-03-02,0,
ORD003948,CUST01826,PROD001,Beauty,1999,0.0,1999.0,3.0,4,6,standard,cod,2026-03-09,0,
ORD003949,CUST01620,PROD003,Home & Lifestyle,1999,0.0,1999.0,3.9,2,10,economy,upi,2026-03-06,0,
ORD003950,CUST01127,PROD010,Fashion,1299,194.85,1104.15,4.8,0,4,standard,upi,2026-08-19,0,
ORD003951,CUST00208,PROD006,Books,1299,129.9,1169.1,2.5,3,1,express,card,2025-12-05,0,
ORD003952,CUST01861,PROD014,Beauty,499,149.7,349.3,3.6,1,1,express,wallet,2025-09-17,0,
ORD003953,CUST00456,PROD020,Books,4999,1249.75,3749.25,2.9,0,4,standard,card,2025-10-19,0,
ORD003954,CUST00611,PROD010,Fashion,1299,0.0,1299.0,4.9,1,8,economy,card,2026-09-06,0,
ORD003955,CUST00654,PROD001,Beauty,1999,399.8,1599.2,2.6,2,3,standard,card,2025-12-17,1,Product Not as Expected
ORD003956,CUST00052,PROD020,Books,4999,0.0,4999.0,2.6,0,2,express,card,2026-04-29,0,
ORD003957,CUST01748,PROD001,Beauty,1999,199.9,1799.1,2.8,2,2,express,upi,2026-07-10,0,
ORD003958,CUST00361,PROD016,Beauty,499,0.0,499.0,3.4,5,2,express,card,2026-04-19,1,Better Price Elsewhere
ORD003959,CUST01806,PROD016,Beauty,499,49.9,449.1,3.1,1,6,standard,card,2026-03-22,0,
ORD003960,CUST01731,PROD002,Books,4999,499.9,4499.1,3.3,1,4,standard,upi,2025-09-15,0,
ORD003961,CUST00499,PROD019,Electronics,1299,194.85,1104.15,4.0,1,5,standard,card,2025-10-28,0,
ORD003962,CUST00107,PROD006,Books,1299,129.9,1169.1,2.4,1,7,economy,card,2025-10-30,0,
ORD003963,CUST01355,PROD006,Books,1299,389.7,909.3,2.5,2,4,standard,upi,2026-06-26,1,Better Price Elsewhere
ORD003964,CUST01373,PROD010,Fashion,1299,129.9,1169.1,4.5,0,5,standard,card,2025-11-15,1,Better Price Elsewhere
ORD003965,CUST00183,PROD002,Books,4999,1249.75,3749.25,3.8,1,5,standard,upi,2026-02-24,0,
ORD003966,CUST00072,PROD006,Books,1299,0.0,1299.0,2.6,5,1,express,upi,2026-02-15,0,
ORD003967,CUST00101,PROD015,Beauty,2999,449.85,2549.15,2.6,0,1,express,card,2026-03-12,0,
ORD003968,CUST01876,PROD004,Books,499,124.75,374.25,4.1,0,2,express,card,2025-11-15,1,Wrong Size
ORD003969,CUST00489,PROD018,Books,499,149.7,349.3,3.9,2,1,express,card,2025-09-12,0,
ORD003970,CUST01221,PROD016,Beauty,499,0.0,499.0,3.3,0,4,standard,card,2026-03-17,0,
ORD003971,CUST00685,PROD017,Beauty,299,29.9,269.1,4.9,1,3,standard,upi,2026-05-09,0,
ORD003972,CUST00073,PROD002,Books,4999,1249.75,3749.25,3.3,1,1,express,upi,2025-12-16,0,
ORD003973,CUST00612,PROD015,Beauty,2999,749.75,2249.25,2.9,2,6,standard,cod,2025-12-22,0,
ORD003974,CUST00792,PROD001,Beauty,1999,299.85,1699.15,2.9,3,3,standard,cod,2026-02-05,1,Quality Issues
ORD003975,CUST00903,PROD011,Fashion,299,0.0,299.0,2.5,0,6,standard,upi,2026-05-01,0,
ORD003976,CUST01390,PROD004,Books,499,0.0,499.0,4.1,2,5,standard,upi,2026-06-08,0,
ORD003977,CUST01458,PROD017,Beauty,299,74.75,224.25,4.6,1,1,express,upi,2026-01-24,0,
ORD003978,CUST00403,PROD009,Home & Lifestyle,1999,0.0,1999.0,4.1,1,6,standard,card,2026-04-30,1,Ordered by Mistake
ORD003979,CUST01493,PROD004,Books,499,124.75,374.25,4.4,0,11,economy,cod,2026-05-07,1,Product Not as Expected
ORD003980,CUST00514,PROD016,Beauty,499,49.9,449.1,3.2,2,2,express,card,2026-01-18,1,Late Delivery
ORD003981,CUST00313,PROD014,Beauty,499,149.7,349.3,3.8,2,2,express,card,2025-10-23,1,Changed Mind
ORD003982,CUST01649,PROD008,Home & Lifestyle,1299,259.8,1039.2,3.5,0,4,standard,card,2026-01-29,1,Damaged/Defective
ORD003983,CUST00560,PROD002,Books,4999,999.8,3999.2,3.3,3,5,standard,upi,2025-09-26,0,
ORD003984,CUST01188,PROD007,Fashion,1299,129.9,1169.1,4.5,3,3,standard,card,2025-11-07,0,
ORD003985,CUST01478,PROD018,Books,499,199.6,299.4,3.9,1,6,standard,card,2026-06-19,0,
ORD003986,CUST01309,PROD001,Beauty,1999,799.6,1199.4,3.1,1,4,standard,cod,2026-04-09,1,Better Price Elsewhere
ORD003987,CUST00850,PROD013,Home & Lifestyle,2999,449.85,2549.15,3.4,3,2,express,upi,2025-10-25,0,
ORD003988,CUST00063,PROD010,Fashion,1299,0.0,1299.0,4.6,2,3,standard,cod,2026-07-03,1,Wrong Size
ORD003989,CUST00488,PROD013,Home & Lifestyle,2999,0.0,2999.0,3.5,0,3,standard,upi,2026-04-23,0,
ORD003990,CUST01440,PROD002,Books,4999,999.8,3999.2,3.3,1,2,express,card,2026-06-19,1,Wrong Size
ORD003991,CUST00991,PROD019,Electronics,1299,0.0,1299.0,3.8,1,2,express,card,2025-11-16,0,
ORD003992,CUST00816,PROD005,Fashion,1299,389.7,909.3,2.9,0,1,express,card,2025-11-01,1,Damaged/Defective
ORD003993,CUST00875,PROD018,Books,499,0.0,499.0,3.9,2,5,standard,card,2026-06-03,0,
ORD003994,CUST00183,PROD019,Electronics,1299,129.9,1169.1,3.7,4,2,express,upi,2026-01-30,0,
ORD003995,CUST00359,PROD020,Books,4999,749.85,4249.15,3.2,2,2,express,cod,2026-07-18,0,
ORD003996,CUST01495,PROD009,Home & Lifestyle,1999,299.85,1699.15,4.2,2,1,express,card,2026-03-03,0,
ORD003997,CUST00359,PROD008,Home & Lifestyle,1299,389.7,909.3,3.8,2,6,standard,upi,2026-08-15,0,
ORD003998,CUST00911,PROD003,Home & Lifestyle,1999,199.9,1799.1,3.7,0,1,express,card,2026-05-13,0,
ORD003999,CUST01211,PROD020,Books,4999,999.8,3999.2,3.0,0,6,standard,cod,2026-06-04,0,
ORD004000,CUST01956,PROD019,Electronics,1299,129.9,1169.1,4.1,0,8,economy,upi,2026-08-01,0,
ORD004001,CUST00818,PROD005,Fashion,1299,194.85,1104.15,2.9,2,4,standard,upi,2026-02-27,0,
ORD004002,CUST01181,PROD007,Fashion,1299,129.9,1169.1,4.5,7,3,standard,cod,2026-05-26,0,
ORD004003,CUST01866,PROD011,Fashion,299,29.9,269.1,2.6,1,3,standard,upi,2026-08-31,0,
ORD004004,CUST00924,PROD010,Fashion,1299,259.8,1039.2,4.4,2,1,express,upi,2025-09-25,0,
ORD004005,CUST00233,PROD003,Home & Lifestyle,1999,399.8,1599.2,4.2,5,6,standard,card,2026-04-17,1,Late Delivery
ORD004006,CUST01994,PROD003,Home & Lifestyle,1999,499.75,1499.25,3.6,0,5,standard,card,2026-01-24,0,
ORD004007,CUST00132,PROD015,Beauty,2999,749.75,2249.25,2.9,0,1,express,card,2025-11-20,0,
ORD004008,CUST01696,PROD008,Home & Lifestyle,1299,194.85,1104.15,3.6,0,7,economy,upi,2026-03-25,0,
ORD004009,CUST01771,PROD005,Fashion,1299,259.8,1039.2,2.9,3,3,standard,upi,2025-10-22,1,Ordered by Mistake
ORD004010,CUST01005,PROD018,Books,499,124.75,374.25,4.0,1,3,standard,upi,2026-06-20,0,
ORD004011,CUST00332,PROD018,Books,499,0.0,499.0,3.7,4,5,standard,card,2026-02-17,1,Late Delivery
ORD004012,CUST01456,PROD012,Beauty,4999,749.85,4249.15,4.0,1,5,standard,upi,2025-11-18,0,
ORD004013,CUST00793,PROD006,Books,1299,0.0,1299.0,2.9,2,1,express,card,2026-08-11,0,
ORD004014,CUST01981,PROD006,Books,1299,129.9,1169.1,2.8,6,4,standard,upi,2026-06-21,0,
ORD004015,CUST00512,PROD015,Beauty,2999,299.9,2699.1,2.7,5,10,economy,card,2026-01-03,1,Wrong Size
ORD004016,CUST00554,PROD010,Fashion,1299,0.0,1299.0,4.8,4,1,express,card,2026-02-02,0,
ORD004017,CUST00664,PROD013,Home & Lifestyle,2999,899.7,2099.3,3.6,4,2,express,card,2026-04-12,0,
ORD004018,CUST01556,PROD018,Books,499,99.8,399.2,3.7,0,3,standard,upi,2026-06-18,0,
ORD004019,CUST00258,PROD009,Home & Lifestyle,1999,0.0,1999.0,3.7,1,7,economy,card,2025-10-28,0,
ORD004020,CUST01026,PROD008,Home & Lifestyle,1299,324.75,974.25,4.0,0,4,standard,upi,2025-12-15,0,
ORD004021,CUST01161,PROD009,Home & Lifestyle,1999,399.8,1599.2,4.1,1,1,express,card,2026-02-07,0,
ORD004022,CUST01503,PROD012,Beauty,4999,999.8,3999.2,4.0,4,5,standard,upi,2026-03-17,0,
ORD004023,CUST01886,PROD015,Beauty,2999,1199.6,1799.4,2.4,0,5,standard,card,2025-11-10,0,
ORD004024,CUST01839,PROD013,Home & Lifestyle,2999,449.85,2549.15,3.4,0,6,standard,card,2025-12-17,0,
ORD004025,CUST01825,PROD019,Electronics,1299,259.8,1039.2,3.7,0,4,standard,card,2026-07-01,0,
ORD004026,CUST01840,PROD019,Electronics,1299,129.9,1169.1,3.9,3,5,standard,card,2026-09-04,0,
ORD004027,CUST01405,PROD009,Home & Lifestyle,1999,0.0,1999.0,3.7,1,3,standard,card,2026-01-21,0,
ORD004028,CUST01875,PROD010,Fashion,1299,129.9,1169.1,4.8,2,1,express,card,2025-09-27,1,Quality Issues
ORD004029,CUST00469,PROD008,Home & Lifestyle,1299,324.75,974.25,3.5,0,6,standard,card,2026-06-09,0,
ORD004030,CUST01952,PROD020,Books,4999,0.0,4999.0,2.8,3,5,standard,upi,2026-04-06,1,Better Price Elsewhere
ORD004031,CUST01943,PROD020,Books,4999,499.9,4499.1,2.9,0,6,standard,cod,2025-09-19,0,
ORD004032,CUST00519,PROD004,Books,499,199.6,299.4,4.5,2,7,economy,card,2026-01-02,0,
ORD004033,CUST01322,PROD007,Fashion,1299,129.9,1169.1,4.6,0,6,standard,card,2025-11-28,0,
ORD004034,CUST00935,PROD018,Books,499,124.75,374.25,3.8,2,6,standard,upi,2026-06-19,1,Product Not as Expected
ORD004035,CUST00271,PROD007,Fashion,1299,259.8,1039.2,4.7,2,2,express,card,2026-06-27,0,
ORD004036,CUST00239,PROD005,Fashion,1299,0.0,1299.0,3.1,0,5,standard,card,2026-07-16,0,
ORD004037,CUST00756,PROD016,Beauty,499,199.6,299.4,3.5,2,4,standard,upi,2026-05-01,0,
ORD004038,CUST01076,PROD006,Books,1299,519.6,779.4,2.5,0,6,standard,upi,2026-04-12,0,
ORD004039,CUST00494,PROD020,Books,4999,1249.75,3749.25,3.1,5,3,standard,upi,2026-07-15,1,Damaged/Defective
ORD004040,CUST01073,PROD016,Beauty,499,74.85,424.15,3.2,3,2,express,card,2026-08-01,1,Quality Issues
ORD004041,CUST01286,PROD019,Electronics,1299,0.0,1299.0,3.7,0,4,standard,cod,2026-07-03,0,
ORD004042,CUST00932,PROD014,Beauty,499,0.0,499.0,3.6,0,11,economy,card,2026-07-27,0,
ORD004043,CUST00454,PROD017,Beauty,299,44.85,254.15,4.9,2,1,express,upi,2026-08-11,0,
ORD004044,CUST01718,PROD005,Fashion,1299,0.0,1299.0,2.9,2,2,express,card,2026-02-26,0,
ORD004045,CUST00278,PROD013,Home & Lifestyle,2999,0.0,2999.0,3.1,0,1,express,upi,2026-02-26,0,
ORD004046,CUST00777,PROD016,Beauty,499,74.85,424.15,3.4,0,2,express,card,2026-06-06,1,Quality Issues
ORD004047,CUST00133,PROD017,Beauty,299,44.85,254.15,4.7,0,3,standard,upi,2026-07-14,0,
ORD004048,CUST00220,PROD003,Home & Lifestyle,1999,399.8,1599.2,3.8,0,5,standard,cod,2026-03-11,1,Damaged/Defective
ORD004049,CUST01797,PROD008,Home & Lifestyle,1299,324.75,974.25,3.4,0,1,express,cod,2025-11-03,0,
ORD004050,CUST00578,PROD020,Books,4999,1999.6,2999.4,2.8,3,5,standard,card,2025-09-30,0,
ORD004051,CUST00653,PROD008,Home & Lifestyle,1299,0.0,1299.0,3.9,6,5,standard,card,2026-01-17,0,
ORD004052,CUST00407,PROD014,Beauty,499,74.85,424.15,3.3,5,3,standard,card,2025-10-12,1,Wrong Size
ORD004053,CUST00373,PROD009,Home & Lifestyle,1999,0.0,1999.0,4.2,0,6,standard,upi,2026-08-23,1,Damaged/Defective
ORD004054,CUST01518,PROD014,Beauty,499,99.8,399.2,3.7,0,11,economy,card,2025-12-21,0,
ORD004055,CUST00654,PROD009,Home & Lifestyle,1999,799.6,1199.4,3.8,2,4,standard,card,2025-10-01,0,
ORD004056,CUST01138,PROD012,Beauty,4999,0.0,4999.0,4.3,3,5,standard,card,2026-02-07,0,
ORD004057,CUST01263,PROD017,Beauty,299,74.75,224.25,4.7,1,2,express,cod,2025-12-18,0,
ORD004058,CUST01776,PROD004,Books,499,99.8,399.2,4.1,0,1,express,card,2026-01-02,1,Late Delivery
ORD004059,CUST00473,PROD013,Home & Lifestyle,2999,0.0,2999.0,3.2,0,4,standard,card,2026-02-07,0,
ORD004060,CUST01436,PROD003,Home & Lifestyle,1999,399.8,1599.2,4.2,0,3,standard,upi,2025-11-27,0,
ORD004061,CUST00879,PROD012,Beauty,4999,1249.75,3749.25,4.2,0,6,standard,card,2025-10-04,0,
ORD004062,CUST00089,PROD011,Fashion,299,0.0,299.0,2.7,1,2,express,upi,2026-08-13,1,Quality Issues
ORD004063,CUST01680,PROD018,Books,499,0.0,499.0,3.5,4,2,express,cod,2025-09-28,0,
ORD004064,CUST00712,PROD007,Fashion,1299,0.0,1299.0,4.9,2,5,standard,card,2026-03-14,0,
ORD004065,CUST01520,PROD015,Beauty,2999,749.75,2249.25,2.4,0,5,standard,card,2025-09-19,0,
ORD004066,CUST01260,PROD020,Books,4999,0.0,4999.0,3.0,2,4,standard,card,2025-09-27,0,
ORD004067,CUST01137,PROD007,Fashion,1299,259.8,1039.2,4.8,3,11,economy,card,2025-12-20,0,
ORD004068,CUST01471,PROD019,Electronics,1299,194.85,1104.15,4.0,0,4,standard,card,2026-02-25,0,
ORD004069,CUST00089,PROD016,Beauty,499,74.85,424.15,3.4,0,3,standard,card,2025-12-02,0,
ORD004070,CUST00345,PROD018,Books,499,149.7,349.3,3.5,4,1,express,card,2025-12-30,1,Quality Issues
ORD004071,CUST00411,PROD018,Books,499,49.9,449.1,3.4,2,6,standard,card,2026-06-30,1,Product Not as Expected
ORD004072,CUST01175,PROD009,Home & Lifestyle,1999,399.8,1599.2,3.8,0,6,standard,upi,2025-10-07,0,
ORD004073,CUST00725,PROD020,Books,4999,999.8,3999.2,2.9,3,4,standard,card,2026-03-09,0,
ORD004074,CUST01038,PROD006,Books,1299,519.6,779.4,2.5,0,1,express,upi,2026-06-02,0,
ORD004075,CUST00482,PROD012,Beauty,4999,1999.6,2999.4,4.4,4,1,express,cod,2025-11-30,1,Quality Issues
ORD004076,CUST01331,PROD014,Beauty,499,49.9,449.1,3.7,4,6,standard,upi,2026-05-03,0,
ORD004077,CUST00611,PROD008,Home & Lifestyle,1299,0.0,1299.0,4.0,2,2,express,card,2026-08-15,1,Better Price Elsewhere
ORD004078,CUST01061,PROD010,Fashion,1299,0.0,1299.0,4.4,0,4,standard,card,2026-01-04,0,
ORD004079,CUST01791,PROD002,Books,4999,0.0,4999.0,3.8,3,6,standard,card,2026-02-15,0,
ORD004080,CUST01338,PROD020,Books,4999,499.9,4499.1,3.2,9,4,standard,cod,2026-06-10,1,Wrong Size
ORD004081,CUST01508,PROD006,Books,1299,0.0,1299.0,2.7,3,3,standard,upi,2026-07-28,1,Late Delivery
ORD004082,CUST00048,PROD020,Books,4999,499.9,4499.1,3.0,0,5,standard,wallet,2026-08-27,1,Wrong Size
ORD004083,CUST00133,PROD002,Books,4999,1249.75,3749.25,3.7,2,1,express,upi,2026-08-10,0,
ORD004084,CUST01451,PROD016,Beauty,499,124.75,374.25,3.3,2,4,standard,card,2026-03-22,1,Wrong Size
ORD004085,CUST01549,PROD016,Beauty,499,0.0,499.0,3.4,1,2,express,card,2026-04-21,1,Better Price Elsewhere
ORD004086,CUST01306,PROD020,Books,4999,0.0,4999.0,3.2,7,4,standard,card,2026-08-27,0,
ORD004087,CUST01061,PROD010,Fashion,1299,389.7,909.3,4.6,3,6,standard,card,2026-03-02,0,
ORD004088,CUST01562,PROD007,Fashion,1299,259.8,1039.2,4.5,1,2,express,card,2026-06-16,0,
ORD004089,CUST01501,PROD003,Home & Lifestyle,1999,0.0,1999.0,3.9,0,5,standard,card,2025-12-31,0,
ORD004090,CUST00201,PROD001,Beauty,1999,799.6,1199.4,2.7,1,5,standard,cod,2025-09-10,1,Quality Issues
ORD004091,CUST00974,PROD013,Home & Lifestyle,2999,299.9,2699.1,3.2,0,5,standard,wallet,2026-09-01,0,
ORD004092,CUST01625,PROD010,Fashion,1299,0.0,1299.0,4.8,3,2,express,card,2026-01-17,1,Late Delivery
ORD004093,CUST00244,PROD012,Beauty,4999,0.0,4999.0,4.1,2,1,express,card,2026-02-08,0,
ORD004094,CUST00063,PROD007,Fashion,1299,0.0,1299.0,4.8,0,8,economy,upi,2026-08-28,1,Better Price Elsewhere
ORD004095,CUST00753,PROD019,Electronics,1299,0.0,1299.0,3.9,1,1,express,card,2026-06-25,0,
ORD004096,CUST01252,PROD015,Beauty,2999,599.8,2399.2,2.3,3,1,express,card,2026-09-09,0,
ORD004097,CUST00301,PROD014,Beauty,499,149.7,349.3,3.5,0,2,express,card,2025-12-08,1,Late Delivery
ORD004098,CUST01531,PROD019,Electronics,1299,129.9,1169.1,3.7,3,7,economy,card,2026-08-01,1,Ordered by Mistake
ORD004099,CUST00621,PROD019,Electronics,1299,259.8,1039.2,4.1,2,1,express,card,2025-12-05,0,
ORD004100,CUST01486,PROD014,Beauty,499,0.0,499.0,3.8,0,5,standard,upi,2026-06-12,0,
ORD004101,CUST01179,PROD004,Books,499,99.8,399.2,4.4,1,4,standard,card,2026-08-18,0,
ORD004102,CUST00720,PROD019,Electronics,1299,519.6,779.4,3.8,0,6,standard,card,2026-05-01,1,Late Delivery
ORD004103,CUST01438,PROD015,Beauty,2999,449.85,2549.15,2.7,1,3,standard,upi,2026-06-23,1,Better Price Elsewhere
ORD004104,CUST01227,PROD015,Beauty,2999,599.8,2399.2,2.5,4,1,express,card,2025-10-08,0,
ORD004105,CUST00309,PROD010,Fashion,1299,194.85,1104.15,4.6,4,1,express,card,2026-01-28,1,Product Not as Expected
ORD004106,CUST01586,PROD002,Books,4999,999.8,3999.2,3.3,2,5,standard,wallet,2025-10-02,0,
ORD004107,CUST01695,PROD016,Beauty,499,0.0,499.0,3.1,1,2,express,card,2025-10-15,1,Damaged/Defective
ORD004108,CUST00665,PROD009,Home & Lifestyle,1999,299.85,1699.15,3.8,2,3,standard,upi,2026-01-06,0,
ORD004109,CUST00852,PROD012,Beauty,4999,0.0,4999.0,4.2,0,1,express,card,2026-03-04,1,Ordered by Mistake
ORD004110,CUST01421,PROD017,Beauty,299,0.0,299.0,4.6,0,4,standard,upi,2025-10-01,0,
ORD004111,CUST00595,PROD011,Fashion,299,59.8,239.2,2.4,5,5,standard,upi,2026-01-25,1,Damaged/Defective
ORD004112,CUST00139,PROD006,Books,1299,389.7,909.3,2.8,1,3,standard,card,2025-09-27,1,Ordered by Mistake
ORD004113,CUST00177,PROD010,Fashion,1299,194.85,1104.15,4.4,2,5,standard,upi,2026-05-31,0,
ORD004114,CUST00758,PROD013,Home & Lifestyle,2999,749.75,2249.25,3.6,0,5,standard,cod,2026-06-07,0,
ORD004115,CUST00891,PROD002,Books,4999,0.0,4999.0,3.4,3,6,standard,cod,2026-01-15,1,Late Delivery
ORD004116,CUST00938,PROD003,Home & Lifestyle,1999,0.0,1999.0,4.2,1,8,economy,card,2026-09-07,0,
ORD004117,CUST01898,PROD013,Home & Lifestyle,2999,0.0,2999.0,3.5,5,11,economy,card,2026-03-30,0,
ORD004118,CUST01851,PROD012,Beauty,4999,1499.7,3499.3,3.9,0,9,economy,upi,2026-06-18,1,Changed Mind
ORD004119,CUST01506,PROD007,Fashion,1299,0.0,1299.0,4.7,1,4,standard,cod,2025-11-03,0,
ORD004120,CUST00423,PROD007,Fashion,1299,259.8,1039.2,4.8,4,4,standard,cod,2026-04-18,1,Late Delivery
ORD004121,CUST00148,PROD004,Books,499,124.75,374.25,4.0,6,6,standard,upi,2026-06-10,1,Quality Issues
ORD004122,CUST00751,PROD007,Fashion,1299,519.6,779.4,4.5,4,1,express,card,2026-05-12,1,Better Price Elsewhere
ORD004123,CUST01095,PROD019,Electronics,1299,259.8,1039.2,4.1,2,4,standard,card,2026-05-29,0,
ORD004124,CUST00895,PROD013,Home & Lifestyle,2999,0.0,2999.0,3.2,6,1,express,cod,2026-02-05,1,Damaged/Defective
ORD004125,CUST01715,PROD019,Electronics,1299,0.0,1299.0,3.8,3,7,economy,card,2026-03-25,0,
ORD004126,CUST01290,PROD016,Beauty,499,124.75,374.25,3.5,0,5,standard,wallet,2026-01-23,0,
ORD004127,CUST01283,PROD010,Fashion,1299,324.75,974.25,4.7,5,8,economy,upi,2026-06-12,1,Product Not as Expected
ORD004128,CUST01600,PROD003,Home & Lifestyle,1999,399.8,1599.2,3.9,0,3,standard,card,2026-09-08,0,
ORD004129,CUST01299,PROD004,Books,499,99.8,399.2,4.5,5,4,standard,cod,2026-08-14,0,
ORD004130,CUST00580,PROD001,Beauty,1999,399.8,1599.2,2.6,0,1,express,card,2026-05-21,0,
ORD004131,CUST00573,PROD014,Beauty,499,149.7,349.3,3.3,4,2,express,upi,2026-08-20,0,
ORD004132,CUST01897,PROD009,Home & Lifestyle,1999,599.7,1399.3,3.6,0,3,standard,cod,2025-12-03,0,
ORD004133,CUST01010,PROD008,Home & Lifestyle,1299,0.0,1299.0,3.6,1,1,express,upi,2025-12-04,0,
ORD004134,CUST00465,PROD012,Beauty,4999,0.0,4999.0,4.3,2,2,express,card,2026-06-11,1,Quality Issues
ORD004135,CUST00308,PROD005,Fashion,1299,324.75,974.25,3.1,0,5,standard,card,2026-02-18,0,
ORD004136,CUST00124,PROD013,Home & Lifestyle,2999,299.9,2699.1,3.5,1,2,express,upi,2026-08-13,0,
ORD004137,CUST00291,PROD016,Beauty,499,0.0,499.0,3.3,0,3,standard,cod,2026-06-12,0,
ORD004138,CUST01074,PROD002,Books,4999,999.8,3999.2,3.6,1,1,express,card,2026-09-06,0,
ORD004139,CUST00591,PROD009,Home & Lifestyle,1999,0.0,1999.0,3.7,1,6,standard,card,2026-02-19,0,
ORD004140,CUST01734,PROD004,Books,499,74.85,424.15,4.1,4,2,express,card,2025-11-07,1,Better Price Elsewhere
ORD004141,CUST01235,PROD003,Home & Lifestyle,1999,0.0,1999.0,4.0,0,1,express,card,2025-12-21,0,
ORD004142,CUST01819,PROD011,Fashion,299,59.8,239.2,2.3,0,4,standard,card,2026-08-18,1,Ordered by Mistake
ORD004143,CUST01518,PROD019,Electronics,1299,259.8,1039.2,3.9,0,4,standard,upi,2026-03-05,0,
ORD004144,CUST00416,PROD014,Beauty,499,0.0,499.0,3.2,1,7,economy,card,2026-07-21,0,
ORD004145,CUST00605,PROD006,Books,1299,0.0,1299.0,2.7,0,2,express,card,2026-01-19,1,Damaged/Defective
ORD004146,CUST01655,PROD007,Fashion,1299,259.8,1039.2,4.6,7,9,economy,upi,2025-11-21,1,Quality Issues
ORD004147,CUST01940,PROD012,Beauty,4999,0.0,4999.0,4.1,6,6,standard,wallet,2026-06-21,1,Quality Issues
ORD004148,CUST00076,PROD017,Beauty,299,0.0,299.0,4.9,5,1,express,cod,2026-03-23,0,
ORD004149,CUST01969,PROD020,Books,4999,999.8,3999.2,3.0,2,6,standard,cod,2025-11-08,1,Changed Mind
ORD004150,CUST01594,PROD013,Home & Lifestyle,2999,599.8,2399.2,3.2,5,4,standard,upi,2026-08-31,1,Late Delivery
ORD004151,CUST00393,PROD012,Beauty,4999,749.85,4249.15,4.1,0,4,standard,cod,2026-05-16,0,
ORD004152,CUST00929,PROD004,Books,499,74.85,424.15,4.0,4,9,economy,card,2025-11-13,1,Wrong Size
ORD004153,CUST01631,PROD015,Beauty,2999,449.85,2549.15,2.7,6,4,standard,cod,2026-05-27,0,
ORD004154,CUST00864,PROD019,Electronics,1299,0.0,1299.0,4.1,5,5,standard,upi,2026-05-06,0,
ORD004155,CUST00601,PROD011,Fashion,299,44.85,254.15,2.5,0,6,standard,card,2025-09-19,0,
ORD004156,CUST00926,PROD016,Beauty,499,49.9,449.1,3.5,1,5,standard,cod,2026-05-19,0,
ORD004157,CUST00518,PROD013,Home & Lifestyle,2999,749.75,2249.25,3.2,0,5,standard,upi,2026-07-20,0,
ORD004158,CUST00931,PROD003,Home & Lifestyle,1999,0.0,1999.0,3.7,0,11,economy,card,2026-04-15,0,
ORD004159,CUST00096,PROD011,Fashion,299,44.85,254.15,2.5,5,4,standard,upi,2026-02-26,0,
ORD004160,CUST00111,PROD014,Beauty,499,49.9,449.1,3.4,0,5,standard,card,2025-11-19,0,
ORD004161,CUST00080,PROD012,Beauty,4999,499.9,4499.1,4.1,3,3,standard,card,2025-09-16,1,Changed Mind
ORD004162,CUST01124,PROD020,Books,4999,999.8,3999.2,2.9,0,7,economy,card,2026-07-09,0,
ORD004163,CUST00627,PROD011,Fashion,299,0.0,299.0,2.3,4,6,standard,card,2026-01-09,1,Damaged/Defective
ORD004164,CUST01918,PROD014,Beauty,499,199.6,299.4,3.4,5,1,express,card,2026-08-02,0,
ORD004165,CUST01466,PROD015,Beauty,2999,899.7,2099.3,2.7,2,4,standard,upi,2026-02-25,0,
ORD004166,CUST01291,PROD005,Fashion,1299,0.0,1299.0,2.7,1,1,express,upi,2026-08-21,1,Changed Mind
ORD004167,CUST01877,PROD010,Fashion,1299,129.9,1169.1,4.6,8,2,express,cod,2026-06-28,0,
ORD004168,CUST01268,PROD006,Books,1299,0.0,1299.0,2.8,1,4,standard,upi,2025-11-15,0,
ORD004169,CUST00155,PROD004,Books,499,0.0,499.0,4.1,1,2,express,card,2025-10-26,1,Quality Issues
ORD004170,CUST01495,PROD014,Beauty,499,74.85,424.15,3.7,2,2,express,upi,2025-10-30,0,
ORD004171,CUST01746,PROD004,Books,499,49.9,449.1,4.0,6,1,express,card,2026-04-19,1,Better Price Elsewhere
ORD004172,CUST00854,PROD008,Home & Lifestyle,1299,259.8,1039.2,4.0,3,6,standard,card,2025-12-27,1,Damaged/Defective
ORD004173,CUST00148,PROD020,Books,4999,749.85,4249.15,2.8,0,5,standard,card,2026-01-12,0,
ORD004174,CUST01760,PROD015,Beauty,2999,0.0,2999.0,2.7,4,2,express,upi,2026-03-05,0,
ORD004175,CUST00360,PROD009,Home & Lifestyle,1999,0.0,1999.0,3.7,0,1,express,card,2026-08-25,0,
ORD004176,CUST00115,PROD013,Home & Lifestyle,2999,299.9,2699.1,3.1,0,4,standard,card,2026-08-20,0,
ORD004177,CUST00685,PROD015,Beauty,2999,0.0,2999.0,2.8,0,4,standard,card,2025-12-22,0,
ORD004178,CUST00703,PROD017,Beauty,299,0.0,299.0,4.7,4,6,standard,upi,2025-10-17,0,
ORD004179,CUST01861,PROD005,Fashion,1299,194.85,1104.15,2.8,6,3,standard,cod,2026-07-21,1,Better Price Elsewhere
ORD004180,CUST00461,PROD003,Home & Lifestyle,1999,499.75,1499.25,3.8,0,6,standard,card,2025-10-26,1,Wrong Size
ORD004181,CUST01460,PROD015,Beauty,2999,599.8,2399.2,2.6,0,3,standard,wallet,2026-04-25,0,
ORD004182,CUST00580,PROD014,Beauty,499,0.0,499.0,3.5,3,3,standard,cod,2025-09-13,1,Product Not as Expected
ORD004183,CUST00087,PROD009,Home & Lifestyle,1999,0.0,1999.0,3.8,3,6,standard,upi,2026-02-11,0,
ORD004184,CUST01238,PROD009,Home & Lifestyle,1999,399.8,1599.2,3.7,0,6,standard,upi,2026-04-23,0,
ORD004185,CUST00628,PROD019,Electronics,1299,0.0,1299.0,3.7,0,2,express,card,2026-01-27,0,
ORD004186,CUST01690,PROD006,Books,1299,259.8,1039.2,2.6,3,9,economy,card,2026-05-08,0,
ORD004187,CUST00764,PROD018,Books,499,99.8,399.2,3.5,2,6,standard,card,2026-02-02,0,
ORD004188,CUST00236,PROD005,Fashion,1299,389.7,909.3,3.0,0,5,standard,card,2026-01-06,1,Ordered by Mistake
ORD004189,CUST00565,PROD009,Home & Lifestyle,1999,0.0,1999.0,3.8,0,3,standard,card,2025-11-25,1,Wrong Size
ORD004190,CUST00173,PROD004,Books,499,0.0,499.0,3.9,7,10,economy,upi,2025-11-25,1,Wrong Size
ORD004191,CUST00094,PROD010,Fashion,1299,259.8,1039.2,4.9,2,1,express,upi,2025-10-21,1,Quality Issues
ORD004192,CUST01901,PROD004,Books,499,74.85,424.15,4.4,1,1,express,upi,2026-08-17,0,
ORD004193,CUST00888,PROD012,Beauty,4999,499.9,4499.1,4.0,4,3,standard,cod,2026-03-20,1,Late Delivery
ORD004194,CUST00603,PROD002,Books,4999,999.8,3999.2,3.5,7,6,standard,cod,2025-09-13,1,Late Delivery
ORD004195,CUST00817,PROD010,Fashion,1299,0.0,1299.0,4.7,0,7,economy,upi,2026-06-14,1,Wrong Size
ORD004196,CUST01489,PROD010,Fashion,1299,389.7,909.3,4.6,0,1,express,card,2026-07-07,1,Late Delivery
ORD004197,CUST01640,PROD012,Beauty,4999,1249.75,3749.25,4.1,0,6,standard,wallet,2025-12-28,0,
ORD004198,CUST01171,PROD009,Home & Lifestyle,1999,399.8,1599.2,3.8,0,1,express,upi,2025-10-29,0,
ORD004199,CUST00623,PROD012,Beauty,4999,1249.75,3749.25,4.0,0,7,economy,card,2026-06-04,0,
ORD004200,CUST01807,PROD006,Books,1299,0.0,1299.0,2.5,0,3,standard,card,2026-03-19,0,
ORD004201,CUST01544,PROD008,Home & Lifestyle,1299,129.9,1169.1,3.4,0,4,standard,upi,2026-07-13,1,Changed Mind
ORD004202,CUST01315,PROD009,Home & Lifestyle,1999,299.85,1699.15,3.9,2,2,express,card,2025-12-17,0,
ORD004203,CUST00980,PROD016,Beauty,499,0.0,499.0,3.7,3,7,economy,card,2026-01-23,1,Late Delivery
ORD004204,CUST00377,PROD018,Books,499,0.0,499.0,3.7,4,11,economy,card,2026-05-22,1,Wrong Size
ORD004205,CUST01653,PROD016,Beauty,499,124.75,374.25,3.5,2,5,standard,card,2026-01-04,0,
ORD004206,CUST00766,PROD005,Fashion,1299,324.75,974.25,3.0,0,3,standard,card,2026-04-21,0,
ORD004207,CUST00906,PROD003,Home & Lifestyle,1999,599.7,1399.3,3.7,5,5,standard,card,2026-07-23,1,Product Not as Expected
ORD004208,CUST00008,PROD004,Books,499,74.85,424.15,4.2,2,3,standard,card,2026-05-12,0,
ORD004209,CUST00442,PROD007,Fashion,1299,389.7,909.3,4.4,5,5,standard,card,2026-03-18,1,Product Not as Expected
ORD004210,CUST01227,PROD005,Fashion,1299,324.75,974.25,2.6,0,6,standard,card,2026-08-15,0,
ORD004211,CUST01577,PROD005,Fashion,1299,0.0,1299.0,2.9,1,5,standard,upi,2026-05-19,1,Wrong Size
ORD004212,CUST01986,PROD017,Beauty,299,74.75,224.25,5.0,4,1,express,cod,2026-06-11,0,
ORD004213,CUST01156,PROD009,Home & Lifestyle,1999,499.75,1499.25,3.7,3,6,standard,card,2026-02-06,0,
ORD004214,CUST01953,PROD015,Beauty,2999,0.0,2999.0,2.5,5,5,standard,cod,2025-10-26,0,
ORD004215,CUST00226,PROD009,Home & Lifestyle,1999,0.0,1999.0,3.9,1,10,economy,cod,2026-06-28,0,
ORD004216,CUST00193,PROD010,Fashion,1299,324.75,974.25,4.9,5,9,economy,upi,2026-07-06,0,
ORD004217,CUST01606,PROD002,Books,4999,0.0,4999.0,3.7,2,6,standard,wallet,2026-07-13,1,Changed Mind
ORD004218,CUST01888,PROD004,Books,499,0.0,499.0,4.0,0,2,express,upi,2026-03-18,0,
ORD004219,CUST01829,PROD007,Fashion,1299,0.0,1299.0,4.9,5,3,standard,upi,2026-03-15,0,
ORD004220,CUST01503,PROD008,Home & Lifestyle,1299,0.0,1299.0,3.7,4,4,standard,wallet,2026-07-13,1,Product Not as Expected
ORD004221,CUST01004,PROD009,Home & Lifestyle,1999,0.0,1999.0,3.6,2,10,economy,upi,2026-06-20,0,
ORD004222,CUST01796,PROD002,Books,4999,0.0,4999.0,3.3,0,2,express,wallet,2026-03-19,1,Ordered by Mistake
ORD004223,CUST01556,PROD008,Home & Lifestyle,1299,0.0,1299.0,3.9,0,4,standard,cod,2026-08-25,1,Ordered by Mistake
ORD004224,CUST01163,PROD010,Fashion,1299,129.9,1169.1,4.9,1,3,standard,card,2026-05-21,1,Better Price Elsewhere
ORD004225,CUST00024,PROD008,Home & Lifestyle,1299,129.9,1169.1,3.8,4,2,express,upi,2026-01-06,0,
ORD004226,CUST01075,PROD018,Books,499,0.0,499.0,3.9,0,5,standard,card,2025-10-04,0,
ORD004227,CUST00681,PROD003,Home & Lifestyle,1999,199.9,1799.1,4.0,4,6,standard,card,2026-06-24,1,Better Price Elsewhere
ORD004228,CUST01450,PROD018,Books,499,0.0,499.0,3.8,3,9,economy,card,2025-11-25,0,
ORD004229,CUST01168,PROD007,Fashion,1299,324.75,974.25,4.7,5,3,standard,card,2026-02-01,1,Wrong Size
ORD004230,CUST00977,PROD005,Fashion,1299,194.85,1104.15,2.8,0,1,express,card,2026-04-25,0,
ORD004231,CUST01402,PROD007,Fashion,1299,0.0,1299.0,5.0,1,2,express,upi,2026-01-12,0,
ORD004232,CUST00912,PROD020,Books,4999,1249.75,3749.25,2.8,3,5,standard,upi,2026-08-22,0,
ORD004233,CUST01882,PROD014,Beauty,499,124.75,374.25,3.7,3,1,express,upi,2026-09-02,0,
ORD004234,CUST00775,PROD006,Books,1299,194.85,1104.15,2.6,3,2,express,card,2025-11-20,1,Wrong Size
ORD004235,CUST01384,PROD005,Fashion,1299,0.0,1299.0,3.0,0,2,express,upi,2025-11-20,1,Quality Issues
ORD004236,CUST00679,PROD001,Beauty,1999,199.9,1799.1,3.1,2,4,standard,upi,2026-09-09,0,
ORD004237,CUST00538,PROD007,Fashion,1299,0.0,1299.0,4.6,2,3,standard,card,2026-04-04,0,
ORD004238,CUST01604,PROD003,Home & Lifestyle,1999,0.0,1999.0,4.1,1,1,express,upi,2026-08-04,0,
ORD004239,CUST01175,PROD019,Electronics,1299,519.6,779.4,4.0,4,1,express,upi,2026-01-29,1,Damaged/Defective
ORD004240,CUST01423,PROD005,Fashion,1299,129.9,1169.1,2.8,4,5,standard,cod,2025-11-15,1,Quality Issues
ORD004241,CUST01529,PROD001,Beauty,1999,199.9,1799.1,2.9,0,1,express,card,2025-12-15,1,Wrong Size
ORD004242,CUST01289,PROD006,Books,1299,324.75,974.25,2.7,7,9,economy,card,2025-11-03,0,
ORD004243,CUST00978,PROD012,Beauty,4999,749.85,4249.15,3.9,1,4,standard,card,2026-07-31,1,Quality Issues
ORD004244,CUST00102,PROD009,Home & Lifestyle,1999,0.0,1999.0,3.7,2,3,standard,card,2025-09-29,0,
ORD004245,CUST01744,PROD012,Beauty,4999,1249.75,3749.25,4.1,2,3,standard,card,2026-01-18,0,
ORD004246,CUST00176,PROD019,Electronics,1299,0.0,1299.0,3.7,0,4,standard,upi,2026-03-17,0,
ORD004247,CUST00157,PROD004,Books,499,0.0,499.0,4.3,1,2,express,card,2026-02-17,1,Quality Issues
ORD004248,CUST00826,PROD006,Books,1299,0.0,1299.0,2.6,4,1,express,upi,2025-10-19,1,Damaged/Defective
ORD004249,CUST01044,PROD003,Home & Lifestyle,1999,399.8,1599.2,4.2,4,11,economy,card,2026-07-14,1,Damaged/Defective
ORD004250,CUST01866,PROD015,Beauty,2999,299.9,2699.1,2.5,7,4,standard,card,2026-05-08,0,
ORD004251,CUST01035,PROD016,Beauty,499,99.8,399.2,3.3,0,3,standard,upi,2026-03-31,1,Changed Mind
ORD004252,CUST00626,PROD019,Electronics,1299,259.8,1039.2,3.9,1,1,express,upi,2026-04-04,0,
ORD004253,CUST00070,PROD020,Books,4999,499.9,4499.1,3.2,0,6,standard,card,2026-06-17,0,
ORD004254,CUST01347,PROD006,Books,1299,0.0,1299.0,2.6,0,5,standard,upi,2026-05-17,0,
ORD004255,CUST01307,PROD010,Fashion,1299,324.75,974.25,4.5,0,2,express,card,2026-07-10,1,Changed Mind
ORD004256,CUST00374,PROD013,Home & Lifestyle,2999,0.0,2999.0,3.4,5,9,economy,upi,2026-05-31,0,
ORD004257,CUST01939,PROD020,Books,4999,749.85,4249.15,2.7,5,2,express,cod,2025-12-16,0,
ORD004258,CUST01041,PROD001,Beauty,1999,0.0,1999.0,3.0,0,5,standard,card,2026-06-04,0,
ORD004259,CUST01364,PROD002,Books,4999,999.8,3999.2,3.5,2,9,economy,upi,2025-12-14,0,
ORD004260,CUST00656,PROD009,Home & Lifestyle,1999,199.9,1799.1,4.0,0,2,express,upi,2025-12-03,0,
ORD004261,CUST01490,PROD020,Books,4999,0.0,4999.0,2.8,2,10,economy,upi,2026-08-09,1,Wrong Size
ORD004262,CUST00443,PROD002,Books,4999,0.0,4999.0,3.7,2,8,economy,card,2025-12-31,0,
ORD004263,CUST00012,PROD005,Fashion,1299,129.9,1169.1,2.9,1,6,standard,card,2025-11-14,1,Changed Mind
ORD004264,CUST00057,PROD002,Books,4999,999.8,3999.2,3.3,5,5,standard,card,2025-12-15,1,Better Price Elsewhere
ORD004265,CUST00567,PROD006,Books,1299,129.9,1169.1,2.8,4,5,standard,card,2026-08-04,0,
ORD004266,CUST00519,PROD017,Beauty,299,29.9,269.1,4.9,5,6,standard,card,2026-09-09,0,
ORD004267,CUST01732,PROD013,Home & Lifestyle,2999,299.9,2699.1,3.5,1,2,express,upi,2025-11-13,0,
ORD004268,CUST01606,PROD004,Books,499,149.7,349.3,4.1,6,5,standard,card,2025-09-19,0,
ORD004269,CUST01484,PROD014,Beauty,499,124.75,374.25,3.7,0,5,standard,card,2026-06-14,0,
ORD004270,CUST00714,PROD016,Beauty,499,124.75,374.25,3.2,0,4,standard,card,2026-02-10,1,Wrong Size
ORD004271,CUST01074,PROD005,Fashion,1299,259.8,1039.2,3.0,5,3,standard,card,2026-06-16,1,Damaged/Defective
ORD004272,CUST00695,PROD005,Fashion,1299,129.9,1169.1,2.7,3,5,standard,card,2026-06-13,1,Damaged/Defective
ORD004273,CUST01104,PROD015,Beauty,2999,0.0,2999.0,2.6,0,6,standard,upi,2026-02-15,1,Damaged/Defective
ORD004274,CUST00123,PROD005,Fashion,1299,0.0,1299.0,2.6,0,5,standard,cod,2025-10-16,0,
ORD004275,CUST01541,PROD007,Fashion,1299,0.0,1299.0,4.8,0,1,express,card,2026-06-30,0,
ORD004276,CUST01003,PROD008,Home & Lifestyle,1299,0.0,1299.0,3.6,2,4,standard,cod,2026-03-17,0,
ORD004277,CUST00533,PROD008,Home & Lifestyle,1299,194.85,1104.15,3.5,6,3,standard,upi,2025-12-27,1,Wrong Size
ORD004278,CUST00110,PROD003,Home & Lifestyle,1999,0.0,1999.0,4.1,1,2,express,card,2025-12-30,0,
ORD004279,CUST00054,PROD005,Fashion,1299,389.7,909.3,3.0,8,5,standard,upi,2025-10-21,1,Better Price Elsewhere
ORD004280,CUST00068,PROD015,Beauty,2999,449.85,2549.15,2.6,1,2,express,wallet,2026-08-24,0,
ORD004281,CUST00694,PROD011,Fashion,299,59.8,239.2,2.4,0,1,express,card,2025-12-06,1,Damaged/Defective
ORD004282,CUST01536,PROD011,Fashion,299,0.0,299.0,2.7,4,6,standard,card,2025-10-06,1,Quality Issues
ORD004283,CUST01164,PROD011,Fashion,299,74.75,224.25,2.6,4,5,standard,cod,2025-10-02,1,Product Not as Expected
ORD004284,CUST01633,PROD004,Books,499,49.9,449.1,4.1,2,6,standard,upi,2026-07-26,0,
ORD004285,CUST01265,PROD017,Beauty,299,59.8,239.2,4.5,1,3,standard,upi,2026-07-30,0,
ORD004286,CUST01549,PROD006,Books,1299,129.9,1169.1,2.3,4,6,standard,upi,2025-12-13,1,Product Not as Expected
ORD004287,CUST01495,PROD018,Books,499,49.9,449.1,3.7,0,5,standard,card,2026-03-26,0,
ORD004288,CUST01435,PROD008,Home & Lifestyle,1299,389.7,909.3,3.9,0,3,standard,card,2026-08-04,1,Wrong Size
ORD004289,CUST01601,PROD017,Beauty,299,0.0,299.0,4.5,7,3,standard,card,2026-02-28,0,
ORD004290,CUST00236,PROD013,Home & Lifestyle,2999,749.75,2249.25,3.5,0,8,economy,upi,2026-02-01,0,
ORD004291,CUST00260,PROD003,Home & Lifestyle,1999,0.0,1999.0,3.9,3,6,standard,card,2026-04-10,1,Ordered by Mistake
ORD004292,CUST00319,PROD004,Books,499,49.9,449.1,4.1,2,11,economy,card,2026-04-24,1,Better Price Elsewhere
ORD004293,CUST01072,PROD013,Home & Lifestyle,2999,299.9,2699.1,3.7,0,4,standard,upi,2026-05-10,0,
ORD004294,CUST00448,PROD002,Books,4999,1249.75,3749.25,3.4,0,4,standard,upi,2026-09-05,0,
ORD004295,CUST01850,PROD004,Books,499,49.9,449.1,4.1,1,1,express,card,2025-10-13,0,
ORD004296,CUST00647,PROD005,Fashion,1299,129.9,1169.1,2.8,2,3,standard,cod,2026-07-29,1,Changed Mind
ORD004297,CUST01920,PROD005,Fashion,1299,0.0,1299.0,3.1,3,3,standard,card,2026-07-23,1,Damaged/Defective
ORD004298,CUST00957,PROD009,Home & Lifestyle,1999,199.9,1799.1,4.2,0,2,express,upi,2026-01-28,0,
ORD004299,CUST01325,PROD007,Fashion,1299,259.8,1039.2,4.7,0,2,express,upi,2025-11-13,0,
ORD004300,CUST00498,PROD018,Books,499,74.85,424.15,3.5,0,10,economy,card,2026-07-27,0,
ORD004301,CUST01515,PROD001,Beauty,1999,299.85,1699.15,3.0,1,5,standard,card,2026-07-06,1,Better Price Elsewhere
ORD004302,CUST00676,PROD018,Books,499,74.85,424.15,3.7,3,5,standard,card,2026-04-11,0,
ORD004303,CUST00519,PROD002,Books,4999,0.0,4999.0,3.5,3,4,standard,card,2026-04-04,0,
ORD004304,CUST01707,PROD004,Books,499,0.0,499.0,4.2,7,3,standard,upi,2026-05-24,1,Ordered by Mistake
ORD004305,CUST00585,PROD011,Fashion,299,59.8,239.2,2.6,1,4,standard,upi,2026-04-26,1,Product Not as Expected
ORD004306,CUST01825,PROD017,Beauty,299,44.85,254.15,4.4,1,2,express,card,2026-07-13,0,
ORD004307,CUST01904,PROD008,Home & Lifestyle,1299,259.8,1039.2,3.7,8,10,economy,card,2026-04-02,1,Better Price Elsewhere
ORD004308,CUST00709,PROD009,Home & Lifestyle,1999,199.9,1799.1,3.6,2,3,standard,upi,2026-07-10,0,
ORD004309,CUST00603,PROD010,Fashion,1299,389.7,909.3,4.4,3,3,standard,card,2026-07-20,1,Better Price Elsewhere
ORD004310,CUST01508,PROD006,Books,1299,129.9,1169.1,2.7,2,1,express,card,2025-09-29,1,Ordered by Mistake
ORD004311,CUST01014,PROD014,Beauty,499,0.0,499.0,3.4,3,2,express,card,2026-03-10,0,
ORD004312,CUST01071,PROD007,Fashion,1299,324.75,974.25,4.9,1,5,standard,cod,2025-09-12,0,
ORD004313,CUST01088,PROD013,Home & Lifestyle,2999,0.0,2999.0,3.6,1,7,economy,card,2026-08-13,0,
ORD004314,CUST01711,PROD005,Fashion,1299,129.9,1169.1,3.1,0,5,standard,card,2026-02-06,1,Late Delivery
ORD004315,CUST01786,PROD008,Home & Lifestyle,1299,259.8,1039.2,3.6,1,5,standard,card,2026-01-04,0,
ORD004316,CUST01890,PROD003,Home & Lifestyle,1999,399.8,1599.2,4.2,1,6,standard,card,2026-06-25,1,Product Not as Expected
ORD004317,CUST01076,PROD017,Beauty,299,0.0,299.0,4.6,0,4,standard,card,2025-11-17,0,
ORD004318,CUST00836,PROD011,Fashion,299,74.75,224.25,2.7,1,4,standard,cod,2026-03-03,1,Damaged/Defective
ORD004319,CUST01656,PROD004,Books,499,199.6,299.4,4.3,1,1,express,card,2026-06-12,1,Product Not as Expected
ORD004320,CUST01572,PROD005,Fashion,1299,129.9,1169.1,2.9,2,2,express,upi,2026-06-01,0,
ORD004321,CUST01363,PROD018,Books,499,0.0,499.0,3.9,6,1,express,card,2026-07-13,0,
ORD004322,CUST00549,PROD011,Fashion,299,0.0,299.0,2.5,2,3,standard,upi,2025-11-30,1,Ordered by Mistake
ORD004323,CUST01605,PROD016,Beauty,499,99.8,399.2,3.3,7,1,express,card,2025-12-07,0,
ORD004324,CUST01347,PROD005,Fashion,1299,259.8,1039.2,2.8,3,1,express,card,2026-09-07,0,
ORD004325,CUST01781,PROD006,Books,1299,259.8,1039.2,2.3,4,1,express,card,2026-03-11,0,
ORD004326,CUST00068,PROD014,Beauty,499,124.75,374.25,3.8,0,3,standard,card,2026-01-06,0,
ORD004327,CUST01584,PROD011,Fashion,299,44.85,254.15,2.4,0,5,standard,card,2026-01-23,0,
ORD004328,CUST00028,PROD003,Home & Lifestyle,1999,0.0,1999.0,4.1,5,3,standard,upi,2026-06-29,0,
ORD004329,CUST01807,PROD005,Fashion,1299,194.85,1104.15,2.7,4,3,standard,upi,2026-04-30,0,
ORD004330,CUST00826,PROD011,Fashion,299,29.9,269.1,2.5,0,6,standard,cod,2026-06-07,1,Wrong Size
ORD004331,CUST00446,PROD012,Beauty,4999,749.85,4249.15,3.9,0,6,standard,card,2026-02-13,1,Changed Mind
ORD004332,CUST00896,PROD015,Beauty,2999,0.0,2999.0,2.3,5,11,economy,card,2026-01-02,0,
ORD004333,CUST01946,PROD019,Electronics,1299,0.0,1299.0,3.6,1,5,standard,card,2025-09-21,0,
ORD004334,CUST01336,PROD018,Books,499,124.75,374.25,3.5,1,4,standard,cod,2026-02-01,0,
ORD004335,CUST01224,PROD010,Fashion,1299,129.9,1169.1,4.9,2,1,express,card,2025-09-15,0,
ORD004336,CUST00252,PROD019,Electronics,1299,194.85,1104.15,3.8,0,6,standard,upi,2025-10-03,1,Wrong Size
ORD004337,CUST00527,PROD011,Fashion,299,44.85,254.15,2.3,2,6,standard,card,2026-08-24,0,
ORD004338,CUST00103,PROD004,Books,499,0.0,499.0,4.1,5,4,standard,upi,2026-01-15,0,
ORD004339,CUST00067,PROD020,Books,4999,0.0,4999.0,2.6,0,1,express,card,2025-12-25,0,
ORD004340,CUST00555,PROD005,Fashion,1299,129.9,1169.1,3.0,2,1,express,card,2026-08-30,1,Wrong Size
ORD004341,CUST01998,PROD001,Beauty,1999,199.9,1799.1,2.6,2,1,express,card,2025-11-02,0,
ORD004342,CUST00983,PROD010,Fashion,1299,129.9,1169.1,4.5,0,4,standard,cod,2025-09-25,1,Ordered by Mistake
ORD004343,CUST00643,PROD018,Books,499,49.9,449.1,3.7,0,1,express,card,2026-03-30,0,
ORD004344,CUST00064,PROD004,Books,499,99.8,399.2,3.9,1,5,standard,upi,2026-05-12,0,
ORD004345,CUST00274,PROD012,Beauty,4999,1999.6,2999.4,4.3,0,6,standard,card,2025-09-17,0,
ORD004346,CUST00025,PROD020,Books,4999,1499.7,3499.3,2.6,0,4,standard,card,2026-06-02,1,Damaged/Defective
ORD004347,CUST00516,PROD010,Fashion,1299,194.85,1104.15,4.8,2,7,economy,cod,2026-01-10,1,Ordered by Mistake
ORD004348,CUST00410,PROD010,Fashion,1299,194.85,1104.15,4.6,3,6,standard,card,2026-07-20,0,
ORD004349,CUST00311,PROD010,Fashion,1299,0.0,1299.0,4.6,3,5,standard,card,2026-08-08,0,
ORD004350,CUST00835,PROD019,Electronics,1299,129.9,1169.1,4.2,8,4,standard,card,2026-07-07,1,Late Delivery
ORD004351,CUST00105,PROD009,Home & Lifestyle,1999,299.85,1699.15,3.9,0,2,express,card,2025-11-01,1,Late Delivery
ORD004352,CUST01670,PROD005,Fashion,1299,0.0,1299.0,3.0,0,5,standard,card,2025-09-14,1,Wrong Size
ORD004353,CUST00914,PROD010,Fashion,1299,0.0,1299.0,4.9,1,2,express,card,2026-04-18,1,Quality Issues
ORD004354,CUST01967,PROD015,Beauty,2999,749.75,2249.25,2.7,3,3,standard,card,2026-01-23,1,Product Not as Expected
ORD004355,CUST00137,PROD014,Beauty,499,0.0,499.0,3.6,1,3,standard,card,2025-11-16,1,Better Price Elsewhere
ORD004356,CUST01374,PROD019,Electronics,1299,259.8,1039.2,4.1,3,5,standard,card,2026-08-02,1,Late Delivery
ORD004357,CUST01748,PROD009,Home & Lifestyle,1999,599.7,1399.3,3.9,4,6,standard,upi,2026-06-27,0,
ORD004358,CUST01647,PROD003,Home & Lifestyle,1999,499.75,1499.25,4.1,3,3,standard,upi,2026-07-24,1,Quality Issues
ORD004359,CUST01465,PROD017,Beauty,299,59.8,239.2,4.7,8,6,standard,card,2025-12-26,1,Late Delivery
ORD004360,CUST00850,PROD015,Beauty,2999,899.7,2099.3,2.7,6,4,standard,upi,2026-08-09,1,Damaged/Defective
ORD004361,CUST00840,PROD010,Fashion,1299,519.6,779.4,4.9,5,3,standard,upi,2026-05-12,1,Quality Issues
ORD004362,CUST01549,PROD012,Beauty,4999,1499.7,3499.3,4.4,0,5,standard,card,2026-09-03,0,
ORD004363,CUST01517,PROD006,Books,1299,259.8,1039.2,2.6,1,5,standard,card,2026-01-26,1,Changed Mind
ORD004364,CUST00037,PROD005,Fashion,1299,0.0,1299.0,2.8,0,5,standard,upi,2026-02-28,0,
ORD004365,CUST00519,PROD010,Fashion,1299,129.9,1169.1,4.7,7,1,express,cod,2025-10-11,1,Changed Mind
ORD004366,CUST00077,PROD004,Books,499,74.85,424.15,4.2,0,2,express,card,2026-03-21,1,Ordered by Mistake
ORD004367,CUST00791,PROD004,Books,499,199.6,299.4,4.1,1,7,economy,card,2025-12-29,0,
ORD004368,CUST01047,PROD010,Fashion,1299,324.75,974.25,4.6,5,3,standard,card,2025-10-12,0,
ORD004369,CUST01933,PROD006,Books,1299,324.75,974.25,2.3,1,9,economy,card,2026-03-15,1,Late Delivery
ORD004370,CUST01208,PROD017,Beauty,299,29.9,269.1,4.4,7,3,standard,card,2026-07-17,0,
ORD004371,CUST01704,PROD011,Fashion,299,0.0,299.0,2.7,0,2,express,cod,2025-09-21,1,Ordered by Mistake
ORD004372,CUST00008,PROD019,Electronics,1299,0.0,1299.0,4.0,0,9,economy,wallet,2025-09-20,0,
ORD004373,CUST01401,PROD007,Fashion,1299,0.0,1299.0,4.9,1,6,standard,card,2026-08-06,1,Wrong Size
ORD004374,CUST00320,PROD009,Home & Lifestyle,1999,299.85,1699.15,3.7,6,4,standard,upi,2025-10-09,0,
ORD004375,CUST00770,PROD006,Books,1299,389.7,909.3,2.3,2,3,standard,card,2026-07-10,1,Ordered by Mistake
ORD004376,CUST01398,PROD002,Books,4999,0.0,4999.0,3.6,1,6,standard,card,2026-03-12,1,Quality Issues
ORD004377,CUST01108,PROD002,Books,4999,499.9,4499.1,3.4,1,2,express,card,2026-07-14,0,
ORD004378,CUST00431,PROD020,Books,4999,0.0,4999.0,3.0,0,2,express,card,2026-08-27,0,
ORD004379,CUST01517,PROD007,Fashion,1299,0.0,1299.0,4.7,3,11,economy,cod,2026-04-28,0,
ORD004380,CUST01218,PROD002,Books,4999,1999.6,2999.4,3.4,3,4,standard,card,2026-04-23,1,Changed Mind
ORD004381,CUST01338,PROD008,Home & Lifestyle,1299,194.85,1104.15,3.9,0,6,standard,cod,2026-08-02,0,
ORD004382,CUST00169,PROD010,Fashion,1299,0.0,1299.0,4.5,5,4,standard,card,2025-09-18,1,Wrong Size
ORD004383,CUST01606,PROD006,Books,1299,0.0,1299.0,2.9,0,5,standard,cod,2026-02-10,0,
ORD004384,CUST01139,PROD010,Fashion,1299,194.85,1104.15,5.0,0,6,standard,wallet,2026-05-03,1,Ordered by Mistake
ORD004385,CUST00946,PROD014,Beauty,499,74.85,424.15,3.8,2,1,express,card,2026-08-21,0,
ORD004386,CUST01975,PROD018,Books,499,0.0,499.0,3.8,2,3,standard,upi,2026-04-30,1,Late Delivery
ORD004387,CUST01917,PROD012,Beauty,4999,499.9,4499.1,4.0,0,5,standard,card,2026-02-02,0,
ORD004388,CUST00483,PROD009,Home & Lifestyle,1999,499.75,1499.25,3.7,3,3,standard,card,2025-10-26,0,
ORD004389,CUST00702,PROD002,Books,4999,1249.75,3749.25,3.8,2,1,express,upi,2026-02-14,0,
ORD004390,CUST01540,PROD013,Home & Lifestyle,2999,299.9,2699.1,3.5,2,3,standard,upi,2026-03-26,0,
ORD004391,CUST01374,PROD010,Fashion,1299,0.0,1299.0,4.5,2,6,standard,cod,2026-07-24,1,Product Not as Expected
ORD004392,CUST01695,PROD017,Beauty,299,59.8,239.2,4.8,0,4,standard,card,2026-06-14,0,
ORD004393,CUST00269,PROD009,Home & Lifestyle,1999,199.9,1799.1,3.9,0,2,express,card,2026-06-20,0,
ORD004394,CUST01198,PROD008,Home & Lifestyle,1299,0.0,1299.0,3.5,3,11,economy,card,2026-01-13,1,Late Delivery
ORD004395,CUST01351,PROD017,Beauty,299,74.75,224.25,4.7,6,5,standard,card,2025-11-13,0,
ORD004396,CUST00658,PROD011,Fashion,299,59.8,239.2,2.3,6,3,standard,upi,2025-12-27,0,
ORD004397,CUST00357,PROD008,Home & Lifestyle,1299,259.8,1039.2,3.7,1,4,standard,upi,2026-03-08,0,
ORD004398,CUST00141,PROD005,Fashion,1299,129.9,1169.1,3.0,0,3,standard,card,2026-01-31,0,
ORD004399,CUST00014,PROD008,Home & Lifestyle,1299,259.8,1039.2,3.6,0,1,express,card,2026-06-25,0,
ORD004400,CUST00972,PROD010,Fashion,1299,129.9,1169.1,4.8,3,5,standard,card,2025-12-03,0,
ORD004401,CUST00357,PROD017,Beauty,299,0.0,299.0,4.7,7,8,economy,upi,2025-11-27,1,Ordered by Mistake
ORD004402,CUST01125,PROD002,Books,4999,1499.7,3499.3,3.5,5,5,standard,card,2026-08-10,0,
ORD004403,CUST00963,PROD009,Home & Lifestyle,1999,0.0,1999.0,3.7,0,2,express,card,2026-02-10,0,
ORD004404,CUST01279,PROD010,Fashion,1299,129.9,1169.1,4.5,0,3,standard,card,2026-01-08,0,
ORD004405,CUST00668,PROD018,Books,499,49.9,449.1,3.5,4,1,express,cod,2025-10-02,0,
ORD004406,CUST01200,PROD014,Beauty,499,124.75,374.25,3.7,0,5,standard,cod,2026-08-30,1,Quality Issues
ORD004407,CUST00545,PROD004,Books,499,99.8,399.2,4.5,0,5,standard,upi,2026-05-25,0,
ORD004408,CUST01973,PROD016,Beauty,499,74.85,424.15,3.6,2,4,standard,upi,2025-11-30,1,Wrong Size
ORD004409,CUST01352,PROD008,Home & Lifestyle,1299,0.0,1299.0,3.7,0,1,express,card,2025-10-05,0,
ORD004410,CUST01138,PROD016,Beauty,499,0.0,499.0,3.2,0,3,standard,wallet,2025-11-10,1,Changed Mind
ORD004411,CUST00083,PROD004,Books,499,0.0,499.0,4.3,0,3,standard,card,2026-07-04,0,
ORD004412,CUST01215,PROD015,Beauty,2999,0.0,2999.0,2.8,2,1,express,card,2026-01-21,0,
ORD004413,CUST00627,PROD019,Electronics,1299,259.8,1039.2,3.8,2,5,standard,card,2025-12-29,0,
ORD004414,CUST01564,PROD012,Beauty,4999,749.85,4249.15,4.4,1,5,standard,upi,2026-03-01,1,Changed Mind
ORD004415,CUST00636,PROD019,Electronics,1299,389.7,909.3,3.9,3,5,standard,card,2026-03-17,0,
ORD004416,CUST01605,PROD008,Home & Lifestyle,1299,194.85,1104.15,4.0,0,5,standard,upi,2026-05-21,0,
ORD004417,CUST01814,PROD005,Fashion,1299,259.8,1039.2,2.9,3,5,standard,upi,2026-06-13,1,Changed Mind
ORD004418,CUST00362,PROD008,Home & Lifestyle,1299,0.0,1299.0,3.9,0,5,standard,card,2026-04-09,0,
ORD004419,CUST00145,PROD019,Electronics,1299,519.6,779.4,3.8,1,2,express,card,2025-10-11,1,Product Not as Expected
ORD004420,CUST00291,PROD019,Electronics,1299,194.85,1104.15,3.6,1,5,standard,upi,2026-04-04,0,
ORD004421,CUST01918,PROD002,Books,4999,1499.7,3499.3,3.3,1,5,standard,card,2026-03-21,0,
ORD004422,CUST00279,PROD003,Home & Lifestyle,1999,399.8,1599.2,3.8,2,2,express,cod,2026-06-07,1,Late Delivery
ORD004423,CUST01218,PROD016,Beauty,499,124.75,374.25,3.7,1,4,standard,card,2025-09-30,0,
ORD004424,CUST01079,PROD016,Beauty,499,74.85,424.15,3.6,0,5,standard,upi,2026-08-15,0,
ORD004425,CUST01553,PROD017,Beauty,299,89.7,209.3,4.7,2,2,express,cod,2026-02-11,0,
ORD004426,CUST00866,PROD018,Books,499,49.9,449.1,3.4,5,2,express,card,2026-08-15,1,Late Delivery
ORD004427,CUST00028,PROD011,Fashion,299,29.9,269.1,2.2,5,1,express,upi,2025-11-16,0,
ORD004428,CUST00077,PROD017,Beauty,299,29.9,269.1,4.7,1,2,express,cod,2026-03-05,0,
ORD004429,CUST01249,PROD007,Fashion,1299,194.85,1104.15,4.4,2,2,express,card,2025-12-20,0,
ORD004430,CUST01334,PROD013,Home & Lifestyle,2999,449.85,2549.15,3.6,5,3,standard,card,2026-03-21,0,
ORD004431,CUST00657,PROD013,Home & Lifestyle,2999,599.8,2399.2,3.3,1,6,standard,card,2025-12-30,0,
ORD004432,CUST01902,PROD017,Beauty,299,74.75,224.25,4.7,2,1,express,upi,2025-10-25,1,Late Delivery
ORD004433,CUST01271,PROD002,Books,4999,499.9,4499.1,3.5,5,1,express,card,2025-12-27,0,
ORD004434,CUST01531,PROD008,Home & Lifestyle,1299,389.7,909.3,3.5,1,5,standard,upi,2026-01-20,0,
ORD004435,CUST00008,PROD007,Fashion,1299,519.6,779.4,4.4,0,5,standard,card,2026-01-30,0,
ORD004436,CUST01102,PROD006,Books,1299,324.75,974.25,2.5,3,2,express,cod,2025-11-24,1,Wrong Size
ORD004437,CUST00353,PROD018,Books,499,74.85,424.15,3.7,1,1,express,card,2025-10-29,0,
ORD004438,CUST00288,PROD017,Beauty,299,59.8,239.2,4.4,5,5,standard,card,2026-05-12,1,Changed Mind
ORD004439,CUST01275,PROD016,Beauty,499,49.9,449.1,3.6,4,3,standard,upi,2025-12-02,1,Ordered by Mistake
ORD004440,CUST01236,PROD020,Books,4999,0.0,4999.0,2.7,5,6,standard,card,2026-05-19,1,Better Price Elsewhere
ORD004441,CUST00287,PROD019,Electronics,1299,0.0,1299.0,3.7,1,1,express,upi,2026-05-20,0,
ORD004442,CUST00623,PROD009,Home & Lifestyle,1999,0.0,1999.0,3.9,2,7,economy,upi,2026-07-30,0,
ORD004443,CUST00472,PROD006,Books,1299,324.75,974.25,2.8,0,6,standard,card,2026-07-20,1,Wrong Size
ORD004444,CUST01311,PROD010,Fashion,1299,0.0,1299.0,4.9,0,5,standard,upi,2025-11-26,1,Damaged/Defective
ORD004445,CUST01147,PROD002,Books,4999,1499.7,3499.3,3.7,4,6,standard,card,2026-09-06,1,Ordered by Mistake
ORD004446,CUST01825,PROD014,Beauty,499,49.9,449.1,3.6,0,6,standard,upi,2026-02-18,0,
ORD004447,CUST00604,PROD013,Home & Lifestyle,2999,599.8,2399.2,3.6,4,5,standard,card,2025-09-22,1,Quality Issues
ORD004448,CUST01405,PROD020,Books,4999,0.0,4999.0,2.9,0,5,standard,cod,2026-08-16,0,
ORD004449,CUST00052,PROD011,Fashion,299,0.0,299.0,2.5,0,6,standard,upi,2026-05-21,0,
ORD004450,CUST00175,PROD016,Beauty,499,0.0,499.0,3.4,2,4,standard,card,2025-10-12,1,Better Price Elsewhere
ORD004451,CUST01112,PROD007,Fashion,1299,194.85,1104.15,4.8,4,4,standard,wallet,2026-03-13,0,
ORD004452,CUST01581,PROD009,Home & Lifestyle,1999,599.7,1399.3,3.9,0,7,economy,wallet,2026-04-03,0,
ORD004453,CUST00351,PROD015,Beauty,2999,449.85,2549.15,2.5,0,1,express,card,2025-12-31,0,
ORD004454,CUST01774,PROD009,Home & Lifestyle,1999,199.9,1799.1,3.8,0,4,standard,card,2025-10-03,0,
ORD004455,CUST00567,PROD018,Books,499,99.8,399.2,3.5,8,5,standard,upi,2025-11-19,1,Damaged/Defective
ORD004456,CUST00498,PROD003,Home & Lifestyle,1999,799.6,1199.4,3.8,3,6,standard,upi,2025-12-12,1,Ordered by Mistake
ORD004457,CUST01912,PROD001,Beauty,1999,399.8,1599.2,2.8,2,3,standard,card,2025-10-02,0,
ORD004458,CUST01610,PROD009,Home & Lifestyle,1999,0.0,1999.0,4.0,8,6,standard,card,2025-11-11,0,
ORD004459,CUST01907,PROD004,Books,499,49.9,449.1,4.2,2,1,express,card,2026-01-13,0,
ORD004460,CUST00564,PROD001,Beauty,1999,0.0,1999.0,2.9,5,6,standard,card,2025-09-30,1,Product Not as Expected
ORD004461,CUST00023,PROD009,Home & Lifestyle,1999,299.85,1699.15,4.0,7,5,standard,card,2025-12-08,1,Ordered by Mistake
ORD004462,CUST00740,PROD011,Fashion,299,29.9,269.1,2.4,1,3,standard,card,2026-02-21,0,
ORD004463,CUST01313,PROD002,Books,4999,0.0,4999.0,3.6,1,11,economy,card,2026-06-17,1,Damaged/Defective
ORD004464,CUST01961,PROD013,Home & Lifestyle,2999,1199.6,1799.4,3.1,1,2,express,card,2025-12-17,1,Wrong Size
ORD004465,CUST01005,PROD009,Home & Lifestyle,1999,0.0,1999.0,4.0,2,2,express,wallet,2026-05-14,0,
ORD004466,CUST01266,PROD020,Books,4999,0.0,4999.0,2.9,0,1,express,cod,2026-07-04,1,Wrong Size
ORD004467,CUST00802,PROD017,Beauty,299,0.0,299.0,5.0,0,5,standard,cod,2026-01-24,1,Ordered by Mistake
ORD004468,CUST00840,PROD006,Books,1299,0.0,1299.0,2.5,7,3,standard,card,2025-10-01,0,
ORD004469,CUST00862,PROD018,Books,499,0.0,499.0,3.8,0,2,express,cod,2026-02-13,0,
ORD004470,CUST01390,PROD013,Home & Lifestyle,2999,299.9,2699.1,3.6,2,3,standard,upi,2026-06-06,0,
ORD004471,CUST01957,PROD013,Home & Lifestyle,2999,0.0,2999.0,3.4,6,6,standard,card,2025-10-09,0,
ORD004472,CUST00613,PROD004,Books,499,49.9,449.1,4.1,5,2,express,card,2025-10-20,0,
ORD004473,CUST01984,PROD011,Fashion,299,29.9,269.1,2.6,0,1,express,card,2026-03-04,0,
ORD004474,CUST01590,PROD014,Beauty,499,0.0,499.0,3.6,5,3,standard,card,2026-04-02,0,
ORD004475,CUST01912,PROD015,Beauty,2999,599.8,2399.2,2.5,1,8,economy,upi,2026-05-01,0,
ORD004476,CUST01570,PROD008,Home & Lifestyle,1299,259.8,1039.2,3.6,3,2,express,card,2025-11-16,0,
ORD004477,CUST00650,PROD008,Home & Lifestyle,1299,324.75,974.25,3.6,1,6,standard,card,2025-11-25,0,
ORD004478,CUST00334,PROD015,Beauty,2999,449.85,2549.15,2.8,2,1,express,card,2026-03-17,1,Quality Issues
ORD004479,CUST01842,PROD002,Books,4999,499.9,4499.1,3.3,4,4,standard,card,2026-08-26,0,
ORD004480,CUST00537,PROD012,Beauty,4999,0.0,4999.0,3.9,0,1,express,card,2026-01-02,0,
ORD004481,CUST01041,PROD012,Beauty,4999,0.0,4999.0,3.9,1,5,standard,cod,2026-01-12,0,
ORD004482,CUST01725,PROD005,Fashion,1299,259.8,1039.2,2.6,2,4,standard,card,2026-05-24,0,
ORD004483,CUST01345,PROD011,Fashion,299,89.7,209.3,2.8,4,3,standard,upi,2026-05-04,0,
ORD004484,CUST01523,PROD020,Books,4999,499.9,4499.1,3.0,2,2,express,upi,2026-09-09,0,
ORD004485,CUST00800,PROD020,Books,4999,499.9,4499.1,2.8,4,1,express,card,2025-11-05,0,
ORD004486,CUST01583,PROD017,Beauty,299,0.0,299.0,4.7,5,6,standard,upi,2026-08-04,1,Product Not as Expected
ORD004487,CUST00961,PROD013,Home & Lifestyle,2999,599.8,2399.2,3.2,6,5,standard,card,2025-12-09,1,Product Not as Expected
ORD004488,CUST00660,PROD008,Home & Lifestyle,1299,0.0,1299.0,3.5,0,5,standard,card,2026-08-13,1,Damaged/Defective
ORD004489,CUST01508,PROD008,Home & Lifestyle,1299,129.9,1169.1,4.0,2,1,express,card,2026-05-14,0,
ORD004490,CUST00292,PROD019,Electronics,1299,194.85,1104.15,3.7,2,4,standard,upi,2026-07-10,1,Damaged/Defective
ORD004491,CUST00688,PROD003,Home & Lifestyle,1999,199.9,1799.1,3.7,3,6,standard,upi,2026-01-09,0,
ORD004492,CUST00022,PROD012,Beauty,4999,499.9,4499.1,4.1,1,7,economy,wallet,2026-03-03,1,Quality Issues
ORD004493,CUST01213,PROD005,Fashion,1299,0.0,1299.0,3.0,0,6,standard,card,2025-09-21,1,Quality Issues
ORD004494,CUST01582,PROD004,Books,499,49.9,449.1,4.2,2,1,express,cod,2026-04-01,1,Wrong Size
ORD004495,CUST00946,PROD008,Home & Lifestyle,1299,129.9,1169.1,3.9,0,2,express,card,2026-03-07,1,Ordered by Mistake
ORD004496,CUST01862,PROD006,Books,1299,0.0,1299.0,2.5,7,2,express,cod,2026-07-23,0,
ORD004497,CUST00231,PROD007,Fashion,1299,519.6,779.4,4.9,1,1,express,card,2026-02-12,0,
ORD004498,CUST00991,PROD020,Books,4999,749.85,4249.15,3.0,0,4,standard,upi,2025-11-03,1,Wrong Size
ORD004499,CUST01955,PROD008,Home & Lifestyle,1299,194.85,1104.15,3.7,0,5,standard,card,2026-03-27,1,Product Not as Expected
ORD004500,CUST01484,PROD008,Home & Lifestyle,1299,324.75,974.25,3.4,4,2,express,upi,2026-06-08,0,
ORD004501,CUST01163,PROD008,Home & Lifestyle,1299,129.9,1169.1,3.9,0,3,standard,upi,2026-03-31,0,
ORD004502,CUST01746,PROD008,Home & Lifestyle,1299,129.9,1169.1,3.5,2,1,express,cod,2026-04-26,1,Ordered by Mistake
ORD004503,CUST01937,PROD018,Books,499,99.8,399.2,3.7,0,2,express,card,2026-06-04,0,
ORD004504,CUST00910,PROD018,Books,499,74.85,424.15,3.5,1,9,economy,upi,2026-06-08,1,Changed Mind
ORD004505,CUST01505,PROD020,Books,4999,0.0,4999.0,3.1,0,4,standard,upi,2026-08-25,0,
ORD004506,CUST00381,PROD013,Home & Lifestyle,2999,299.9,2699.1,3.1,5,6,standard,card,2025-10-19,1,Better Price Elsewhere
ORD004507,CUST01656,PROD007,Fashion,1299,194.85,1104.15,4.5,4,6,standard,wallet,2026-08-31,1,Wrong Size
ORD004508,CUST00019,PROD005,Fashion,1299,129.9,1169.1,2.8,0,3,standard,upi,2025-10-19,1,Wrong Size
ORD004509,CUST01437,PROD009,Home & Lifestyle,1999,799.6,1199.4,3.6,7,3,standard,card,2026-01-29,0,
ORD004510,CUST00772,PROD006,Books,1299,0.0,1299.0,2.4,0,7,economy,card,2026-07-19,1,Wrong Size
ORD004511,CUST00582,PROD008,Home & Lifestyle,1299,389.7,909.3,3.8,3,2,express,card,2025-09-12,1,Changed Mind
ORD004512,CUST00443,PROD011,Fashion,299,119.6,179.4,2.3,6,5,standard,card,2025-10-09,0,
ORD004513,CUST00748,PROD007,Fashion,1299,0.0,1299.0,4.9,3,4,standard,cod,2025-11-01,0,
ORD004514,CUST00889,PROD001,Beauty,1999,499.75,1499.25,2.8,1,1,express,upi,2026-04-29,1,Quality Issues
ORD004515,CUST01214,PROD018,Books,499,49.9,449.1,3.9,0,5,standard,card,2025-11-23,0,
ORD004516,CUST00089,PROD019,Electronics,1299,194.85,1104.15,3.8,5,3,standard,upi,2026-05-17,1,Wrong Size
ORD004517,CUST01811,PROD010,Fashion,1299,389.7,909.3,4.8,2,1,express,upi,2026-09-01,0,
ORD004518,CUST00690,PROD017,Beauty,299,74.75,224.25,4.7,0,5,standard,upi,2025-10-14,1,Damaged/Defective
ORD004519,CUST01924,PROD012,Beauty,4999,0.0,4999.0,4.1,4,4,standard,upi,2026-04-17,0,
ORD004520,CUST01482,PROD011,Fashion,299,44.85,254.15,2.5,1,2,express,upi,2026-01-18,0,
ORD004521,CUST00297,PROD014,Beauty,499,74.85,424.15,3.3,3,4,standard,upi,2025-10-16,1,Wrong Size
ORD004522,CUST00278,PROD001,Beauty,1999,199.9,1799.1,2.6,0,4,standard,cod,2025-12-21,0,
ORD004523,CUST00536,PROD007,Fashion,1299,194.85,1104.15,4.7,2,7,economy,card,2026-07-15,0,
ORD004524,CUST01463,PROD007,Fashion,1299,0.0,1299.0,4.9,0,2,express,card,2026-01-21,0,
ORD004525,CUST00590,PROD002,Books,4999,0.0,4999.0,3.4,5,1,express,card,2026-03-22,0,
ORD004526,CUST00707,PROD005,Fashion,1299,259.8,1039.2,2.7,1,2,express,upi,2025-10-25,0,
ORD004527,CUST01465,PROD005,Fashion,1299,129.9,1169.1,3.0,2,1,express,upi,2026-06-30,1,Damaged/Defective
ORD004528,CUST01544,PROD006,Books,1299,0.0,1299.0,2.7,6,1,express,upi,2026-02-14,0,
ORD004529,CUST01158,PROD004,Books,499,0.0,499.0,4.2,2,1,express,wallet,2026-06-14,0,
ORD004530,CUST00302,PROD007,Fashion,1299,389.7,909.3,4.8,3,1,express,upi,2026-08-21,1,Changed Mind
ORD004531,CUST01553,PROD008,Home & Lifestyle,1299,259.8,1039.2,3.7,1,1,express,card,2026-08-11,0,
ORD004532,CUST00723,PROD014,Beauty,499,0.0,499.0,3.5,3,2,express,cod,2026-01-15,1,Product Not as Expected
ORD004533,CUST00289,PROD015,Beauty,2999,299.9,2699.1,2.6,0,2,express,card,2026-03-08,1,Ordered by Mistake
ORD004534,CUST01972,PROD018,Books,499,99.8,399.2,3.6,2,7,economy,card,2026-06-21,0,
ORD004535,CUST00860,PROD019,Electronics,1299,0.0,1299.0,4.1,2,4,standard,upi,2025-10-16,0,
ORD004536,CUST00142,PROD009,Home & Lifestyle,1999,199.9,1799.1,4.0,0,6,standard,card,2026-07-09,0,
ORD004537,CUST01157,PROD018,Books,499,0.0,499.0,3.7,3,3,standard,upi,2026-03-28,0,
ORD004538,CUST01767,PROD008,Home & Lifestyle,1299,0.0,1299.0,3.8,0,3,standard,card,2026-07-04,0,
ORD004539,CUST00285,PROD002,Books,4999,1249.75,3749.25,3.4,1,4,standard,upi,2026-05-27,0,
ORD004540,CUST01799,PROD007,Fashion,1299,389.7,909.3,4.4,0,2,express,upi,2025-09-17,0,
ORD004541,CUST00267,PROD014,Beauty,499,199.6,299.4,3.4,7,10,economy,upi,2026-01-14,1,Product Not as Expected
ORD004542,CUST01746,PROD002,Books,4999,0.0,4999.0,3.3,7,3,standard,card,2025-12-29,1,Late Delivery
ORD004543,CUST00655,PROD004,Books,499,0.0,499.0,4.2,4,6,standard,upi,2026-05-17,0,
ORD004544,CUST01361,PROD002,Books,4999,749.85,4249.15,3.4,5,4,standard,card,2025-11-14,0,
ORD004545,CUST01270,PROD007,Fashion,1299,0.0,1299.0,4.8,0,4,standard,card,2026-03-03,0,
ORD004546,CUST01028,PROD020,Books,4999,1249.75,3749.25,3.0,4,5,standard,card,2026-01-10,1,Product Not as Expected
ORD004547,CUST00604,PROD011,Fashion,299,59.8,239.2,2.5,4,5,standard,upi,2026-05-21,0,
ORD004548,CUST01631,PROD020,Books,4999,1999.6,2999.4,3.1,2,4,standard,upi,2025-12-28,0,
ORD004549,CUST00147,PROD017,Beauty,299,89.7,209.3,5.0,2,3,standard,card,2026-01-06,0,
ORD004550,CUST01518,PROD004,Books,499,199.6,299.4,4.5,0,2,express,card,2026-03-19,0,
ORD004551,CUST01147,PROD020,Books,4999,499.9,4499.1,2.7,3,3,standard,card,2026-09-04,0,
ORD004552,CUST00315,PROD017,Beauty,299,29.9,269.1,4.9,8,6,standard,card,2026-02-22,0,
ORD004553,CUST00603,PROD008,Home & Lifestyle,1299,0.0,1299.0,3.8,1,4,standard,card,2026-06-30,0,
ORD004554,CUST00686,PROD002,Books,4999,1249.75,3749.25,3.5,7,2,express,cod,2026-05-30,0,
ORD004555,CUST00790,PROD019,Electronics,1299,0.0,1299.0,4.0,0,4,standard,card,2026-02-13,0,
ORD004556,CUST01030,PROD003,Home & Lifestyle,1999,299.85,1699.15,4.2,3,6,standard,upi,2025-10-22,1,Better Price Elsewhere
ORD004557,CUST00590,PROD006,Books,1299,0.0,1299.0,2.6,2,4,standard,card,2026-08-07,0,
ORD004558,CUST01297,PROD006,Books,1299,259.8,1039.2,2.9,2,5,standard,card,2025-09-29,0,
ORD004559,CUST00653,PROD012,Beauty,4999,499.9,4499.1,4.2,2,8,economy,card,2025-10-20,1,Changed Mind
ORD004560,CUST00856,PROD011,Fashion,299,44.85,254.15,2.7,2,4,standard,upi,2026-01-02,1,Quality Issues
ORD004561,CUST01134,PROD011,Fashion,299,74.75,224.25,2.4,2,2,express,upi,2026-06-18,1,Changed Mind
ORD004562,CUST00895,PROD009,Home & Lifestyle,1999,299.85,1699.15,3.9,0,2,express,card,2026-04-11,0,
ORD004563,CUST01320,PROD009,Home & Lifestyle,1999,199.9,1799.1,4.1,2,5,standard,upi,2026-05-19,0,
ORD004564,CUST00376,PROD015,Beauty,2999,599.8,2399.2,2.4,3,5,standard,card,2026-06-14,1,Changed Mind
ORD004565,CUST01585,PROD007,Fashion,1299,0.0,1299.0,4.8,4,3,standard,cod,2026-06-09,0,
ORD004566,CUST00379,PROD011,Fashion,299,74.75,224.25,2.6,2,11,economy,card,2026-03-09,0,
ORD004567,CUST00482,PROD011,Fashion,299,29.9,269.1,2.2,2,2,express,card,2026-08-10,1,Wrong Size
ORD004568,CUST01092,PROD010,Fashion,1299,129.9,1169.1,4.7,0,9,economy,cod,2026-07-21,0,
ORD004569,CUST01618,PROD003,Home & Lifestyle,1999,399.8,1599.2,4.2,3,3,standard,card,2026-06-24,1,Quality Issues
ORD004570,CUST01934,PROD015,Beauty,2999,0.0,2999.0,2.6,0,6,standard,upi,2025-09-29,1,Product Not as Expected
ORD004571,CUST00166,PROD004,Books,499,0.0,499.0,4.1,5,5,standard,wallet,2026-02-15,1,Quality Issues
ORD004572,CUST00737,PROD012,Beauty,4999,0.0,4999.0,4.1,0,6,standard,card,2026-02-07,0,
ORD004573,CUST00047,PROD005,Fashion,1299,129.9,1169.1,2.6,1,1,express,card,2025-10-09,0,
ORD004574,CUST01091,PROD002,Books,4999,1249.75,3749.25,3.7,5,4,standard,card,2025-09-22,1,Better Price Elsewhere
ORD004575,CUST01399,PROD011,Fashion,299,44.85,254.15,2.5,5,4,standard,card,2026-06-04,0,
ORD004576,CUST01959,PROD012,Beauty,4999,0.0,4999.0,4.4,0,2,express,upi,2025-09-17,1,Better Price Elsewhere
ORD004577,CUST01201,PROD012,Beauty,4999,0.0,4999.0,4.1,0,6,standard,upi,2026-03-19,0,
ORD004578,CUST00153,PROD007,Fashion,1299,194.85,1104.15,4.8,5,2,express,card,2026-05-23,0,
ORD004579,CUST01099,PROD011,Fashion,299,0.0,299.0,2.5,0,10,economy,card,2026-03-16,0,
ORD004580,CUST00870,PROD016,Beauty,499,74.85,424.15,3.2,2,1,express,upi,2026-07-27,0,
ORD004581,CUST01364,PROD010,Fashion,1299,0.0,1299.0,4.5,0,2,express,card,2026-06-23,0,
ORD004582,CUST01883,PROD019,Electronics,1299,194.85,1104.15,4.0,1,5,standard,cod,2026-03-24,0,
ORD004583,CUST00332,PROD017,Beauty,299,0.0,299.0,4.5,8,5,standard,cod,2026-03-29,0,
ORD004584,CUST01418,PROD005,Fashion,1299,259.8,1039.2,3.1,3,7,economy,upi,2026-02-15,1,Wrong Size
ORD004585,CUST00628,PROD017,Beauty,299,74.75,224.25,4.6,2,3,standard,card,2026-02-25,0,
ORD004586,CUST00910,PROD010,Fashion,1299,129.9,1169.1,4.5,2,3,standard,card,2025-12-31,0,
ORD004587,CUST01191,PROD006,Books,1299,389.7,909.3,2.4,1,4,standard,card,2026-03-24,1,Better Price Elsewhere
ORD004588,CUST00062,PROD014,Beauty,499,124.75,374.25,3.5,4,3,standard,wallet,2026-07-06,0,
ORD004589,CUST00451,PROD008,Home & Lifestyle,1299,129.9,1169.1,3.5,5,8,economy,card,2026-02-18,0,
ORD004590,CUST01735,PROD001,Beauty,1999,399.8,1599.2,3.1,5,2,express,card,2026-03-26,0,
ORD004591,CUST01868,PROD005,Fashion,1299,519.6,779.4,2.9,4,6,standard,upi,2026-03-13,0,
ORD004592,CUST00790,PROD015,Beauty,2999,299.9,2699.1,2.6,7,6,standard,card,2025-09-10,1,Late Delivery
ORD004593,CUST01820,PROD011,Fashion,299,59.8,239.2,2.7,1,6,standard,cod,2025-12-04,1,Better Price Elsewhere
ORD004594,CUST00616,PROD004,Books,499,49.9,449.1,3.9,5,4,standard,upi,2026-03-04,1,Quality Issues
ORD004595,CUST00919,PROD020,Books,4999,499.9,4499.1,3.1,3,2,express,card,2026-02-17,0,
ORD004596,CUST01458,PROD015,Beauty,2999,0.0,2999.0,2.4,0,6,standard,cod,2025-12-06,1,Damaged/Defective
ORD004597,CUST00096,PROD005,Fashion,1299,0.0,1299.0,2.8,0,11,economy,cod,2025-09-12,0,
ORD004598,CUST01412,PROD018,Books,499,49.9,449.1,3.8,1,3,standard,upi,2026-06-12,0,
ORD004599,CUST01675,PROD014,Beauty,499,99.8,399.2,3.7,1,4,standard,cod,2026-01-16,0,
ORD004600,CUST00461,PROD003,Home & Lifestyle,1999,299.85,1699.15,4.0,1,7,economy,cod,2026-03-06,0,
ORD004601,CUST01488,PROD013,Home & Lifestyle,2999,0.0,2999.0,3.6,0,2,express,card,2026-08-08,0,
ORD004602,CUST01048,PROD018,Books,499,124.75,374.25,3.5,0,3,standard,wallet,2026-04-22,0,
ORD004603,CUST01511,PROD004,Books,499,0.0,499.0,4.2,1,6,standard,card,2025-10-20,1,Quality Issues
ORD004604,CUST01414,PROD008,Home & Lifestyle,1299,129.9,1169.1,3.9,1,1,express,card,2025-11-09,0,
ORD004605,CUST01151,PROD016,Beauty,499,0.0,499.0,3.3,3,2,express,upi,2025-09-20,1,Changed Mind
ORD004606,CUST01803,PROD001,Beauty,1999,299.85,1699.15,2.6,5,1,express,upi,2026-01-26,1,Quality Issues
ORD004607,CUST00059,PROD005,Fashion,1299,324.75,974.25,2.8,7,1,express,upi,2026-04-03,0,
ORD004608,CUST01094,PROD006,Books,1299,0.0,1299.0,2.7,1,5,standard,card,2025-12-30,0,
ORD004609,CUST00807,PROD011,Fashion,299,44.85,254.15,2.5,3,5,standard,card,2025-12-16,1,Product Not as Expected
ORD004610,CUST00475,PROD015,Beauty,2999,899.7,2099.3,2.4,0,4,standard,card,2026-01-27,1,Quality Issues
ORD004611,CUST01794,PROD015,Beauty,2999,599.8,2399.2,2.7,4,5,standard,cod,2026-01-21,1,Quality Issues
ORD004612,CUST01357,PROD013,Home & Lifestyle,2999,0.0,2999.0,3.5,5,6,standard,wallet,2026-09-04,0,
ORD004613,CUST00989,PROD004,Books,499,49.9,449.1,4.2,7,6,standard,upi,2026-08-15,1,Product Not as Expected
ORD004614,CUST01938,PROD001,Beauty,1999,599.7,1399.3,3.0,8,7,economy,cod,2026-09-04,1,Damaged/Defective
ORD004615,CUST00300,PROD008,Home & Lifestyle,1299,0.0,1299.0,3.5,0,2,express,wallet,2026-08-02,1,Ordered by Mistake
ORD004616,CUST00188,PROD004,Books,499,199.6,299.4,4.0,2,1,express,card,2026-05-26,1,Damaged/Defective
ORD004617,CUST00675,PROD008,Home & Lifestyle,1299,519.6,779.4,4.0,7,6,standard,card,2025-10-27,1,Damaged/Defective
ORD004618,CUST00326,PROD018,Books,499,99.8,399.2,3.5,0,3,standard,card,2026-09-05,0,
ORD004619,CUST00701,PROD002,Books,4999,749.85,4249.15,3.5,0,1,express,cod,2026-04-27,1,Late Delivery
ORD004620,CUST00003,PROD013,Home & Lifestyle,2999,449.85,2549.15,3.1,0,3,standard,upi,2026-09-07,0,
ORD004621,CUST00188,PROD006,Books,1299,0.0,1299.0,2.9,0,2,express,card,2025-12-22,0,
ORD004622,CUST01966,PROD006,Books,1299,324.75,974.25,2.6,4,4,standard,card,2026-01-17,1,Quality Issues
ORD004623,CUST01765,PROD019,Electronics,1299,129.9,1169.1,3.7,6,2,express,card,2025-10-11,0,
ORD004624,CUST00748,PROD014,Beauty,499,49.9,449.1,3.3,2,5,standard,upi,2026-09-08,1,Quality Issues
ORD004625,CUST01562,PROD017,Beauty,299,74.75,224.25,4.5,0,1,express,wallet,2025-12-18,0,
ORD004626,CUST01680,PROD002,Books,4999,499.9,4499.1,3.7,7,3,standard,card,2026-02-22,0,
ORD004627,CUST00708,PROD020,Books,4999,499.9,4499.1,2.9,5,4,standard,card,2026-08-26,1,Product Not as Expected
ORD004628,CUST01168,PROD015,Beauty,2999,449.85,2549.15,2.5,0,5,standard,card,2026-06-21,0,
ORD004629,CUST00117,PROD017,Beauty,299,29.9,269.1,4.8,0,8,economy,card,2025-11-27,0,
ORD004630,CUST00297,PROD016,Beauty,499,99.8,399.2,3.4,1,2,express,upi,2025-10-17,0,
ORD004631,CUST00859,PROD018,Books,499,0.0,499.0,3.5,5,10,economy,cod,2026-08-01,0,
ORD004632,CUST00120,PROD020,Books,4999,0.0,4999.0,3.1,7,3,standard,upi,2025-10-07,0,
ORD004633,CUST00898,PROD008,Home & Lifestyle,1299,129.9,1169.1,3.8,1,6,standard,card,2025-10-29,0,
ORD004634,CUST01681,PROD020,Books,4999,499.9,4499.1,2.9,3,4,standard,upi,2026-07-23,1,Product Not as Expected
ORD004635,CUST00190,PROD018,Books,499,124.75,374.25,4.0,3,3,standard,card,2026-08-04,0,
ORD004636,CUST00130,PROD019,Electronics,1299,0.0,1299.0,3.7,3,6,standard,cod,2025-10-29,1,Ordered by Mistake
ORD004637,CUST00558,PROD002,Books,4999,0.0,4999.0,3.6,5,5,standard,upi,2026-01-01,1,Late Delivery
ORD004638,CUST00804,PROD006,Books,1299,194.85,1104.15,2.9,2,4,standard,upi,2025-11-07,1,Changed Mind
ORD004639,CUST00323,PROD008,Home & Lifestyle,1299,0.0,1299.0,3.8,0,4,standard,card,2026-01-05,1,Wrong Size
ORD004640,CUST01889,PROD002,Books,4999,749.85,4249.15,3.7,1,5,standard,upi,2025-12-30,0,
ORD004641,CUST01085,PROD001,Beauty,1999,199.9,1799.1,2.7,0,2,express,card,2026-08-23,1,Changed Mind
ORD004642,CUST00184,PROD006,Books,1299,389.7,909.3,2.6,5,3,standard,card,2026-08-01,1,Better Price Elsewhere
ORD004643,CUST00973,PROD011,Fashion,299,0.0,299.0,2.2,1,1,express,card,2026-04-20,0,
ORD004644,CUST01785,PROD011,Fashion,299,0.0,299.0,2.6,1,3,standard,card,2026-01-20,0,
ORD004645,CUST00841,PROD004,Books,499,49.9,449.1,4.5,3,2,express,cod,2026-05-05,1,Better Price Elsewhere
ORD004646,CUST00420,PROD019,Electronics,1299,0.0,1299.0,4.1,0,6,standard,card,2026-01-01,0,
ORD004647,CUST01010,PROD001,Beauty,1999,399.8,1599.2,2.8,2,1,express,card,2026-05-04,0,
ORD004648,CUST01047,PROD003,Home & Lifestyle,1999,299.85,1699.15,4.0,3,6,standard,card,2026-04-30,1,Late Delivery
ORD004649,CUST00339,PROD020,Books,4999,0.0,4999.0,3.1,9,1,express,card,2025-10-29,1,Product Not as Expected
ORD004650,CUST00886,PROD016,Beauty,499,0.0,499.0,3.3,2,1,express,card,2026-04-04,0,
ORD004651,CUST00244,PROD014,Beauty,499,149.7,349.3,3.5,1,1,express,card,2026-01-04,1,Better Price Elsewhere
ORD004652,CUST00160,PROD008,Home & Lifestyle,1299,194.85,1104.15,3.7,0,10,economy,card,2026-05-24,0,
ORD004653,CUST00906,PROD005,Fashion,1299,324.75,974.25,2.8,2,3,standard,cod,2026-07-23,0,
ORD004654,CUST00007,PROD013,Home & Lifestyle,2999,449.85,2549.15,3.5,0,4,standard,card,2026-04-14,0,
ORD004655,CUST00273,PROD002,Books,4999,1249.75,3749.25,3.4,1,5,standard,card,2026-06-24,0,
ORD004656,CUST01222,PROD006,Books,1299,194.85,1104.15,2.7,1,2,express,upi,2026-04-12,0,
ORD004657,CUST00087,PROD012,Beauty,4999,0.0,4999.0,4.1,5,2,express,card,2026-03-18,1,Ordered by Mistake
ORD004658,CUST00525,PROD014,Beauty,499,99.8,399.2,3.7,4,6,standard,upi,2026-07-11,0,
ORD004659,CUST00622,PROD019,Electronics,1299,324.75,974.25,3.7,1,3,standard,card,2025-10-04,0,
ORD004660,CUST01912,PROD006,Books,1299,0.0,1299.0,2.8,5,5,standard,card,2026-09-02,1,Quality Issues
ORD004661,CUST01689,PROD012,Beauty,4999,749.85,4249.15,4.3,1,5,standard,wallet,2026-04-28,0,
ORD004662,CUST00447,PROD015,Beauty,2999,599.8,2399.2,2.7,0,10,economy,card,2026-07-20,1,Late Delivery
ORD004663,CUST00871,PROD012,Beauty,4999,749.85,4249.15,4.4,4,4,standard,card,2026-07-20,1,Damaged/Defective
ORD004664,CUST01717,PROD011,Fashion,299,74.75,224.25,2.3,4,5,standard,cod,2025-11-23,1,Damaged/Defective
ORD004665,CUST01143,PROD012,Beauty,4999,0.0,4999.0,4.3,1,1,express,upi,2025-09-30,0,
ORD004666,CUST01725,PROD005,Fashion,1299,324.75,974.25,3.0,2,4,standard,cod,2026-01-31,1,Ordered by Mistake
ORD004667,CUST01457,PROD014,Beauty,499,74.85,424.15,3.5,5,1,express,wallet,2026-01-27,0,
ORD004668,CUST00731,PROD012,Beauty,4999,0.0,4999.0,3.8,0,4,standard,upi,2025-11-05,1,Ordered by Mistake
ORD004669,CUST00540,PROD003,Home & Lifestyle,1999,199.9,1799.1,4.1,0,3,standard,cod,2026-08-05,0,
ORD004670,CUST01294,PROD012,Beauty,4999,999.8,3999.2,4.1,3,6,standard,upi,2026-08-26,0,
ORD004671,CUST00440,PROD017,Beauty,299,59.8,239.2,4.7,1,6,standard,card,2025-09-15,1,Damaged/Defective
ORD004672,CUST00176,PROD008,Home & Lifestyle,1299,389.7,909.3,3.7,0,2,express,card,2025-10-06,1,Wrong Size
ORD004673,CUST01820,PROD017,Beauty,299,44.85,254.15,4.5,0,2,express,upi,2025-12-21,0,
ORD004674,CUST01750,PROD019,Electronics,1299,194.85,1104.15,4.2,8,2,express,card,2026-07-11,1,Late Delivery
ORD004675,CUST01350,PROD019,Electronics,1299,324.75,974.25,3.8,1,1,express,cod,2026-03-12,0,
ORD004676,CUST00489,PROD013,Home & Lifestyle,2999,0.0,2999.0,3.6,0,1,express,card,2025-12-22,0,
ORD004677,CUST01359,PROD003,Home & Lifestyle,1999,0.0,1999.0,4.2,2,2,express,cod,2025-11-09,0,
ORD004678,CUST00105,PROD020,Books,4999,749.85,4249.15,2.7,3,5,standard,wallet,2026-07-24,1,Better Price Elsewhere
ORD004679,CUST00588,PROD005,Fashion,1299,0.0,1299.0,2.7,6,11,economy,card,2026-03-14,0,
ORD004680,CUST00873,PROD018,Books,499,99.8,399.2,3.5,1,9,economy,cod,2026-01-06,0,
ORD004681,CUST00619,PROD011,Fashion,299,119.6,179.4,2.3,1,10,economy,card,2026-02-23,0,
ORD004682,CUST00094,PROD006,Books,1299,0.0,1299.0,2.6,2,6,standard,card,2026-02-22,1,Ordered by Mistake
ORD004683,CUST00082,PROD012,Beauty,4999,0.0,4999.0,4.1,3,2,express,card,2026-02-22,0,
ORD004684,CUST01243,PROD003,Home & Lifestyle,1999,0.0,1999.0,4.0,1,10,economy,upi,2025-10-12,0,
ORD004685,CUST00127,PROD006,Books,1299,194.85,1104.15,2.6,0,3,standard,cod,2025-11-11,0,
ORD004686,CUST00317,PROD007,Fashion,1299,129.9,1169.1,4.7,2,2,express,cod,2026-06-18,0,
ORD004687,CUST01867,PROD015,Beauty,2999,449.85,2549.15,2.7,6,4,standard,upi,2026-06-15,1,Better Price Elsewhere
ORD004688,CUST01687,PROD008,Home & Lifestyle,1299,0.0,1299.0,3.8,9,4,standard,card,2026-06-10,1,Ordered by Mistake
ORD004689,CUST01038,PROD009,Home & Lifestyle,1999,199.9,1799.1,4.1,2,4,standard,upi,2025-12-14,1,Quality Issues
ORD004690,CUST01673,PROD008,Home & Lifestyle,1299,194.85,1104.15,3.8,0,6,standard,card,2026-08-12,1,Changed Mind
ORD004691,CUST01140,PROD001,Beauty,1999,399.8,1599.2,2.9,3,3,standard,upi,2026-01-10,0,
ORD004692,CUST01355,PROD003,Home & Lifestyle,1999,0.0,1999.0,4.2,5,4,standard,card,2026-04-24,0,
ORD004693,CUST00717,PROD006,Books,1299,324.75,974.25,2.3,6,4,standard,card,2026-06-16,1,Quality Issues
ORD004694,CUST00877,PROD008,Home & Lifestyle,1299,129.9,1169.1,3.7,7,2,express,cod,2025-12-13,0,
ORD004695,CUST00586,PROD011,Fashion,299,0.0,299.0,2.3,0,6,standard,upi,2026-01-13,1,Better Price Elsewhere
ORD004696,CUST00771,PROD019,Electronics,1299,0.0,1299.0,3.9,1,5,standard,cod,2025-10-31,1,Changed Mind
ORD004697,CUST00986,PROD003,Home & Lifestyle,1999,199.9,1799.1,3.8,3,4,standard,card,2026-04-21,0,
ORD004698,CUST00285,PROD020,Books,4999,499.9,4499.1,3.2,0,1,express,card,2026-08-11,0,
ORD004699,CUST01810,PROD010,Fashion,1299,259.8,1039.2,4.6,2,5,standard,cod,2026-07-22,1,Quality Issues
ORD004700,CUST00049,PROD005,Fashion,1299,324.75,974.25,2.9,0,5,standard,card,2026-08-27,0,
ORD004701,CUST01306,PROD012,Beauty,4999,0.0,4999.0,3.9,0,1,express,card,2026-05-31,0,
ORD004702,CUST00054,PROD001,Beauty,1999,499.75,1499.25,2.9,5,5,standard,card,2026-05-28,1,Changed Mind
ORD004703,CUST00210,PROD011,Fashion,299,59.8,239.2,2.7,0,6,standard,card,2025-10-13,1,Damaged/Defective
ORD004704,CUST01656,PROD003,Home & Lifestyle,1999,399.8,1599.2,4.0,0,11,economy,card,2025-12-05,1,Quality Issues
ORD004705,CUST01919,PROD004,Books,499,49.9,449.1,4.3,7,3,standard,card,2025-10-05,0,
ORD004706,CUST01313,PROD018,Books,499,149.7,349.3,3.9,1,1,express,wallet,2026-09-03,0,
ORD004707,CUST01746,PROD002,Books,4999,0.0,4999.0,3.5,5,2,express,upi,2026-04-17,0,
ORD004708,CUST00191,PROD016,Beauty,499,49.9,449.1,3.7,1,1,express,cod,2026-03-12,0,
ORD004709,CUST01730,PROD012,Beauty,4999,999.8,3999.2,4.2,4,2,express,wallet,2026-05-23,1,Late Delivery
ORD004710,CUST00002,PROD019,Electronics,1299,259.8,1039.2,3.9,1,6,standard,card,2026-04-20,0,
ORD004711,CUST00134,PROD003,Home & Lifestyle,1999,399.8,1599.2,3.6,0,7,economy,card,2025-11-04,1,Product Not as Expected
ORD004712,CUST01968,PROD003,Home & Lifestyle,1999,799.6,1199.4,3.7,2,8,economy,card,2026-01-04,1,Late Delivery
ORD004713,CUST01559,PROD003,Home & Lifestyle,1999,0.0,1999.0,3.6,3,11,economy,card,2026-08-13,1,Changed Mind
ORD004714,CUST00542,PROD003,Home & Lifestyle,1999,199.9,1799.1,3.7,2,5,standard,card,2026-04-04,1,Wrong Size
ORD004715,CUST01975,PROD009,Home & Lifestyle,1999,0.0,1999.0,3.7,4,3,standard,cod,2026-04-04,1,Quality Issues
ORD004716,CUST01098,PROD001,Beauty,1999,199.9,1799.1,3.0,0,5,standard,upi,2026-08-07,0,
ORD004717,CUST01905,PROD020,Books,4999,499.9,4499.1,2.9,6,3,standard,upi,2025-09-15,0,
ORD004718,CUST01517,PROD007,Fashion,1299,194.85,1104.15,4.7,2,6,standard,upi,2026-07-14,0,
ORD004719,CUST00038,PROD006,Books,1299,129.9,1169.1,2.7,2,5,standard,card,2026-08-08,0,
ORD004720,CUST00924,PROD018,Books,499,0.0,499.0,3.7,1,3,standard,cod,2026-08-11,0,
ORD004721,CUST01617,PROD016,Beauty,499,49.9,449.1,3.4,3,3,standard,upi,2026-07-29,0,
ORD004722,CUST01388,PROD010,Fashion,1299,194.85,1104.15,4.9,2,4,standard,upi,2026-03-09,0,
ORD004723,CUST00566,PROD015,Beauty,2999,0.0,2999.0,2.8,1,4,standard,card,2026-06-23,1,Ordered by Mistake
ORD004724,CUST00470,PROD001,Beauty,1999,299.85,1699.15,3.1,0,3,standard,cod,2026-07-20,1,Late Delivery
ORD004725,CUST00630,PROD009,Home & Lifestyle,1999,199.9,1799.1,4.0,1,3,standard,card,2025-12-16,0,
ORD004726,CUST00727,PROD007,Fashion,1299,389.7,909.3,4.7,0,1,express,card,2026-03-20,0,
ORD004727,CUST00870,PROD012,Beauty,4999,999.8,3999.2,4.2,3,2,express,upi,2025-09-13,0,
ORD004728,CUST00069,PROD007,Fashion,1299,259.8,1039.2,4.5,0,9,economy,upi,2025-10-19,0,
ORD004729,CUST01751,PROD018,Books,499,149.7,349.3,3.6,4,2,express,upi,2026-03-25,1,Late Delivery
ORD004730,CUST00539,PROD002,Books,4999,499.9,4499.1,3.7,0,2,express,card,2026-03-30,0,
ORD004731,CUST00476,PROD019,Electronics,1299,0.0,1299.0,3.8,0,2,express,upi,2026-03-12,1,Product Not as Expected
ORD004732,CUST01320,PROD002,Books,4999,0.0,4999.0,3.2,0,1,express,upi,2026-04-17,0,
ORD004733,CUST01937,PROD009,Home & Lifestyle,1999,499.75,1499.25,4.0,1,5,standard,card,2026-05-02,0,
ORD004734,CUST01769,PROD012,Beauty,4999,0.0,4999.0,4.1,1,2,express,card,2026-08-28,0,
ORD004735,CUST01170,PROD019,Electronics,1299,519.6,779.4,3.8,6,5,standard,card,2026-07-16,0,
ORD004736,CUST00841,PROD014,Beauty,499,124.75,374.25,3.3,2,1,express,card,2026-06-04,0,
ORD004737,CUST00564,PROD004,Books,499,99.8,399.2,4.5,2,3,standard,card,2026-05-06,0,
ORD004738,CUST00597,PROD003,Home & Lifestyle,1999,199.9,1799.1,3.9,0,6,standard,upi,2025-12-01,1,Better Price Elsewhere
ORD004739,CUST01458,PROD020,Books,4999,1249.75,3749.25,2.7,0,2,express,upi,2026-05-27,0,
ORD004740,CUST01163,PROD011,Fashion,299,29.9,269.1,2.3,0,5,standard,card,2025-10-03,0,
ORD004741,CUST01365,PROD002,Books,4999,0.0,4999.0,3.2,2,4,standard,upi,2026-02-04,0,
ORD004742,CUST00932,PROD014,Beauty,499,99.8,399.2,3.4,5,4,standard,card,2026-06-06,1,Wrong Size
ORD004743,CUST01737,PROD020,Books,4999,499.9,4499.1,3.0,1,1,express,card,2026-04-16,0,
ORD004744,CUST01688,PROD011,Fashion,299,44.85,254.15,2.6,2,9,economy,card,2026-03-15,1,Changed Mind
ORD004745,CUST01268,PROD001,Beauty,1999,199.9,1799.1,3.1,7,4,standard,card,2026-08-26,1,Better Price Elsewhere
ORD004746,CUST01086,PROD012,Beauty,4999,0.0,4999.0,4.4,2,6,standard,card,2026-07-22,0,
ORD004747,CUST00225,PROD004,Books,499,49.9,449.1,4.2,0,1,express,upi,2026-04-26,1,Late Delivery
ORD004748,CUST00596,PROD009,Home & Lifestyle,1999,399.8,1599.2,3.9,2,4,standard,card,2025-11-15,0,
ORD004749,CUST01297,PROD005,Fashion,1299,259.8,1039.2,3.0,0,8,economy,cod,2025-10-06,1,Damaged/Defective
ORD004750,CUST00203,PROD019,Electronics,1299,194.85,1104.15,3.7,3,6,standard,upi,2026-02-17,0,
ORD004751,CUST01508,PROD012,Beauty,4999,499.9,4499.1,4.0,1,3,standard,card,2025-11-12,1,Ordered by Mistake
ORD004752,CUST00070,PROD012,Beauty,4999,1249.75,3749.25,4.3,6,5,standard,card,2026-04-24,1,Changed Mind
ORD004753,CUST01603,PROD015,Beauty,2999,0.0,2999.0,2.6,0,6,standard,upi,2026-08-04,1,Ordered by Mistake
ORD004754,CUST01270,PROD012,Beauty,4999,1999.6,2999.4,4.1,8,6,standard,card,2025-12-11,1,Product Not as Expected
ORD004755,CUST01301,PROD019,Electronics,1299,0.0,1299.0,4.1,6,9,economy,card,2026-07-22,0,
ORD004756,CUST01484,PROD010,Fashion,1299,0.0,1299.0,4.9,0,7,economy,upi,2025-11-16,0,
ORD004757,CUST01126,PROD010,Fashion,1299,0.0,1299.0,5.0,4,4,standard,cod,2026-07-17,1,Changed Mind
ORD004758,CUST01438,PROD018,Books,499,149.7,349.3,3.8,3,1,express,upi,2026-02-08,1,Late Delivery
ORD004759,CUST00823,PROD014,Beauty,499,99.8,399.2,3.5,4,6,standard,card,2026-08-01,0,
ORD004760,CUST00516,PROD017,Beauty,299,0.0,299.0,4.6,1,5,standard,upi,2026-01-06,0,
ORD004761,CUST00757,PROD016,Beauty,499,74.85,424.15,3.3,7,5,standard,cod,2025-11-12,1,Product Not as Expected
ORD004762,CUST00034,PROD007,Fashion,1299,519.6,779.4,4.4,0,1,express,card,2026-05-17,0,
ORD004763,CUST00722,PROD007,Fashion,1299,0.0,1299.0,4.8,0,2,express,card,2026-07-08,1,Product Not as Expected
ORD004764,CUST00948,PROD003,Home & Lifestyle,1999,399.8,1599.2,4.0,1,11,economy,card,2026-02-18,0,
ORD004765,CUST00269,PROD020,Books,4999,0.0,4999.0,2.7,2,2,express,card,2026-02-07,1,Quality Issues
ORD004766,CUST01893,PROD013,Home & Lifestyle,2999,0.0,2999.0,3.1,6,1,express,card,2025-12-31,1,Product Not as Expected
ORD004767,CUST01902,PROD002,Books,4999,1499.7,3499.3,3.5,1,10,economy,card,2025-10-19,0,
ORD004768,CUST01642,PROD008,Home & Lifestyle,1299,194.85,1104.15,3.5,0,2,express,wallet,2025-09-22,0,
ORD004769,CUST01247,PROD019,Electronics,1299,259.8,1039.2,3.9,2,7,economy,card,2026-06-27,1,Ordered by Mistake
ORD004770,CUST00204,PROD005,Fashion,1299,194.85,1104.15,3.1,1,11,economy,upi,2026-01-12,0,
ORD004771,CUST01464,PROD020,Books,4999,499.9,4499.1,2.8,2,1,express,card,2026-04-16,1,Product Not as Expected
ORD004772,CUST00025,PROD007,Fashion,1299,389.7,909.3,4.5,2,4,standard,card,2025-10-13,0,
ORD004773,CUST01648,PROD005,Fashion,1299,194.85,1104.15,2.8,1,2,express,card,2025-11-22,1,Wrong Size
ORD004774,CUST01091,PROD013,Home & Lifestyle,2999,599.8,2399.2,3.5,4,6,standard,upi,2026-07-04,0,
ORD004775,CUST01993,PROD008,Home & Lifestyle,1299,129.9,1169.1,3.5,0,7,economy,card,2026-07-18,0,
ORD004776,CUST01606,PROD013,Home & Lifestyle,2999,299.9,2699.1,3.4,2,1,express,card,2026-02-13,1,Product Not as Expected
ORD004777,CUST00361,PROD019,Electronics,1299,324.75,974.25,4.0,2,1,express,card,2025-11-12,0,
ORD004778,CUST01012,PROD005,Fashion,1299,129.9,1169.1,2.7,0,9,economy,wallet,2026-06-16,0,
ORD004779,CUST00071,PROD005,Fashion,1299,0.0,1299.0,3.0,2,5,standard,wallet,2026-01-02,0,
ORD004780,CUST01647,PROD004,Books,499,99.8,399.2,4.4,1,5,standard,wallet,2026-06-09,0,
ORD004781,CUST00272,PROD018,Books,499,49.9,449.1,3.8,3,2,express,cod,2025-12-11,0,
ORD004782,CUST00084,PROD001,Beauty,1999,199.9,1799.1,3.1,1,3,standard,card,2025-09-22,0,
ORD004783,CUST00882,PROD018,Books,499,74.85,424.15,3.5,3,4,standard,upi,2025-10-16,0,
ORD004784,CUST00484,PROD005,Fashion,1299,194.85,1104.15,3.0,0,2,express,card,2026-05-25,0,
ORD004785,CUST01835,PROD008,Home & Lifestyle,1299,259.8,1039.2,4.0,2,8,economy,card,2025-10-23,0,
ORD004786,CUST00468,PROD009,Home & Lifestyle,1999,0.0,1999.0,4.2,5,9,economy,upi,2026-04-12,0,
ORD004787,CUST00494,PROD009,Home & Lifestyle,1999,499.75,1499.25,3.8,0,4,standard,cod,2026-06-25,0,
ORD004788,CUST00936,PROD006,Books,1299,324.75,974.25,2.8,0,2,express,card,2026-06-26,1,Damaged/Defective
ORD004789,CUST00235,PROD010,Fashion,1299,0.0,1299.0,4.4,1,2,express,cod,2026-04-23,1,Ordered by Mistake
ORD004790,CUST00015,PROD014,Beauty,499,0.0,499.0,3.6,0,6,standard,card,2025-12-22,0,
ORD004791,CUST00889,PROD020,Books,4999,1249.75,3749.25,2.7,0,9,economy,cod,2026-07-27,0,
ORD004792,CUST00961,PROD019,Electronics,1299,0.0,1299.0,3.8,0,5,standard,card,2025-12-13,0,
ORD004793,CUST00146,PROD018,Books,499,74.85,424.15,3.7,1,6,standard,card,2026-06-11,1,Ordered by Mistake
ORD004794,CUST01506,PROD011,Fashion,299,59.8,239.2,2.5,4,6,standard,card,2026-05-24,1,Changed Mind
ORD004795,CUST00558,PROD017,Beauty,299,44.85,254.15,5.0,1,4,standard,upi,2026-01-02,0,
ORD004796,CUST00786,PROD001,Beauty,1999,0.0,1999.0,2.9,0,3,standard,card,2026-01-25,1,Ordered by Mistake
ORD004797,CUST00807,PROD007,Fashion,1299,519.6,779.4,4.8,0,2,express,card,2025-11-02,1,Better Price Elsewhere
ORD004798,CUST01812,PROD004,Books,499,74.85,424.15,4.2,1,5,standard,card,2026-06-21,0,
ORD004799,CUST00369,PROD015,Beauty,2999,599.8,2399.2,2.4,3,6,standard,upi,2026-09-08,0,
ORD004800,CUST01782,PROD007,Fashion,1299,129.9,1169.1,4.6,1,1,express,card,2026-03-27,0,
ORD004801,CUST00476,PROD011,Fashion,299,0.0,299.0,2.3,0,5,standard,cod,2025-11-19,0,
ORD004802,CUST00728,PROD013,Home & Lifestyle,2999,599.8,2399.2,3.2,0,2,express,cod,2026-07-28,0,
ORD004803,CUST00120,PROD004,Books,499,49.9,449.1,4.3,5,5,standard,card,2026-07-20,0,
ORD004804,CUST01498,PROD008,Home & Lifestyle,1299,389.7,909.3,4.0,4,1,express,card,2026-05-17,0,
ORD004805,CUST00307,PROD019,Electronics,1299,324.75,974.25,3.9,7,1,express,card,2025-11-03,0,
ORD004806,CUST00368,PROD019,Electronics,1299,0.0,1299.0,4.0,3,6,standard,card,2025-12-14,1,Wrong Size
ORD004807,CUST01359,PROD018,Books,499,74.85,424.15,3.5,7,4,standard,cod,2025-12-03,0,
ORD004808,CUST00077,PROD016,Beauty,499,49.9,449.1,3.4,3,2,express,cod,2025-10-02,1,Product Not as Expected
ORD004809,CUST00578,PROD005,Fashion,1299,0.0,1299.0,2.9,3,2,express,card,2026-07-20,0,
ORD004810,CUST00645,PROD014,Beauty,499,49.9,449.1,3.7,3,6,standard,upi,2026-07-26,0,
ORD004811,CUST01054,PROD006,Books,1299,129.9,1169.1,2.4,5,4,standard,card,2026-08-22,1,Changed Mind
ORD004812,CUST01120,PROD012,Beauty,4999,0.0,4999.0,4.3,2,3,standard,cod,2025-12-10,0,
ORD004813,CUST00233,PROD015,Beauty,2999,449.85,2549.15,2.4,0,5,standard,upi,2026-01-04,0,
ORD004814,CUST01324,PROD002,Books,4999,999.8,3999.2,3.3,2,4,standard,card,2026-03-31,1,Better Price Elsewhere
ORD004815,CUST00595,PROD017,Beauty,299,59.8,239.2,4.8,4,2,express,cod,2026-05-24,0,
ORD004816,CUST01822,PROD010,Fashion,1299,194.85,1104.15,4.4,1,6,standard,upi,2026-09-07,0,
ORD004817,CUST00215,PROD005,Fashion,1299,129.9,1169.1,3.0,3,3,standard,card,2026-01-30,1,Damaged/Defective
ORD004818,CUST00742,PROD003,Home & Lifestyle,1999,499.75,1499.25,3.7,0,3,standard,cod,2026-06-27,0,
ORD004819,CUST00729,PROD016,Beauty,499,49.9,449.1,3.6,2,4,standard,cod,2025-10-09,0,
ORD004820,CUST00683,PROD009,Home & Lifestyle,1999,499.75,1499.25,4.1,0,10,economy,card,2025-11-02,0,
ORD004821,CUST00263,PROD020,Books,4999,749.85,4249.15,3.2,3,3,standard,card,2026-03-01,0,
ORD004822,CUST01683,PROD006,Books,1299,194.85,1104.15,2.3,4,2,express,card,2025-12-07,1,Wrong Size
ORD004823,CUST00581,PROD003,Home & Lifestyle,1999,799.6,1199.4,4.0,0,1,express,card,2026-07-23,0,
ORD004824,CUST00318,PROD004,Books,499,49.9,449.1,4.3,1,4,standard,upi,2025-12-03,0,
ORD004825,CUST01548,PROD009,Home & Lifestyle,1999,0.0,1999.0,4.0,0,1,express,upi,2026-03-26,0,
ORD004826,CUST01653,PROD004,Books,499,74.85,424.15,4.5,3,3,standard,wallet,2025-10-25,0,
ORD004827,CUST00401,PROD002,Books,4999,749.85,4249.15,3.3,0,6,standard,card,2026-03-11,0,
ORD004828,CUST01820,PROD016,Beauty,499,74.85,424.15,3.4,4,1,express,card,2025-11-23,1,Product Not as Expected
ORD004829,CUST00617,PROD001,Beauty,1999,0.0,1999.0,2.7,1,6,standard,cod,2026-03-11,1,Changed Mind
ORD004830,CUST00235,PROD012,Beauty,4999,0.0,4999.0,3.9,0,5,standard,card,2025-09-29,0,
ORD004831,CUST00611,PROD010,Fashion,1299,129.9,1169.1,4.5,3,6,standard,cod,2026-06-07,1,Better Price Elsewhere
ORD004832,CUST00261,PROD016,Beauty,499,99.8,399.2,3.2,0,10,economy,upi,2026-01-21,1,Late Delivery
ORD004833,CUST00301,PROD002,Books,4999,999.8,3999.2,3.5,4,2,express,card,2026-08-05,1,Ordered by Mistake
ORD004834,CUST00908,PROD020,Books,4999,0.0,4999.0,3.0,5,5,standard,upi,2026-09-05,0,
ORD004835,CUST01507,PROD006,Books,1299,519.6,779.4,2.7,5,6,standard,card,2025-10-13,0,
ORD004836,CUST01317,PROD019,Electronics,1299,259.8,1039.2,4.1,3,1,express,upi,2025-11-23,0,
ORD004837,CUST01908,PROD020,Books,4999,999.8,3999.2,2.7,1,6,standard,card,2026-04-24,0,
ORD004838,CUST01432,PROD015,Beauty,2999,449.85,2549.15,2.3,6,10,economy,upi,2025-12-10,0,
ORD004839,CUST00604,PROD017,Beauty,299,0.0,299.0,4.7,4,5,standard,card,2026-07-14,0,
ORD004840,CUST01910,PROD014,Beauty,499,149.7,349.3,3.3,1,4,standard,upi,2025-11-12,1,Better Price Elsewhere
ORD004841,CUST01477,PROD020,Books,4999,0.0,4999.0,3.1,0,1,express,wallet,2026-02-06,1,Product Not as Expected
ORD004842,CUST01774,PROD020,Books,4999,1249.75,3749.25,3.0,0,3,standard,card,2026-07-11,0,
ORD004843,CUST00258,PROD011,Fashion,299,0.0,299.0,2.4,6,4,standard,card,2026-03-20,1,Ordered by Mistake
ORD004844,CUST00762,PROD018,Books,499,49.9,449.1,4.0,0,2,express,upi,2025-10-15,0,
ORD004845,CUST01171,PROD007,Fashion,1299,0.0,1299.0,4.5,0,2,express,cod,2026-06-22,0,
ORD004846,CUST01010,PROD011,Fashion,299,0.0,299.0,2.3,0,3,standard,card,2026-04-25,1,Ordered by Mistake
ORD004847,CUST01118,PROD005,Fashion,1299,259.8,1039.2,2.8,2,2,express,upi,2026-03-18,0,
ORD004848,CUST01379,PROD019,Electronics,1299,0.0,1299.0,3.6,2,3,standard,card,2025-11-21,0,
ORD004849,CUST00106,PROD001,Beauty,1999,499.75,1499.25,2.7,2,6,standard,card,2026-03-04,0,
ORD004850,CUST01514,PROD012,Beauty,4999,1249.75,3749.25,4.3,4,2,express,upi,2026-01-09,0,
ORD004851,CUST01051,PROD001,Beauty,1999,499.75,1499.25,3.0,2,5,standard,upi,2026-05-31,0,
ORD004852,CUST01603,PROD006,Books,1299,0.0,1299.0,2.5,7,3,standard,upi,2025-10-03,0,
ORD004853,CUST01453,PROD020,Books,4999,499.9,4499.1,2.7,4,2,express,card,2026-04-24,0,
ORD004854,CUST01247,PROD005,Fashion,1299,259.8,1039.2,2.8,0,6,standard,card,2025-11-26,0,
ORD004855,CUST01411,PROD009,Home & Lifestyle,1999,299.85,1699.15,3.9,4,1,express,card,2026-01-07,0,
ORD004856,CUST01794,PROD010,Fashion,1299,259.8,1039.2,4.6,0,1,express,cod,2026-01-11,0,
ORD004857,CUST00127,PROD017,Beauty,299,59.8,239.2,4.8,2,1,express,upi,2026-06-08,1,Product Not as Expected
ORD004858,CUST00423,PROD003,Home & Lifestyle,1999,0.0,1999.0,4.0,5,5,standard,card,2026-08-24,1,Late Delivery
ORD004859,CUST01507,PROD008,Home & Lifestyle,1299,0.0,1299.0,3.5,0,5,standard,card,2026-06-01,0,
ORD004860,CUST01658,PROD019,Electronics,1299,129.9,1169.1,3.9,1,5,standard,upi,2025-11-20,0,
ORD004861,CUST00088,PROD001,Beauty,1999,199.9,1799.1,2.9,8,2,express,upi,2026-04-28,0,
ORD004862,CUST00528,PROD008,Home & Lifestyle,1299,259.8,1039.2,3.6,1,2,express,card,2025-11-15,1,Better Price Elsewhere
ORD004863,CUST01957,PROD005,Fashion,1299,129.9,1169.1,2.8,5,4,standard,upi,2025-11-28,0,
ORD004864,CUST00510,PROD012,Beauty,4999,0.0,4999.0,4.3,2,10,economy,upi,2026-06-13,1,Quality Issues
ORD004865,CUST00915,PROD017,Beauty,299,74.75,224.25,4.8,3,3,standard,cod,2025-10-19,1,Wrong Size
ORD004866,CUST00972,PROD011,Fashion,299,0.0,299.0,2.7,0,6,standard,upi,2026-07-05,1,Ordered by Mistake
ORD004867,CUST00942,PROD019,Electronics,1299,259.8,1039.2,3.6,3,1,express,card,2026-08-09,0,
ORD004868,CUST01740,PROD005,Fashion,1299,324.75,974.25,2.8,1,5,standard,upi,2026-03-27,1,Damaged/Defective
ORD004869,CUST00338,PROD007,Fashion,1299,0.0,1299.0,4.7,4,4,standard,cod,2025-09-20,0,
ORD004870,CUST01339,PROD014,Beauty,499,0.0,499.0,3.8,0,3,standard,card,2026-05-05,0,
ORD004871,CUST00090,PROD012,Beauty,4999,499.9,4499.1,4.1,3,4,standard,upi,2026-07-03,1,Wrong Size
ORD004872,CUST00201,PROD011,Fashion,299,74.75,224.25,2.7,4,3,standard,upi,2025-11-22,1,Quality Issues
ORD004873,CUST01345,PROD015,Beauty,2999,449.85,2549.15,2.4,3,6,standard,card,2025-09-30,1,Wrong Size
ORD004874,CUST00460,PROD004,Books,499,199.6,299.4,4.2,1,5,standard,upi,2026-04-07,1,Changed Mind
ORD004875,CUST00860,PROD001,Beauty,1999,799.6,1199.4,3.0,0,4,standard,card,2025-11-22,1,Changed Mind
ORD004876,CUST01048,PROD007,Fashion,1299,259.8,1039.2,5.0,0,4,standard,card,2025-09-19,0,
ORD004877,CUST00933,PROD015,Beauty,2999,449.85,2549.15,2.8,0,2,express,card,2026-07-06,0,
ORD004878,CUST00293,PROD018,Books,499,74.85,424.15,3.4,3,11,economy,upi,2026-04-23,1,Ordered by Mistake
ORD004879,CUST01468,PROD008,Home & Lifestyle,1299,194.85,1104.15,3.7,1,11,economy,upi,2026-03-09,1,Ordered by Mistake
ORD004880,CUST01872,PROD001,Beauty,1999,399.8,1599.2,2.8,1,4,standard,upi,2025-10-08,1,Damaged/Defective
ORD004881,CUST01938,PROD007,Fashion,1299,129.9,1169.1,4.8,2,8,economy,card,2025-11-04,0,
ORD004882,CUST00564,PROD020,Books,4999,0.0,4999.0,3.1,0,5,standard,upi,2025-09-15,0,
ORD004883,CUST00368,PROD007,Fashion,1299,194.85,1104.15,5.0,1,4,standard,upi,2026-01-18,0,
ORD004884,CUST01661,PROD010,Fashion,1299,0.0,1299.0,4.6,3,6,standard,upi,2026-07-30,1,Quality Issues
ORD004885,CUST00936,PROD007,Fashion,1299,0.0,1299.0,4.9,1,4,standard,card,2026-06-24,0,
ORD004886,CUST01956,PROD007,Fashion,1299,519.6,779.4,4.8,1,3,standard,card,2025-11-19,1,Late Delivery
ORD004887,CUST00026,PROD016,Beauty,499,74.85,424.15,3.6,1,11,economy,upi,2026-09-06,1,Better Price Elsewhere
ORD004888,CUST01676,PROD012,Beauty,4999,1499.7,3499.3,4.3,3,2,express,upi,2026-05-17,1,Late Delivery
ORD004889,CUST00182,PROD008,Home & Lifestyle,1299,194.85,1104.15,3.9,0,1,express,card,2026-05-21,0,
ORD004890,CUST00741,PROD015,Beauty,2999,1199.6,1799.4,2.5,0,4,standard,card,2026-05-04,1,Quality Issues
ORD004891,CUST01111,PROD004,Books,499,0.0,499.0,4.2,2,1,express,cod,2026-08-10,1,Wrong Size
ORD004892,CUST00520,PROD013,Home & Lifestyle,2999,0.0,2999.0,3.3,1,6,standard,card,2026-08-31,0,
ORD004893,CUST00991,PROD015,Beauty,2999,599.8,2399.2,2.6,5,1,express,cod,2026-08-26,1,Changed Mind
ORD004894,CUST00816,PROD013,Home & Lifestyle,2999,449.85,2549.15,3.2,0,3,standard,card,2026-04-17,0,
ORD004895,CUST00199,PROD010,Fashion,1299,194.85,1104.15,4.6,0,2,express,card,2026-03-05,0,
ORD004896,CUST00128,PROD004,Books,499,49.9,449.1,4.1,0,4,standard,card,2026-05-23,0,
ORD004897,CUST00445,PROD004,Books,499,0.0,499.0,4.0,1,6,standard,cod,2025-12-06,1,Quality Issues
ORD004898,CUST01557,PROD005,Fashion,1299,324.75,974.25,2.6,2,5,standard,upi,2025-12-05,1,Changed Mind
ORD004899,CUST01452,PROD001,Beauty,1999,0.0,1999.0,2.7,1,2,express,card,2026-03-22,0,
ORD004900,CUST00010,PROD009,Home & Lifestyle,1999,399.8,1599.2,4.1,5,3,standard,card,2026-04-19,1,Wrong Size
ORD004901,CUST01295,PROD004,Books,499,0.0,499.0,4.2,0,5,standard,card,2026-02-19,0,
ORD004902,CUST01624,PROD008,Home & Lifestyle,1299,194.85,1104.15,3.7,4,5,standard,upi,2025-10-28,1,Late Delivery
ORD004903,CUST00371,PROD005,Fashion,1299,389.7,909.3,3.0,4,1,express,wallet,2026-08-03,0,
ORD004904,CUST01772,PROD001,Beauty,1999,399.8,1599.2,3.1,5,4,standard,cod,2026-04-30,1,Changed Mind
ORD004905,CUST01888,PROD003,Home & Lifestyle,1999,0.0,1999.0,4.0,1,6,standard,upi,2026-01-31,1,Better Price Elsewhere
ORD004906,CUST00714,PROD009,Home & Lifestyle,1999,299.85,1699.15,3.8,2,4,standard,card,2026-07-01,0,
ORD004907,CUST00384,PROD017,Beauty,299,44.85,254.15,4.7,8,11,economy,card,2025-09-11,1,Damaged/Defective
ORD004908,CUST00267,PROD016,Beauty,499,0.0,499.0,3.2,0,8,economy,card,2026-08-25,1,Product Not as Expected
ORD004909,CUST01962,PROD001,Beauty,1999,399.8,1599.2,3.1,5,2,express,card,2025-12-26,1,Changed Mind
ORD004910,CUST00559,PROD011,Fashion,299,119.6,179.4,2.3,2,3,standard,cod,2026-03-08,1,Quality Issues
ORD004911,CUST01543,PROD015,Beauty,2999,0.0,2999.0,2.6,0,2,express,card,2026-04-09,1,Product Not as Expected
ORD004912,CUST01411,PROD012,Beauty,4999,1249.75,3749.25,4.4,0,6,standard,cod,2026-03-30,1,Quality Issues
ORD004913,CUST01262,PROD004,Books,499,49.9,449.1,3.9,7,4,standard,upi,2026-03-01,0,
ORD004914,CUST00609,PROD001,Beauty,1999,799.6,1199.4,2.7,0,1,express,card,2026-01-28,0,
ORD004915,CUST01513,PROD012,Beauty,4999,999.8,3999.2,3.9,2,3,standard,upi,2025-12-19,0,
ORD004916,CUST00790,PROD003,Home & Lifestyle,1999,499.75,1499.25,3.7,1,6,standard,upi,2025-09-10,0,
ORD004917,CUST01268,PROD010,Fashion,1299,259.8,1039.2,4.6,0,1,express,card,2026-06-05,1,Ordered by Mistake
ORD004918,CUST01414,PROD015,Beauty,2999,1199.6,1799.4,2.6,0,2,express,cod,2026-01-08,1,Quality Issues
ORD004919,CUST01811,PROD009,Home & Lifestyle,1999,499.75,1499.25,3.7,8,3,standard,upi,2025-11-25,0,
ORD004920,CUST01263,PROD017,Beauty,299,59.8,239.2,4.7,0,2,express,wallet,2026-04-20,0,
ORD004921,CUST00704,PROD005,Fashion,1299,194.85,1104.15,2.7,1,1,express,card,2026-06-22,0,
ORD004922,CUST01073,PROD013,Home & Lifestyle,2999,1199.6,1799.4,3.4,4,6,standard,card,2026-08-30,1,Wrong Size
ORD004923,CUST01492,PROD009,Home & Lifestyle,1999,399.8,1599.2,3.9,4,5,standard,card,2026-03-08,0,
ORD004924,CUST01563,PROD007,Fashion,1299,0.0,1299.0,4.5,2,1,express,cod,2026-02-04,0,
ORD004925,CUST00051,PROD012,Beauty,4999,0.0,4999.0,4.1,3,4,standard,upi,2026-04-21,1,Product Not as Expected
ORD004926,CUST01535,PROD009,Home & Lifestyle,1999,0.0,1999.0,3.6,1,4,standard,upi,2025-09-20,0,
ORD004927,CUST00486,PROD005,Fashion,1299,129.9,1169.1,3.0,0,2,express,upi,2026-08-05,1,Late Delivery
ORD004928,CUST00399,PROD009,Home & Lifestyle,1999,299.85,1699.15,4.2,0,5,standard,card,2026-04-28,0,
ORD004929,CUST00635,PROD003,Home & Lifestyle,1999,599.7,1399.3,3.7,5,3,standard,card,2026-05-21,0,
ORD004930,CUST00311,PROD011,Fashion,299,0.0,299.0,2.7,0,2,express,card,2026-05-19,0,
ORD004931,CUST01191,PROD015,Beauty,2999,599.8,2399.2,2.8,1,2,express,upi,2025-10-28,0,
ORD004932,CUST00967,PROD009,Home & Lifestyle,1999,299.85,1699.15,3.8,2,5,standard,card,2025-10-03,0,
ORD004933,CUST00839,PROD008,Home & Lifestyle,1299,389.7,909.3,3.8,1,3,standard,upi,2026-07-17,0,
ORD004934,CUST01717,PROD002,Books,4999,499.9,4499.1,3.8,1,7,economy,upi,2026-09-07,1,Damaged/Defective
ORD004935,CUST00837,PROD006,Books,1299,389.7,909.3,2.6,5,8,economy,card,2026-01-31,1,Better Price Elsewhere
ORD004936,CUST00566,PROD006,Books,1299,259.8,1039.2,2.4,0,4,standard,upi,2026-06-06,0,
ORD004937,CUST01308,PROD019,Electronics,1299,324.75,974.25,3.8,0,6,standard,upi,2025-11-26,1,Product Not as Expected
ORD004938,CUST00006,PROD006,Books,1299,194.85,1104.15,2.5,3,3,standard,card,2026-01-28,0,
ORD004939,CUST00925,PROD013,Home & Lifestyle,2999,0.0,2999.0,3.6,0,5,standard,card,2026-01-05,0,
ORD004940,CUST00485,PROD003,Home & Lifestyle,1999,399.8,1599.2,4.1,1,2,express,upi,2025-10-09,1,Product Not as Expected
ORD004941,CUST00735,PROD018,Books,499,74.85,424.15,3.9,0,2,express,card,2025-11-12,0,
ORD004942,CUST00064,PROD006,Books,1299,129.9,1169.1,2.6,0,5,standard,cod,2026-07-20,0,
ORD004943,CUST00668,PROD019,Electronics,1299,129.9,1169.1,4.0,1,2,express,card,2026-04-22,0,
ORD004944,CUST01679,PROD002,Books,4999,0.0,4999.0,3.5,3,1,express,upi,2026-01-21,0,
ORD004945,CUST00306,PROD009,Home & Lifestyle,1999,199.9,1799.1,3.9,1,3,standard,cod,2026-05-19,1,Better Price Elsewhere
ORD004946,CUST00139,PROD007,Fashion,1299,0.0,1299.0,4.7,0,2,express,cod,2025-11-03,0,
ORD004947,CUST01644,PROD010,Fashion,1299,0.0,1299.0,4.7,0,4,standard,card,2026-06-27,0,
ORD004948,CUST01350,PROD017,Beauty,299,44.85,254.15,4.9,8,4,standard,upi,2026-07-29,0,
ORD004949,CUST00165,PROD018,Books,499,0.0,499.0,3.9,0,7,economy,upi,2026-06-15,1,Ordered by Mistake
ORD004950,CUST00543,PROD017,Beauty,299,44.85,254.15,4.4,0,5,standard,wallet,2026-01-18,0,
ORD004951,CUST01155,PROD013,Home & Lifestyle,2999,299.9,2699.1,3.5,2,3,standard,cod,2026-08-16,0,
ORD004952,CUST00992,PROD015,Beauty,2999,599.8,2399.2,2.8,3,4,standard,wallet,2026-08-10,0,
ORD004953,CUST01059,PROD006,Books,1299,389.7,909.3,2.6,0,3,standard,upi,2026-04-28,0,
ORD004954,CUST00588,PROD004,Books,499,99.8,399.2,4.3,2,3,standard,upi,2025-10-23,0,
ORD004955,CUST01309,PROD016,Beauty,499,199.6,299.4,3.1,0,4,standard,card,2026-01-17,1,Damaged/Defective
ORD004956,CUST00610,PROD008,Home & Lifestyle,1299,519.6,779.4,4.0,1,1,express,card,2025-09-26,0,
ORD004957,CUST00239,PROD005,Fashion,1299,259.8,1039.2,2.9,1,6,standard,card,2025-09-22,0,
ORD004958,CUST01089,PROD017,Beauty,299,29.9,269.1,4.9,1,8,economy,upi,2026-06-19,1,Better Price Elsewhere
ORD004959,CUST00698,PROD012,Beauty,4999,749.85,4249.15,4.3,1,2,express,card,2025-10-21,1,Wrong Size
ORD004960,CUST01519,PROD020,Books,4999,499.9,4499.1,2.8,1,3,standard,upi,2026-01-10,0,
ORD004961,CUST01416,PROD004,Books,499,0.0,499.0,4.2,4,1,express,wallet,2026-08-26,0,
ORD004962,CUST01067,PROD004,Books,499,49.9,449.1,4.5,7,5,standard,upi,2026-06-05,0,
ORD004963,CUST00141,PROD005,Fashion,1299,194.85,1104.15,3.2,0,5,standard,cod,2025-11-10,1,Quality Issues
ORD004964,CUST01195,PROD008,Home & Lifestyle,1299,519.6,779.4,3.5,4,1,express,upi,2026-02-09,1,Ordered by Mistake
ORD004965,CUST01050,PROD016,Beauty,499,124.75,374.25,3.4,7,6,standard,cod,2026-07-01,1,Ordered by Mistake
ORD004966,CUST00199,PROD010,Fashion,1299,194.85,1104.15,4.8,1,1,express,card,2026-09-01,1,Ordered by Mistake
ORD004967,CUST01381,PROD011,Fashion,299,0.0,299.0,2.6,0,2,express,cod,2025-11-14,1,Damaged/Defective
ORD004968,CUST01159,PROD003,Home & Lifestyle,1999,0.0,1999.0,4.2,8,10,economy,upi,2026-07-03,1,Ordered by Mistake
ORD004969,CUST01615,PROD017,Beauty,299,0.0,299.0,4.5,0,3,standard,card,2026-06-19,0,
ORD004970,CUST00280,PROD014,Beauty,499,0.0,499.0,3.2,2,1,express,card,2026-04-07,1,Wrong Size
ORD004971,CUST00074,PROD003,Home & Lifestyle,1999,399.8,1599.2,4.1,0,3,standard,cod,2026-07-04,1,Ordered by Mistake
ORD004972,CUST00950,PROD015,Beauty,2999,899.7,2099.3,2.6,0,5,standard,card,2026-02-18,1,Quality Issues
ORD004973,CUST00868,PROD010,Fashion,1299,324.75,974.25,4.9,0,4,standard,upi,2026-05-10,0,
ORD004974,CUST00716,PROD010,Fashion,1299,129.9,1169.1,4.6,2,2,express,upi,2026-07-16,0,
ORD004975,CUST00577,PROD002,Books,4999,0.0,4999.0,3.4,1,6,standard,cod,2026-07-17,0,
ORD004976,CUST01861,PROD007,Fashion,1299,259.8,1039.2,4.4,0,5,standard,card,2026-05-19,1,Product Not as Expected
ORD004977,CUST01638,PROD009,Home & Lifestyle,1999,499.75,1499.25,3.9,1,6,standard,cod,2026-08-29,0,
ORD004978,CUST01928,PROD007,Fashion,1299,259.8,1039.2,4.7,4,2,express,upi,2025-11-23,0,
ORD004979,CUST00460,PROD013,Home & Lifestyle,2999,299.9,2699.1,3.4,1,1,express,upi,2026-07-07,0,
ORD004980,CUST01954,PROD019,Electronics,1299,259.8,1039.2,4.1,0,2,express,card,2025-11-03,0,
ORD004981,CUST00313,PROD007,Fashion,1299,194.85,1104.15,4.5,1,5,standard,upi,2026-02-19,0,
ORD004982,CUST00384,PROD013,Home & Lifestyle,2999,749.75,2249.25,3.5,5,1,express,card,2026-06-12,0,
ORD004983,CUST01772,PROD001,Beauty,1999,399.8,1599.2,3.2,2,2,express,card,2026-05-26,0,
ORD004984,CUST00267,PROD019,Electronics,1299,0.0,1299.0,3.8,2,6,standard,wallet,2026-03-18,0,
ORD004985,CUST00574,PROD002,Books,4999,999.8,3999.2,3.8,1,5,standard,upi,2026-04-28,0,
ORD004986,CUST00311,PROD006,Books,1299,324.75,974.25,2.4,1,6,standard,card,2026-08-31,0,
ORD004987,CUST01456,PROD019,Electronics,1299,194.85,1104.15,3.9,0,6,standard,cod,2026-07-25,0,
ORD004988,CUST01380,PROD010,Fashion,1299,0.0,1299.0,5.0,0,3,standard,cod,2026-06-01,0,
ORD004989,CUST01096,PROD018,Books,499,74.85,424.15,4.0,6,3,standard,card,2025-09-10,0,
ORD004990,CUST00743,PROD010,Fashion,1299,194.85,1104.15,4.4,3,1,express,card,2026-02-17,1,Wrong Size
ORD004991,CUST00085,PROD002,Books,4999,749.85,4249.15,3.6,1,3,standard,wallet,2026-03-11,0,
ORD004992,CUST00608,PROD017,Beauty,299,0.0,299.0,4.9,1,8,economy,upi,2026-04-16,0,
ORD004993,CUST01416,PROD015,Beauty,2999,0.0,2999.0,2.8,6,3,standard,card,2025-10-11,1,Ordered by Mistake
ORD004994,CUST01789,PROD006,Books,1299,324.75,974.25,2.9,4,1,express,cod,2026-03-22,0,
ORD004995,CUST01755,PROD002,Books,4999,0.0,4999.0,3.6,2,10,economy,upi,2026-06-29,1,Better Price Elsewhere
ORD004996,CUST01025,PROD007,Fashion,1299,129.9,1169.1,5.0,5,6,standard,card,2026-02-27,1,Ordered by Mistake
ORD004997,CUST01758,PROD010,Fashion,1299,259.8,1039.2,4.4,2,3,standard,cod,2025-10-03,0,
ORD004998,CUST00791,PROD008,Home & Lifestyle,1299,0.0,1299.0,3.5,4,1,express,card,2026-06-28,1,Wrong Size
ORD004999,CUST01541,PROD016,Beauty,499,49.9,449.1,3.1,4,4,standard,card,2025-12-02,1,Damaged/Defective
ORD005000,CUST00522,PROD007,Fashion,1299,519.6,779.4,5.0,0,2,express,upi,2026-04-03,0,
ORD005001,CUST01502,PROD020,Books,4999,749.85,4249.15,2.6,1,1,express,upi,2026-03-16,0,
ORD005002,CUST00387,PROD013,Home & Lifestyle,2999,0.0,2999.0,3.4,1,11,economy,upi,2026-03-16,0,
ORD005003,CUST00553,PROD012,Beauty,4999,999.8,3999.2,4.0,2,10,economy,card,2026-03-18,0,
ORD005004,CUST01408,PROD018,Books,499,49.9,449.1,3.5,0,5,standard,upi,2025-09-15,0,
ORD005005,CUST00531,PROD008,Home & Lifestyle,1299,0.0,1299.0,3.7,1,9,economy,upi,2025-11-08,0,
ORD005006,CUST01614,PROD018,Books,499,149.7,349.3,3.5,2,4,standard,card,2026-05-21,0,
ORD005007,CUST00012,PROD005,Fashion,1299,0.0,1299.0,3.2,0,2,express,card,2026-09-01,1,Damaged/Defective
ORD005008,CUST00865,PROD003,Home & Lifestyle,1999,299.85,1699.15,4.1,2,1,express,upi,2025-12-19,1,Product Not as Expected
ORD005009,CUST00798,PROD008,Home & Lifestyle,1299,0.0,1299.0,3.4,0,3,standard,card,2025-12-09,0,
ORD005010,CUST00206,PROD008,Home & Lifestyle,1299,194.85,1104.15,3.7,7,5,standard,cod,2025-10-19,0,
ORD005011,CUST00183,PROD018,Books,499,0.0,499.0,3.5,0,2,express,upi,2026-06-01,1,Better Price Elsewhere
ORD005012,CUST01428,PROD011,Fashion,299,74.75,224.25,2.5,1,6,standard,cod,2025-10-31,1,Damaged/Defective
ORD005013,CUST00292,PROD016,Beauty,499,0.0,499.0,3.2,2,5,standard,cod,2025-12-10,0,
ORD005014,CUST00470,PROD009,Home & Lifestyle,1999,499.75,1499.25,3.9,1,4,standard,cod,2026-09-02,0,
ORD005015,CUST00612,PROD003,Home & Lifestyle,1999,199.9,1799.1,3.7,7,3,standard,card,2026-01-05,0,
ORD005016,CUST01592,PROD019,Electronics,1299,0.0,1299.0,4.2,1,4,standard,upi,2025-12-04,0,
ORD005017,CUST01579,PROD012,Beauty,4999,0.0,4999.0,4.3,0,4,standard,upi,2026-02-06,0,
ORD005018,CUST01872,PROD012,Beauty,4999,999.8,3999.2,4.1,0,6,standard,card,2026-03-16,1,Wrong Size
ORD005019,CUST01347,PROD009,Home & Lifestyle,1999,499.75,1499.25,4.1,7,10,economy,card,2026-07-24,0,
ORD005020,CUST00780,PROD018,Books,499,0.0,499.0,3.6,2,6,standard,cod,2026-06-28,0,
ORD005021,CUST00028,PROD014,Beauty,499,49.9,449.1,3.4,1,5,standard,card,2026-03-16,0,
ORD005022,CUST01809,PROD018,Books,499,149.7,349.3,3.5,0,4,standard,upi,2025-11-23,0,
ORD005023,CUST01972,PROD007,Fashion,1299,129.9,1169.1,4.8,0,2,express,card,2026-09-01,1,Wrong Size
ORD005024,CUST00043,PROD007,Fashion,1299,259.8,1039.2,4.5,5,6,standard,card,2026-07-06,1,Damaged/Defective
ORD005025,CUST01340,PROD004,Books,499,199.6,299.4,4.0,0,4,standard,upi,2026-02-14,1,Ordered by Mistake
ORD005026,CUST01834,PROD003,Home & Lifestyle,1999,0.0,1999.0,3.8,1,1,express,card,2026-06-05,0,
ORD005027,CUST01470,PROD003,Home & Lifestyle,1999,0.0,1999.0,4.1,0,4,standard,cod,2025-12-15,0,
ORD005028,CUST01791,PROD001,Beauty,1999,599.7,1399.3,2.6,0,6,standard,upi,2026-01-07,1,Ordered by Mistake
ORD005029,CUST00894,PROD018,Books,499,49.9,449.1,3.6,4,5,standard,card,2026-04-14,0,
ORD005030,CUST01039,PROD015,Beauty,2999,1199.6,1799.4,2.4,3,4,standard,upi,2026-05-21,1,Damaged/Defective
ORD005031,CUST00318,PROD017,Beauty,299,0.0,299.0,4.7,0,1,express,card,2026-03-10,1,Damaged/Defective
ORD005032,CUST00153,PROD010,Fashion,1299,194.85,1104.15,4.8,3,5,standard,upi,2026-08-22,1,Changed Mind
ORD005033,CUST01871,PROD006,Books,1299,0.0,1299.0,2.6,4,5,standard,cod,2026-08-29,0,
ORD005034,CUST00665,PROD016,Beauty,499,199.6,299.4,3.3,5,5,standard,cod,2026-01-09,1,Late Delivery
ORD005035,CUST01135,PROD010,Fashion,1299,519.6,779.4,4.9,2,1,express,upi,2025-12-07,1,Product Not as Expected
ORD005036,CUST00486,PROD004,Books,499,49.9,449.1,4.4,1,2,express,cod,2026-03-04,0,
ORD005037,CUST00074,PROD013,Home & Lifestyle,2999,599.8,2399.2,3.2,2,6,standard,card,2026-08-26,0,
ORD005038,CUST00342,PROD006,Books,1299,0.0,1299.0,2.9,0,4,standard,card,2026-08-30,0,
ORD005039,CUST01388,PROD018,Books,499,49.9,449.1,3.7,0,2,express,upi,2026-06-11,1,Product Not as Expected
ORD005040,CUST00747,PROD006,Books,1299,0.0,1299.0,2.5,1,11,economy,card,2026-05-17,0,
ORD005041,CUST01272,PROD019,Electronics,1299,129.9,1169.1,4.0,2,3,standard,card,2026-03-03,0,
ORD005042,CUST00947,PROD007,Fashion,1299,194.85,1104.15,4.5,1,4,standard,card,2026-08-09,0,
ORD005043,CUST00251,PROD004,Books,499,99.8,399.2,4.4,0,11,economy,cod,2025-10-14,1,Quality Issues
ORD005044,CUST00178,PROD015,Beauty,2999,449.85,2549.15,2.6,3,5,standard,upi,2026-05-03,1,Late Delivery
ORD005045,CUST00780,PROD004,Books,499,74.85,424.15,4.3,3,5,standard,upi,2026-08-21,1,Better Price Elsewhere
ORD005046,CUST01142,PROD014,Beauty,499,49.9,449.1,3.8,1,5,standard,upi,2026-09-01,0,
ORD005047,CUST01096,PROD003,Home & Lifestyle,1999,0.0,1999.0,4.2,8,6,standard,card,2026-02-14,0,
ORD005048,CUST01958,PROD018,Books,499,99.8,399.2,4.0,2,2,express,wallet,2025-11-05,0,
ORD005049,CUST01405,PROD019,Electronics,1299,259.8,1039.2,3.7,4,3,standard,upi,2025-12-30,0,
ORD005050,CUST00581,PROD011,Fashion,299,0.0,299.0,2.3,2,6,standard,upi,2025-11-05,1,Product Not as Expected
ORD005051,CUST01075,PROD019,Electronics,1299,0.0,1299.0,3.8,6,2,express,card,2025-11-08,0,
ORD005052,CUST01788,PROD008,Home & Lifestyle,1299,324.75,974.25,3.8,5,2,express,cod,2026-04-14,1,Better Price Elsewhere
ORD005053,CUST00060,PROD010,Fashion,1299,0.0,1299.0,4.8,4,3,standard,card,2026-04-14,0,
ORD005054,CUST01163,PROD009,Home & Lifestyle,1999,0.0,1999.0,3.9,3,1,express,upi,2026-07-26,0,
ORD005055,CUST00145,PROD019,Electronics,1299,0.0,1299.0,4.0,0,6,standard,upi,2026-03-01,0,
ORD005056,CUST00513,PROD006,Books,1299,0.0,1299.0,2.4,5,3,standard,card,2026-03-31,1,Product Not as Expected
ORD005057,CUST00486,PROD007,Fashion,1299,129.9,1169.1,4.5,7,6,standard,card,2026-07-22,0,
ORD005058,CUST01312,PROD010,Fashion,1299,259.8,1039.2,4.7,2,5,standard,upi,2026-03-21,0,
ORD005059,CUST01260,PROD019,Electronics,1299,259.8,1039.2,4.2,3,1,express,cod,2025-10-04,1,Damaged/Defective
ORD005060,CUST00617,PROD009,Home & Lifestyle,1999,499.75,1499.25,3.7,0,2,express,upi,2026-08-17,1,Better Price Elsewhere
ORD005061,CUST01325,PROD007,Fashion,1299,324.75,974.25,4.4,3,6,standard,cod,2026-04-07,0,
ORD005062,CUST00518,PROD006,Books,1299,194.85,1104.15,2.9,0,2,express,upi,2026-08-20,0,
ORD005063,CUST00423,PROD015,Beauty,2999,749.75,2249.25,2.5,0,6,standard,card,2026-06-09,0,
ORD005064,CUST00870,PROD010,Fashion,1299,0.0,1299.0,5.0,2,3,standard,wallet,2025-10-16,0,
ORD005065,CUST01245,PROD013,Home & Lifestyle,2999,1199.6,1799.4,3.5,5,5,standard,cod,2026-05-14,1,Product Not as Expected
ORD005066,CUST00339,PROD011,Fashion,299,0.0,299.0,2.7,0,5,standard,card,2026-03-14,0,
ORD005067,CUST01935,PROD004,Books,499,124.75,374.25,4.3,6,5,standard,cod,2026-09-05,1,Quality Issues
ORD005068,CUST00253,PROD007,Fashion,1299,0.0,1299.0,4.9,2,6,standard,cod,2026-07-11,0,
ORD005069,CUST00750,PROD008,Home & Lifestyle,1299,519.6,779.4,3.4,2,3,standard,cod,2025-12-12,1,Changed Mind
ORD005070,CUST01295,PROD001,Beauty,1999,399.8,1599.2,3.1,5,1,express,cod,2025-11-12,0,
ORD005071,CUST01867,PROD012,Beauty,4999,0.0,4999.0,4.1,0,4,standard,card,2026-06-19,0,
ORD005072,CUST01486,PROD011,Fashion,299,59.8,239.2,2.3,1,3,standard,card,2026-01-16,1,Ordered by Mistake
ORD005073,CUST01131,PROD014,Beauty,499,0.0,499.0,3.4,4,6,standard,upi,2025-11-28,1,Late Delivery
ORD005074,CUST01786,PROD004,Books,499,49.9,449.1,4.1,3,2,express,card,2026-05-15,1,Changed Mind
ORD005075,CUST01408,PROD007,Fashion,1299,324.75,974.25,4.8,0,5,standard,card,2025-10-28,0,
ORD005076,CUST01092,PROD003,Home & Lifestyle,1999,299.85,1699.15,3.9,1,3,standard,wallet,2026-03-30,0,
ORD005077,CUST00483,PROD018,Books,499,124.75,374.25,3.7,1,2,express,card,2025-10-24,1,Changed Mind
ORD005078,CUST00836,PROD017,Beauty,299,29.9,269.1,4.8,0,3,standard,cod,2025-11-14,0,
ORD005079,CUST01130,PROD020,Books,4999,749.85,4249.15,3.1,1,9,economy,card,2026-03-08,0,
ORD005080,CUST01249,PROD010,Fashion,1299,0.0,1299.0,4.9,2,7,economy,card,2026-08-04,1,Changed Mind
ORD005081,CUST01940,PROD016,Beauty,499,149.7,349.3,3.4,1,2,express,card,2025-10-24,0,
ORD005082,CUST01038,PROD020,Books,4999,499.9,4499.1,3.2,0,1,express,card,2026-08-24,0,
ORD005083,CUST00299,PROD004,Books,499,0.0,499.0,4.3,0,5,standard,upi,2026-03-17,1,Late Delivery
ORD005084,CUST01860,PROD010,Fashion,1299,129.9,1169.1,4.5,1,5,standard,card,2026-06-16,0,
ORD005085,CUST01281,PROD012,Beauty,4999,499.9,4499.1,3.9,0,2,express,cod,2026-03-18,0,
ORD005086,CUST01206,PROD010,Fashion,1299,129.9,1169.1,4.4,0,5,standard,card,2026-05-02,0,
ORD005087,CUST00488,PROD001,Beauty,1999,0.0,1999.0,3.1,2,5,standard,cod,2026-08-04,0,
ORD005088,CUST01448,PROD007,Fashion,1299,194.85,1104.15,4.8,2,5,standard,card,2026-04-06,0,
ORD005089,CUST01574,PROD016,Beauty,499,49.9,449.1,3.5,3,3,standard,card,2026-02-11,0,
ORD005090,CUST00949,PROD002,Books,4999,499.9,4499.1,3.5,1,3,standard,card,2026-03-24,0,
ORD005091,CUST01633,PROD003,Home & Lifestyle,1999,399.8,1599.2,3.8,5,5,standard,card,2025-11-05,0,
ORD005092,CUST00884,PROD002,Books,4999,999.8,3999.2,3.4,0,3,standard,card,2026-02-03,1,Late Delivery
ORD005093,CUST01607,PROD015,Beauty,2999,1199.6,1799.4,2.6,0,8,economy,upi,2026-01-14,1,Late Delivery
ORD005094,CUST00180,PROD001,Beauty,1999,0.0,1999.0,2.8,4,6,standard,card,2026-01-25,1,Quality Issues
ORD005095,CUST01866,PROD003,Home & Lifestyle,1999,0.0,1999.0,4.1,5,6,standard,upi,2026-03-08,0,
ORD005096,CUST01440,PROD014,Beauty,499,99.8,399.2,3.7,2,2,express,upi,2026-02-10,0,
ORD005097,CUST00743,PROD003,Home & Lifestyle,1999,0.0,1999.0,3.9,2,2,express,card,2026-08-23,1,Late Delivery
ORD005098,CUST01161,PROD005,Fashion,1299,194.85,1104.15,3.0,8,5,standard,card,2026-01-15,1,Changed Mind
ORD005099,CUST01519,PROD020,Books,4999,999.8,3999.2,3.0,6,2,express,card,2025-12-26,0,
ORD005100,CUST00271,PROD019,Electronics,1299,259.8,1039.2,3.7,0,4,standard,upi,2026-07-22,1,Damaged/Defective
ORD005101,CUST01806,PROD012,Beauty,4999,499.9,4499.1,4.1,3,9,economy,card,2026-06-24,1,Late Delivery
ORD005102,CUST00900,PROD006,Books,1299,389.7,909.3,2.5,0,1,express,card,2025-12-29,0,
ORD005103,CUST01586,PROD018,Books,499,124.75,374.25,3.8,0,8,economy,cod,2025-09-29,0,
ORD005104,CUST00868,PROD011,Fashion,299,0.0,299.0,2.8,2,3,standard,card,2026-03-25,0,
ORD005105,CUST01403,PROD011,Fashion,299,119.6,179.4,2.8,3,3,standard,upi,2026-07-14,1,Product Not as Expected
ORD005106,CUST00522,PROD006,Books,1299,324.75,974.25,2.4,3,6,standard,upi,2025-11-22,1,Damaged/Defective
ORD005107,CUST00914,PROD014,Beauty,499,0.0,499.0,3.8,1,4,standard,cod,2025-11-24,0,
ORD005108,CUST00004,PROD002,Books,4999,1249.75,3749.25,3.4,4,1,express,card,2026-09-05,1,Better Price Elsewhere
ORD005109,CUST00008,PROD017,Beauty,299,0.0,299.0,4.8,4,5,standard,upi,2026-06-16,1,Product Not as Expected
ORD005110,CUST01060,PROD016,Beauty,499,99.8,399.2,3.2,0,6,standard,card,2026-05-13,0,
ORD005111,CUST01859,PROD006,Books,1299,194.85,1104.15,2.7,4,6,standard,wallet,2026-02-11,0,
ORD005112,CUST00226,PROD005,Fashion,1299,0.0,1299.0,3.2,0,5,standard,wallet,2026-08-03,0,
ORD005113,CUST01806,PROD011,Fashion,299,89.7,209.3,2.5,1,6,standard,card,2026-03-27,1,Product Not as Expected
ORD005114,CUST00772,PROD009,Home & Lifestyle,1999,599.7,1399.3,3.8,1,5,standard,card,2026-05-14,0,
ORD005115,CUST01995,PROD002,Books,4999,0.0,4999.0,3.6,0,11,economy,cod,2026-05-23,1,Wrong Size
ORD005116,CUST01963,PROD014,Beauty,499,124.75,374.25,3.6,5,3,standard,card,2026-08-14,0,
ORD005117,CUST00220,PROD011,Fashion,299,59.8,239.2,2.4,5,2,express,card,2026-02-18,1,Ordered by Mistake
ORD005118,CUST00490,PROD016,Beauty,499,49.9,449.1,3.4,1,3,standard,card,2026-05-08,1,Changed Mind
ORD005119,CUST01320,PROD019,Electronics,1299,259.8,1039.2,3.9,4,6,standard,card,2025-12-08,0,
ORD005120,CUST00816,PROD010,Fashion,1299,129.9,1169.1,4.6,0,3,standard,upi,2026-02-08,0,
ORD005121,CUST00707,PROD005,Fashion,1299,194.85,1104.15,3.1,0,2,express,upi,2026-02-12,1,Better Price Elsewhere
ORD005122,CUST01486,PROD015,Beauty,2999,0.0,2999.0,2.7,2,2,express,card,2026-03-16,1,Quality Issues
ORD005123,CUST00725,PROD005,Fashion,1299,259.8,1039.2,3.0,2,2,express,card,2026-04-30,0,
ORD005124,CUST00248,PROD018,Books,499,0.0,499.0,3.7,1,3,standard,cod,2026-02-17,1,Wrong Size
ORD005125,CUST00094,PROD020,Books,4999,0.0,4999.0,3.0,4,6,standard,card,2026-05-06,0,
ORD005126,CUST01382,PROD014,Beauty,499,0.0,499.0,3.4,0,3,standard,card,2025-11-30,0,
ORD005127,CUST00771,PROD011,Fashion,299,44.85,254.15,2.3,0,3,standard,card,2026-08-29,0,
ORD005128,CUST00276,PROD011,Fashion,299,59.8,239.2,2.3,4,6,standard,card,2026-02-05,0,
ORD005129,CUST00196,PROD002,Books,4999,749.85,4249.15,3.7,6,6,standard,card,2026-08-24,0,
ORD005130,CUST00660,PROD015,Beauty,2999,299.9,2699.1,2.6,0,2,express,card,2025-11-29,0,
ORD005131,CUST00296,PROD020,Books,4999,749.85,4249.15,2.6,3,4,standard,card,2025-11-24,1,Ordered by Mistake
ORD005132,CUST00547,PROD016,Beauty,499,49.9,449.1,3.2,1,6,standard,card,2025-10-25,1,Wrong Size
ORD005133,CUST01628,PROD015,Beauty,2999,899.7,2099.3,2.4,0,3,standard,wallet,2025-12-15,1,Damaged/Defective
ORD005134,CUST00381,PROD013,Home & Lifestyle,2999,1199.6,1799.4,3.4,6,5,standard,upi,2025-12-03,1,Quality Issues
ORD005135,CUST01745,PROD005,Fashion,1299,194.85,1104.15,3.1,3,10,economy,card,2026-08-21,0,
ORD005136,CUST01857,PROD004,Books,499,199.6,299.4,4.2,0,4,standard,card,2026-08-15,0,
ORD005137,CUST00483,PROD014,Beauty,499,149.7,349.3,3.6,0,6,standard,card,2025-09-18,0,
ORD005138,CUST01774,PROD013,Home & Lifestyle,2999,449.85,2549.15,3.5,6,2,express,card,2026-02-25,0,
ORD005139,CUST01252,PROD016,Beauty,499,0.0,499.0,3.5,8,7,economy,upi,2026-04-22,0,
ORD005140,CUST00646,PROD010,Fashion,1299,194.85,1104.15,4.9,5,8,economy,upi,2026-05-17,0,
ORD005141,CUST00162,PROD007,Fashion,1299,324.75,974.25,4.5,3,2,express,card,2026-06-10,1,Better Price Elsewhere
ORD005142,CUST00699,PROD013,Home & Lifestyle,2999,0.0,2999.0,3.5,1,5,standard,card,2026-07-26,1,Quality Issues
ORD005143,CUST01335,PROD005,Fashion,1299,259.8,1039.2,2.9,0,3,standard,upi,2025-10-13,0,
ORD005144,CUST02000,PROD015,Beauty,2999,1199.6,1799.4,2.7,0,5,standard,card,2026-01-18,0,
ORD005145,CUST01662,PROD009,Home & Lifestyle,1999,0.0,1999.0,3.7,5,2,express,card,2026-01-03,1,Damaged/Defective
ORD005146,CUST00797,PROD017,Beauty,299,29.9,269.1,4.7,1,1,express,cod,2026-08-04,0,
ORD005147,CUST01628,PROD004,Books,499,149.7,349.3,4.1,4,6,standard,cod,2026-01-01,1,Product Not as Expected
ORD005148,CUST00357,PROD017,Beauty,299,59.8,239.2,4.6,0,3,standard,card,2025-09-21,1,Ordered by Mistake
ORD005149,CUST01618,PROD005,Fashion,1299,324.75,974.25,2.8,3,4,standard,card,2025-11-27,0,
ORD005150,CUST00662,PROD007,Fashion,1299,324.75,974.25,4.4,1,6,standard,upi,2025-09-18,0,
ORD005151,CUST00061,PROD020,Books,4999,0.0,4999.0,3.2,0,5,standard,card,2025-10-14,0,
ORD005152,CUST00899,PROD011,Fashion,299,44.85,254.15,2.7,5,3,standard,upi,2026-08-25,1,Damaged/Defective
ORD005153,CUST00156,PROD012,Beauty,4999,0.0,4999.0,4.0,0,8,economy,cod,2026-01-19,0,
ORD005154,CUST01333,PROD019,Electronics,1299,259.8,1039.2,3.6,1,4,standard,card,2026-05-27,0,
ORD005155,CUST01974,PROD013,Home & Lifestyle,2999,0.0,2999.0,3.4,5,4,standard,card,2026-06-23,0,
ORD005156,CUST01667,PROD016,Beauty,499,0.0,499.0,3.3,0,6,standard,upi,2025-11-01,1,Damaged/Defective
ORD005157,CUST00709,PROD005,Fashion,1299,129.9,1169.1,3.2,0,1,express,upi,2026-08-09,0,
ORD005158,CUST01532,PROD015,Beauty,2999,0.0,2999.0,2.5,0,3,standard,card,2026-04-18,1,Wrong Size
ORD005159,CUST00827,PROD013,Home & Lifestyle,2999,299.9,2699.1,3.2,1,3,standard,card,2026-02-06,0,
ORD005160,CUST00657,PROD007,Fashion,1299,194.85,1104.15,4.8,1,6,standard,card,2026-08-03,0,
ORD005161,CUST01089,PROD018,Books,499,149.7,349.3,3.7,0,4,standard,cod,2025-12-18,1,Better Price Elsewhere
ORD005162,CUST00596,PROD018,Books,499,0.0,499.0,3.5,1,1,express,card,2026-03-12,0,
ORD005163,CUST00526,PROD012,Beauty,4999,0.0,4999.0,4.4,0,6,standard,upi,2026-04-24,0,
ORD005164,CUST01449,PROD011,Fashion,299,29.9,269.1,2.3,0,3,standard,upi,2025-12-10,1,Product Not as Expected
ORD005165,CUST01766,PROD010,Fashion,1299,129.9,1169.1,4.6,0,4,standard,cod,2026-05-29,1,Product Not as Expected
ORD005166,CUST01951,PROD004,Books,499,0.0,499.0,4.2,0,3,standard,cod,2025-09-23,1,Quality Issues
ORD005167,CUST01334,PROD015,Beauty,2999,1199.6,1799.4,2.7,3,4,standard,upi,2026-04-07,0,
ORD005168,CUST00338,PROD004,Books,499,74.85,424.15,4.0,0,1,express,upi,2026-08-31,0,
ORD005169,CUST00881,PROD012,Beauty,4999,0.0,4999.0,4.0,0,3,standard,upi,2026-02-02,0,
ORD005170,CUST01029,PROD013,Home & Lifestyle,2999,0.0,2999.0,3.5,1,1,express,card,2026-02-16,0,
ORD005171,CUST01918,PROD011,Fashion,299,29.9,269.1,2.3,0,3,standard,card,2026-08-23,1,Changed Mind
ORD005172,CUST01700,PROD020,Books,4999,499.9,4499.1,2.8,1,4,standard,cod,2026-08-02,0,
ORD005173,CUST01671,PROD012,Beauty,4999,1499.7,3499.3,4.4,4,2,express,card,2026-07-03,0,
ORD005174,CUST01279,PROD002,Books,4999,749.85,4249.15,3.5,1,2,express,card,2026-07-04,0,
ORD005175,CUST01152,PROD005,Fashion,1299,194.85,1104.15,3.0,4,5,standard,wallet,2025-10-22,0,
ORD005176,CUST00522,PROD008,Home & Lifestyle,1299,0.0,1299.0,3.7,1,4,standard,cod,2026-04-11,0,
ORD005177,CUST00331,PROD014,Beauty,499,0.0,499.0,3.4,3,1,express,cod,2025-10-05,1,Quality Issues
ORD005178,CUST00044,PROD018,Books,499,0.0,499.0,3.4,5,11,economy,upi,2026-07-01,1,Wrong Size
ORD005179,CUST00032,PROD009,Home & Lifestyle,1999,799.6,1199.4,4.0,0,3,standard,upi,2026-03-30,0,
ORD005180,CUST01469,PROD002,Books,4999,999.8,3999.2,3.8,4,4,standard,card,2026-06-06,0,
ORD005181,CUST00139,PROD009,Home & Lifestyle,1999,299.85,1699.15,3.7,0,6,standard,upi,2026-08-29,0,
ORD005182,CUST01423,PROD014,Beauty,499,99.8,399.2,3.7,3,3,standard,upi,2026-05-02,1,Late Delivery
ORD005183,CUST01069,PROD015,Beauty,2999,449.85,2549.15,2.7,2,6,standard,card,2026-04-15,0,
ORD005184,CUST01366,PROD003,Home & Lifestyle,1999,799.6,1199.4,3.8,0,5,standard,upi,2026-06-18,0,
ORD005185,CUST01737,PROD012,Beauty,4999,0.0,4999.0,3.9,1,6,standard,wallet,2025-12-01,0,
ORD005186,CUST01938,PROD003,Home & Lifestyle,1999,799.6,1199.4,4.2,1,6,standard,upi,2026-03-12,0,
ORD005187,CUST00260,PROD013,Home & Lifestyle,2999,599.8,2399.2,3.7,1,6,standard,cod,2026-04-29,0,
ORD005188,CUST00069,PROD018,Books,499,74.85,424.15,3.7,4,2,express,card,2026-01-26,0,
ORD005189,CUST00417,PROD009,Home & Lifestyle,1999,199.9,1799.1,3.7,0,3,standard,card,2026-01-09,0,
ORD005190,CUST00840,PROD001,Beauty,1999,0.0,1999.0,2.6,0,4,standard,upi,2026-05-22,0,
ORD005191,CUST00153,PROD015,Beauty,2999,449.85,2549.15,2.5,0,1,express,cod,2025-12-22,0,
ORD005192,CUST01749,PROD003,Home & Lifestyle,1999,499.75,1499.25,3.9,0,1,express,card,2025-10-01,0,
ORD005193,CUST00997,PROD014,Beauty,499,99.8,399.2,3.4,0,7,economy,upi,2026-03-15,1,Better Price Elsewhere
ORD005194,CUST01794,PROD003,Home & Lifestyle,1999,499.75,1499.25,3.8,0,8,economy,cod,2025-09-17,0,
ORD005195,CUST01618,PROD014,Beauty,499,0.0,499.0,3.5,0,6,standard,card,2025-11-16,0,
ORD005196,CUST01658,PROD005,Fashion,1299,0.0,1299.0,3.1,3,5,standard,upi,2025-11-27,1,Changed Mind
ORD005197,CUST01305,PROD008,Home & Lifestyle,1299,129.9,1169.1,3.5,5,1,express,cod,2026-04-22,0,
ORD005198,CUST01264,PROD011,Fashion,299,0.0,299.0,2.4,1,6,standard,cod,2025-10-18,1,Product Not as Expected
ORD005199,CUST01606,PROD011,Fashion,299,29.9,269.1,2.8,6,5,standard,upi,2026-04-25,1,Wrong Size
ORD005200,CUST00948,PROD005,Fashion,1299,519.6,779.4,3.2,0,9,economy,cod,2026-06-21,1,Wrong Size
ORD005201,CUST01832,PROD004,Books,499,124.75,374.25,4.0,2,3,standard,card,2026-06-29,0,
ORD005202,CUST01427,PROD005,Fashion,1299,0.0,1299.0,2.9,3,5,standard,card,2025-10-22,1,Wrong Size
ORD005203,CUST01078,PROD005,Fashion,1299,259.8,1039.2,3.0,4,2,express,card,2025-11-19,1,Quality Issues
ORD005204,CUST01325,PROD014,Beauty,499,74.85,424.15,3.4,4,9,economy,upi,2025-12-12,1,Changed Mind
ORD005205,CUST00777,PROD016,Beauty,499,49.9,449.1,3.2,0,4,standard,card,2026-08-11,0,
ORD005206,CUST00742,PROD001,Beauty,1999,199.9,1799.1,3.0,0,2,express,card,2026-03-29,1,Late Delivery
ORD005207,CUST00114,PROD006,Books,1299,194.85,1104.15,2.5,1,1,express,wallet,2026-07-08,0,
ORD005208,CUST00535,PROD003,Home & Lifestyle,1999,0.0,1999.0,3.9,0,10,economy,card,2025-10-18,1,Ordered by Mistake
ORD005209,CUST00654,PROD016,Beauty,499,0.0,499.0,3.3,1,5,standard,cod,2026-01-25,1,Damaged/Defective
ORD005210,CUST01406,PROD003,Home & Lifestyle,1999,0.0,1999.0,4.0,1,1,express,card,2026-02-16,0,
ORD005211,CUST00836,PROD011,Fashion,299,74.75,224.25,2.8,0,6,standard,card,2025-11-07,1,Quality Issues
ORD005212,CUST00605,PROD007,Fashion,1299,194.85,1104.15,4.7,3,5,standard,card,2026-03-31,0,
ORD005213,CUST00761,PROD012,Beauty,4999,1499.7,3499.3,4.3,0,6,standard,cod,2026-08-06,1,Wrong Size
ORD005214,CUST00297,PROD004,Books,499,74.85,424.15,4.0,3,5,standard,upi,2026-07-27,1,Better Price Elsewhere
ORD005215,CUST01418,PROD002,Books,4999,749.85,4249.15,3.5,0,5,standard,card,2025-11-16,0,
ORD005216,CUST00563,PROD007,Fashion,1299,259.8,1039.2,4.6,3,4,standard,card,2026-05-30,1,Better Price Elsewhere
ORD005217,CUST00736,PROD018,Books,499,74.85,424.15,3.5,0,6,standard,card,2026-05-12,0,
ORD005218,CUST01882,PROD008,Home & Lifestyle,1299,0.0,1299.0,3.5,1,5,standard,card,2026-08-24,0,
ORD005219,CUST00385,PROD020,Books,4999,1249.75,3749.25,2.7,1,4,standard,cod,2026-03-06,0,
ORD005220,CUST01229,PROD019,Electronics,1299,194.85,1104.15,3.7,6,4,standard,upi,2026-05-13,0,
ORD005221,CUST00018,PROD004,Books,499,0.0,499.0,3.9,0,3,standard,card,2026-04-16,0,
ORD005222,CUST00722,PROD011,Fashion,299,44.85,254.15,2.6,0,1,express,upi,2026-02-16,0,
ORD005223,CUST01191,PROD018,Books,499,99.8,399.2,3.7,6,2,express,cod,2026-04-30,1,Damaged/Defective
ORD005224,CUST01527,PROD012,Beauty,4999,0.0,4999.0,4.0,2,3,standard,card,2026-03-16,0,
ORD005225,CUST01022,PROD012,Beauty,4999,0.0,4999.0,4.3,6,2,express,cod,2026-01-03,0,
ORD005226,CUST00463,PROD005,Fashion,1299,194.85,1104.15,2.6,3,6,standard,upi,2025-11-21,1,Quality Issues
ORD005227,CUST00746,PROD010,Fashion,1299,129.9,1169.1,4.4,0,1,express,upi,2025-10-02,1,Wrong Size
ORD005228,CUST00652,PROD012,Beauty,4999,499.9,4499.1,4.3,1,5,standard,cod,2026-08-08,0,
ORD005229,CUST00815,PROD017,Beauty,299,119.6,179.4,4.5,0,4,standard,cod,2025-11-11,0,
ORD005230,CUST01524,PROD019,Electronics,1299,0.0,1299.0,4.1,8,3,standard,card,2025-09-11,0,
ORD005231,CUST00146,PROD008,Home & Lifestyle,1299,194.85,1104.15,3.5,0,1,express,upi,2026-01-26,0,
ORD005232,CUST00260,PROD016,Beauty,499,149.7,349.3,3.5,2,4,standard,card,2026-06-04,0,
ORD005233,CUST00078,PROD016,Beauty,499,49.9,449.1,3.4,1,4,standard,upi,2026-07-18,1,Damaged/Defective
ORD005234,CUST01879,PROD014,Beauty,499,74.85,424.15,3.7,4,4,standard,upi,2025-11-20,0,
ORD005235,CUST00328,PROD001,Beauty,1999,0.0,1999.0,2.6,0,5,standard,card,2026-02-24,1,Quality Issues
ORD005236,CUST00443,PROD008,Home & Lifestyle,1299,129.9,1169.1,3.4,0,1,express,card,2026-05-25,0,
ORD005237,CUST00125,PROD019,Electronics,1299,324.75,974.25,4.2,0,4,standard,wallet,2025-10-15,1,Damaged/Defective
ORD005238,CUST00045,PROD018,Books,499,0.0,499.0,3.7,2,3,standard,card,2025-09-30,0,
ORD005239,CUST01621,PROD001,Beauty,1999,299.85,1699.15,3.1,1,3,standard,upi,2026-03-29,0,
ORD005240,CUST01440,PROD020,Books,4999,0.0,4999.0,2.9,1,3,standard,upi,2026-04-14,1,Better Price Elsewhere
ORD005241,CUST00649,PROD007,Fashion,1299,259.8,1039.2,4.6,1,6,standard,card,2026-07-19,0,
ORD005242,CUST01959,PROD017,Beauty,299,119.6,179.4,4.8,5,4,standard,card,2026-01-16,1,Late Delivery
ORD005243,CUST01656,PROD011,Fashion,299,0.0,299.0,2.7,4,7,economy,upi,2026-08-22,0,
ORD005244,CUST00424,PROD012,Beauty,4999,0.0,4999.0,3.9,5,4,standard,card,2026-03-10,0,
ORD005245,CUST00133,PROD005,Fashion,1299,519.6,779.4,3.0,4,2,express,card,2026-02-27,1,Ordered by Mistake
ORD005246,CUST00020,PROD018,Books,499,0.0,499.0,3.5,0,4,standard,upi,2026-04-17,0,
ORD005247,CUST01759,PROD016,Beauty,499,74.85,424.15,3.3,0,4,standard,card,2026-06-26,0,
ORD005248,CUST01299,PROD004,Books,499,99.8,399.2,4.0,2,1,express,upi,2026-08-22,0,
ORD005249,CUST01334,PROD011,Fashion,299,0.0,299.0,2.8,4,6,standard,upi,2025-12-15,0,
ORD005250,CUST00926,PROD006,Books,1299,0.0,1299.0,2.8,3,3,standard,upi,2025-11-18,0,
ORD005251,CUST01442,PROD018,Books,499,99.8,399.2,3.5,1,5,standard,card,2026-01-26,0,
ORD005252,CUST01992,PROD014,Beauty,499,199.6,299.4,3.6,1,9,economy,card,2026-04-28,0,
ORD005253,CUST01988,PROD017,Beauty,299,29.9,269.1,4.7,4,1,express,cod,2026-02-15,1,Damaged/Defective
ORD005254,CUST00021,PROD004,Books,499,49.9,449.1,4.3,5,5,standard,upi,2026-06-02,1,Ordered by Mistake
ORD005255,CUST00530,PROD012,Beauty,4999,0.0,4999.0,4.1,0,6,standard,upi,2026-04-25,1,Ordered by Mistake
ORD005256,CUST00421,PROD014,Beauty,499,99.8,399.2,3.2,0,1,express,upi,2026-04-19,0,
ORD005257,CUST01751,PROD003,Home & Lifestyle,1999,199.9,1799.1,3.7,0,1,express,upi,2026-05-16,0,
ORD005258,CUST01726,PROD003,Home & Lifestyle,1999,0.0,1999.0,4.0,1,3,standard,card,2026-04-04,0,
ORD005259,CUST01451,PROD013,Home & Lifestyle,2999,0.0,2999.0,3.3,3,3,standard,upi,2025-12-23,0,
ORD005260,CUST01831,PROD018,Books,499,0.0,499.0,3.4,4,1,express,upi,2026-07-15,0,
ORD005261,CUST01460,PROD012,Beauty,4999,0.0,4999.0,4.0,2,10,economy,card,2026-08-26,0,
ORD005262,CUST01331,PROD008,Home & Lifestyle,1299,324.75,974.25,3.5,1,5,standard,card,2026-02-26,0,
ORD005263,CUST00249,PROD020,Books,4999,1249.75,3749.25,2.7,1,4,standard,wallet,2026-08-09,1,Late Delivery
ORD005264,CUST01277,PROD017,Beauty,299,29.9,269.1,4.8,8,5,standard,card,2026-05-08,0,
ORD005265,CUST01636,PROD015,Beauty,2999,599.8,2399.2,2.8,1,2,express,upi,2026-07-24,1,Wrong Size
ORD005266,CUST00517,PROD014,Beauty,499,0.0,499.0,3.4,2,5,standard,card,2026-03-05,0,
ORD005267,CUST00687,PROD008,Home & Lifestyle,1299,129.9,1169.1,4.0,2,2,express,card,2026-07-16,0,
ORD005268,CUST01947,PROD002,Books,4999,0.0,4999.0,3.3,7,6,standard,upi,2026-08-27,1,Product Not as Expected
ORD005269,CUST01282,PROD018,Books,499,49.9,449.1,3.8,2,4,standard,upi,2026-01-25,1,Changed Mind
ORD005270,CUST01373,PROD010,Fashion,1299,259.8,1039.2,4.6,4,5,standard,card,2026-02-08,0,
ORD005271,CUST01264,PROD003,Home & Lifestyle,1999,0.0,1999.0,4.0,6,6,standard,card,2025-10-15,1,Damaged/Defective
ORD005272,CUST01675,PROD019,Electronics,1299,259.8,1039.2,3.9,4,3,standard,upi,2025-09-14,0,
ORD005273,CUST01164,PROD015,Beauty,2999,0.0,2999.0,2.4,0,6,standard,card,2025-11-05,1,Damaged/Defective
ORD005274,CUST01494,PROD015,Beauty,2999,449.85,2549.15,2.7,0,5,standard,wallet,2026-07-16,0,
ORD005275,CUST00330,PROD018,Books,499,0.0,499.0,3.8,0,5,standard,upi,2026-07-13,0,
ORD005276,CUST01493,PROD015,Beauty,2999,599.8,2399.2,2.7,6,6,standard,upi,2025-11-23,1,Product Not as Expected
ORD005277,CUST01379,PROD012,Beauty,4999,749.85,4249.15,4.1,5,3,standard,card,2026-06-01,0,
ORD005278,CUST00013,PROD005,Fashion,1299,194.85,1104.15,2.8,0,5,standard,card,2025-12-24,0,
ORD005279,CUST01604,PROD016,Beauty,499,74.85,424.15,3.6,2,9,economy,card,2025-11-11,1,Product Not as Expected
ORD005280,CUST00317,PROD006,Books,1299,194.85,1104.15,2.8,0,5,standard,card,2026-04-22,0,
ORD005281,CUST00835,PROD002,Books,4999,1249.75,3749.25,3.5,2,5,standard,card,2026-01-01,0,
ORD005282,CUST01587,PROD018,Books,499,149.7,349.3,3.7,0,2,express,card,2026-03-28,1,Changed Mind
ORD005283,CUST01933,PROD012,Beauty,4999,999.8,3999.2,4.3,4,5,standard,upi,2026-05-15,1,Changed Mind
ORD005284,CUST00065,PROD002,Books,4999,999.8,3999.2,3.4,7,2,express,wallet,2026-07-05,1,Damaged/Defective
ORD005285,CUST01190,PROD004,Books,499,0.0,499.0,3.9,4,6,standard,card,2026-04-18,1,Ordered by Mistake
ORD005286,CUST01695,PROD005,Fashion,1299,194.85,1104.15,2.8,3,2,express,card,2025-11-16,0,
ORD005287,CUST01264,PROD013,Home & Lifestyle,2999,899.7,2099.3,3.4,0,5,standard,card,2026-01-20,1,Ordered by Mistake
ORD005288,CUST00919,PROD013,Home & Lifestyle,2999,299.9,2699.1,3.1,0,5,standard,card,2026-05-31,0,
ORD005289,CUST00689,PROD002,Books,4999,499.9,4499.1,3.4,2,2,express,upi,2026-02-01,0,
ORD005290,CUST00454,PROD015,Beauty,2999,899.7,2099.3,2.8,3,1,express,upi,2026-02-07,0,
ORD005291,CUST01322,PROD015,Beauty,2999,0.0,2999.0,2.7,0,7,economy,upi,2025-11-27,1,Better Price Elsewhere
ORD005292,CUST01897,PROD010,Fashion,1299,324.75,974.25,4.8,3,4,standard,upi,2026-08-20,0,
ORD005293,CUST00396,PROD014,Beauty,499,124.75,374.25,3.7,1,6,standard,cod,2026-03-13,1,Wrong Size
ORD005294,CUST01951,PROD014,Beauty,499,149.7,349.3,3.4,0,2,express,card,2026-01-18,0,
ORD005295,CUST00449,PROD019,Electronics,1299,194.85,1104.15,4.0,1,1,express,card,2026-02-02,0,
ORD005296,CUST01673,PROD020,Books,4999,749.85,4249.15,2.6,3,2,express,upi,2026-05-06,0,
ORD005297,CUST00993,PROD004,Books,499,74.85,424.15,4.3,3,2,express,upi,2026-02-04,0,
ORD005298,CUST00215,PROD005,Fashion,1299,0.0,1299.0,3.2,3,1,express,card,2026-07-31,1,Product Not as Expected
ORD005299,CUST00167,PROD015,Beauty,2999,449.85,2549.15,2.8,5,9,economy,card,2026-09-07,1,Product Not as Expected
ORD005300,CUST00673,PROD014,Beauty,499,49.9,449.1,3.2,1,5,standard,cod,2026-02-25,0,
ORD005301,CUST01201,PROD005,Fashion,1299,0.0,1299.0,3.0,0,4,standard,card,2026-07-26,0,
ORD005302,CUST00223,PROD019,Electronics,1299,194.85,1104.15,4.1,2,2,express,card,2026-03-28,0,
ORD005303,CUST00234,PROD001,Beauty,1999,0.0,1999.0,2.8,4,5,standard,card,2025-09-22,1,Damaged/Defective
ORD005304,CUST01461,PROD012,Beauty,4999,0.0,4999.0,4.2,5,2,express,card,2026-05-20,0,
ORD005305,CUST00748,PROD013,Home & Lifestyle,2999,599.8,2399.2,3.3,3,1,express,upi,2025-11-28,1,Ordered by Mistake
ORD005306,CUST01063,PROD011,Fashion,299,89.7,209.3,2.3,4,4,standard,upi,2025-12-22,0,
ORD005307,CUST01621,PROD011,Fashion,299,74.75,224.25,2.2,3,4,standard,upi,2025-10-27,1,Better Price Elsewhere
ORD005308,CUST00361,PROD010,Fashion,1299,0.0,1299.0,4.9,1,3,standard,card,2026-01-12,0,
ORD005309,CUST01921,PROD018,Books,499,124.75,374.25,3.8,0,3,standard,card,2026-08-11,0,
ORD005310,CUST01510,PROD011,Fashion,299,59.8,239.2,2.6,4,5,standard,card,2026-08-13,0,
ORD005311,CUST01421,PROD008,Home & Lifestyle,1299,194.85,1104.15,3.4,1,1,express,card,2025-10-11,1,Ordered by Mistake
ORD005312,CUST00899,PROD018,Books,499,74.85,424.15,3.5,5,4,standard,card,2025-10-30,1,Wrong Size
ORD005313,CUST01547,PROD016,Beauty,499,0.0,499.0,3.5,4,4,standard,upi,2025-12-12,1,Quality Issues
ORD005314,CUST01137,PROD018,Books,499,99.8,399.2,3.5,0,3,standard,cod,2026-06-13,0,
ORD005315,CUST01319,PROD007,Fashion,1299,0.0,1299.0,4.5,4,2,express,card,2025-10-03,0,
ORD005316,CUST00021,PROD011,Fashion,299,44.85,254.15,2.6,2,2,express,card,2026-09-05,0,
ORD005317,CUST01103,PROD013,Home & Lifestyle,2999,299.9,2699.1,3.4,0,3,standard,card,2025-11-09,0,
ORD005318,CUST00669,PROD015,Beauty,2999,449.85,2549.15,2.5,0,3,standard,cod,2026-05-18,1,Wrong Size
ORD005319,CUST00325,PROD008,Home & Lifestyle,1299,324.75,974.25,3.9,5,1,express,upi,2026-04-30,0,
ORD005320,CUST01667,PROD011,Fashion,299,59.8,239.2,2.7,3,6,standard,upi,2026-04-20,0,
ORD005321,CUST01005,PROD003,Home & Lifestyle,1999,799.6,1199.4,3.9,0,1,express,card,2026-06-17,1,Ordered by Mistake
ORD005322,CUST00617,PROD016,Beauty,499,49.9,449.1,3.1,1,6,standard,card,2026-02-09,1,Late Delivery
ORD005323,CUST00547,PROD007,Fashion,1299,194.85,1104.15,4.7,3,2,express,card,2026-04-18,0,
ORD005324,CUST00194,PROD013,Home & Lifestyle,2999,0.0,2999.0,3.1,1,1,express,wallet,2025-12-25,1,Late Delivery
ORD005325,CUST00064,PROD009,Home & Lifestyle,1999,499.75,1499.25,3.8,0,5,standard,card,2026-04-16,0,
ORD005326,CUST00008,PROD015,Beauty,2999,599.8,2399.2,2.5,2,3,standard,card,2026-06-20,1,Quality Issues
ORD005327,CUST01814,PROD015,Beauty,2999,0.0,2999.0,2.7,0,10,economy,upi,2026-03-18,1,Ordered by Mistake
ORD005328,CUST00597,PROD006,Books,1299,129.9,1169.1,2.8,0,1,express,wallet,2026-04-06,0,
ORD005329,CUST00211,PROD008,Home & Lifestyle,1299,259.8,1039.2,3.7,2,1,express,wallet,2026-02-24,1,Changed Mind
ORD005330,CUST01466,PROD020,Books,4999,1249.75,3749.25,2.9,0,5,standard,card,2025-11-22,0,
ORD005331,CUST00030,PROD017,Beauty,299,0.0,299.0,4.7,4,5,standard,upi,2026-06-04,1,Product Not as Expected
ORD005332,CUST00001,PROD005,Fashion,1299,259.8,1039.2,2.7,6,4,standard,card,2026-08-13,1,Late Delivery
ORD005333,CUST01291,PROD016,Beauty,499,124.75,374.25,3.4,3,7,economy,card,2025-10-05,1,Better Price Elsewhere
ORD005334,CUST00916,PROD017,Beauty,299,89.7,209.3,5.0,1,4,standard,card,2025-11-24,0,
ORD005335,CUST00841,PROD008,Home & Lifestyle,1299,129.9,1169.1,3.7,2,4,standard,upi,2026-03-01,0,
ORD005336,CUST00157,PROD020,Books,4999,749.85,4249.15,2.8,0,2,express,cod,2025-11-22,0,
ORD005337,CUST01662,PROD017,Beauty,299,59.8,239.2,4.5,3,2,express,upi,2026-07-16,0,
ORD005338,CUST00665,PROD005,Fashion,1299,0.0,1299.0,2.8,0,7,economy,wallet,2026-06-19,1,Better Price Elsewhere
ORD005339,CUST01601,PROD011,Fashion,299,89.7,209.3,2.7,1,3,standard,cod,2026-03-21,0,
ORD005340,CUST00533,PROD012,Beauty,4999,499.9,4499.1,3.9,1,6,standard,card,2025-12-21,1,Damaged/Defective
ORD005341,CUST00467,PROD006,Books,1299,0.0,1299.0,2.5,0,5,standard,upi,2025-09-19,1,Changed Mind
ORD005342,CUST00537,PROD003,Home & Lifestyle,1999,499.75,1499.25,3.7,2,5,standard,card,2026-05-02,0,
ORD005343,CUST01292,PROD011,Fashion,299,0.0,299.0,2.5,0,1,express,card,2026-08-04,1,Better Price Elsewhere
ORD005344,CUST00550,PROD016,Beauty,499,0.0,499.0,3.2,0,2,express,upi,2026-08-23,0,
ORD005345,CUST01737,PROD018,Books,499,124.75,374.25,3.7,4,1,express,upi,2026-08-14,1,Quality Issues
ORD005346,CUST01308,PROD014,Beauty,499,74.85,424.15,3.3,0,2,express,card,2026-06-11,0,
ORD005347,CUST01817,PROD005,Fashion,1299,324.75,974.25,2.9,2,3,standard,upi,2026-02-09,0,
ORD005348,CUST00636,PROD009,Home & Lifestyle,1999,0.0,1999.0,4.0,5,11,economy,cod,2025-10-11,1,Quality Issues
ORD005349,CUST00390,PROD004,Books,499,74.85,424.15,4.0,4,4,standard,card,2025-09-16,0,
ORD005350,CUST00354,PROD005,Fashion,1299,324.75,974.25,2.6,6,1,express,upi,2026-08-04,1,Product Not as Expected
ORD005351,CUST01730,PROD011,Fashion,299,29.9,269.1,2.3,0,6,standard,card,2025-11-08,1,Changed Mind
ORD005352,CUST00555,PROD020,Books,4999,1249.75,3749.25,2.7,7,2,express,card,2025-12-12,0,
ORD005353,CUST01094,PROD014,Beauty,499,0.0,499.0,3.4,0,2,express,upi,2026-05-07,0,
ORD005354,CUST00729,PROD018,Books,499,49.9,449.1,4.0,5,10,economy,upi,2026-05-11,0,
ORD005355,CUST01501,PROD016,Beauty,499,0.0,499.0,3.6,0,5,standard,card,2026-03-05,0,
ORD005356,CUST00326,PROD018,Books,499,99.8,399.2,3.9,1,5,standard,card,2025-11-19,0,
ORD005357,CUST01515,PROD009,Home & Lifestyle,1999,299.85,1699.15,3.8,3,6,standard,upi,2026-08-28,0,
ORD005358,CUST00241,PROD012,Beauty,4999,1249.75,3749.25,3.9,0,4,standard,card,2026-03-21,0,
ORD005359,CUST00118,PROD006,Books,1299,0.0,1299.0,2.5,2,6,standard,upi,2026-07-20,1,Better Price Elsewhere
ORD005360,CUST00633,PROD020,Books,4999,0.0,4999.0,2.6,1,9,economy,card,2026-08-14,0,
ORD005361,CUST01409,PROD009,Home & Lifestyle,1999,0.0,1999.0,3.8,6,3,standard,wallet,2025-12-03,0,
ORD005362,CUST01801,PROD003,Home & Lifestyle,1999,399.8,1599.2,3.9,4,4,standard,card,2026-06-02,0,
ORD005363,CUST01617,PROD009,Home & Lifestyle,1999,199.9,1799.1,3.9,0,4,standard,card,2025-11-21,0,
ORD005364,CUST01336,PROD010,Fashion,1299,389.7,909.3,4.5,8,7,economy,card,2026-04-04,1,Damaged/Defective
ORD005365,CUST00327,PROD007,Fashion,1299,194.85,1104.15,4.7,1,10,economy,upi,2026-03-19,0,
ORD005366,CUST01179,PROD005,Fashion,1299,0.0,1299.0,2.8,2,1,express,upi,2026-08-18,1,Ordered by Mistake
ORD005367,CUST01345,PROD005,Fashion,1299,0.0,1299.0,2.9,3,2,express,card,2026-05-04,0,
ORD005368,CUST00251,PROD009,Home & Lifestyle,1999,199.9,1799.1,4.0,3,4,standard,card,2026-08-03,0,
ORD005369,CUST00092,PROD005,Fashion,1299,259.8,1039.2,2.9,1,2,express,card,2025-12-24,1,Quality Issues
ORD005370,CUST01331,PROD006,Books,1299,129.9,1169.1,2.3,4,6,standard,cod,2026-04-01,0,
ORD005371,CUST01972,PROD001,Beauty,1999,499.75,1499.25,2.8,0,5,standard,upi,2026-06-21,0,
ORD005372,CUST01446,PROD016,Beauty,499,74.85,424.15,3.1,0,5,standard,cod,2026-07-16,1,Damaged/Defective
ORD005373,CUST00697,PROD007,Fashion,1299,129.9,1169.1,4.9,1,8,economy,card,2026-02-09,0,
ORD005374,CUST00198,PROD012,Beauty,4999,0.0,4999.0,4.3,0,6,standard,upi,2025-11-28,0,
ORD005375,CUST01349,PROD005,Fashion,1299,0.0,1299.0,2.9,2,3,standard,upi,2026-05-23,0,
ORD005376,CUST00794,PROD017,Beauty,299,29.9,269.1,4.4,2,5,standard,card,2026-02-23,0,
ORD005377,CUST01824,PROD001,Beauty,1999,0.0,1999.0,2.8,0,1,express,upi,2026-08-19,0,
ORD005378,CUST01451,PROD020,Books,4999,0.0,4999.0,2.6,1,5,standard,upi,2025-11-01,1,Better Price Elsewhere
ORD005379,CUST00794,PROD015,Beauty,2999,299.9,2699.1,2.6,1,5,standard,card,2026-05-22,0,
ORD005380,CUST01997,PROD002,Books,4999,1249.75,3749.25,3.4,0,3,standard,card,2026-09-02,0,
ORD005381,CUST00631,PROD012,Beauty,4999,499.9,4499.1,4.1,0,9,economy,upi,2026-04-21,0,
ORD005382,CUST01980,PROD005,Fashion,1299,519.6,779.4,2.6,4,1,express,card,2026-07-14,1,Better Price Elsewhere
ORD005383,CUST01509,PROD001,Beauty,1999,0.0,1999.0,2.9,1,1,express,upi,2026-07-09,0,
ORD005384,CUST00880,PROD014,Beauty,499,74.85,424.15,3.6,3,5,standard,card,2026-07-01,0,
ORD005385,CUST01192,PROD006,Books,1299,324.75,974.25,2.5,0,2,express,card,2025-11-11,1,Quality Issues
ORD005386,CUST00549,PROD002,Books,4999,499.9,4499.1,3.4,0,6,standard,cod,2026-04-28,1,Better Price Elsewhere
ORD005387,CUST01347,PROD016,Beauty,499,99.8,399.2,3.3,1,10,economy,cod,2026-05-12,1,Product Not as Expected
ORD005388,CUST00288,PROD008,Home & Lifestyle,1299,194.85,1104.15,3.9,0,3,standard,card,2026-04-18,1,Better Price Elsewhere
ORD005389,CUST00833,PROD004,Books,499,149.7,349.3,4.3,2,3,standard,card,2026-08-12,1,Quality Issues
ORD005390,CUST00694,PROD012,Beauty,4999,749.85,4249.15,3.8,0,2,express,card,2026-04-11,0,
ORD005391,CUST00436,PROD005,Fashion,1299,259.8,1039.2,2.8,0,2,express,upi,2026-05-24,0,
ORD005392,CUST00936,PROD003,Home & Lifestyle,1999,0.0,1999.0,4.1,0,5,standard,upi,2026-05-19,0,
ORD005393,CUST00556,PROD017,Beauty,299,74.75,224.25,4.7,0,6,standard,upi,2026-07-26,0,
ORD005394,CUST01296,PROD004,Books,499,124.75,374.25,4.1,3,3,standard,wallet,2026-02-18,0,
ORD005395,CUST00599,PROD001,Beauty,1999,499.75,1499.25,2.7,2,5,standard,card,2026-03-15,0,
ORD005396,CUST01324,PROD010,Fashion,1299,194.85,1104.15,4.4,4,5,standard,card,2026-03-06,1,Better Price Elsewhere
ORD005397,CUST00776,PROD013,Home & Lifestyle,2999,449.85,2549.15,3.1,0,2,express,cod,2026-03-04,0,
ORD005398,CUST00971,PROD018,Books,499,199.6,299.4,3.6,0,6,standard,card,2026-07-09,1,Wrong Size
ORD005399,CUST01412,PROD005,Fashion,1299,324.75,974.25,2.7,4,5,standard,card,2026-05-19,1,Quality Issues
ORD005400,CUST01397,PROD018,Books,499,74.85,424.15,3.5,1,6,standard,cod,2026-06-07,1,Ordered by Mistake
ORD005401,CUST00415,PROD003,Home & Lifestyle,1999,0.0,1999.0,3.6,2,3,standard,card,2026-02-08,0,
ORD005402,CUST01795,PROD006,Books,1299,129.9,1169.1,2.8,1,11,economy,cod,2026-07-13,1,Changed Mind
ORD005403,CUST00072,PROD019,Electronics,1299,0.0,1299.0,3.8,0,5,standard,card,2025-12-19,0,
ORD005404,CUST00716,PROD011,Fashion,299,74.75,224.25,2.7,3,4,standard,card,2026-05-09,1,Quality Issues
ORD005405,CUST00801,PROD005,Fashion,1299,0.0,1299.0,3.0,4,5,standard,upi,2025-12-02,0,
ORD005406,CUST01592,PROD015,Beauty,2999,1199.6,1799.4,2.4,0,5,standard,upi,2026-02-11,0,
ORD005407,CUST01075,PROD016,Beauty,499,124.75,374.25,3.3,0,9,economy,card,2026-02-12,1,Changed Mind
ORD005408,CUST00451,PROD018,Books,499,49.9,449.1,3.5,0,1,express,card,2026-07-12,0,
ORD005409,CUST00873,PROD001,Beauty,1999,0.0,1999.0,2.7,0,4,standard,card,2025-09-22,0,
ORD005410,CUST00613,PROD011,Fashion,299,89.7,209.3,2.5,0,8,economy,card,2025-10-10,0,
ORD005411,CUST01308,PROD014,Beauty,499,74.85,424.15,3.6,3,6,standard,card,2026-04-17,0,
ORD005412,CUST01350,PROD020,Books,4999,1249.75,3749.25,3.1,0,11,economy,wallet,2025-12-11,1,Changed Mind
ORD005413,CUST01494,PROD014,Beauty,499,0.0,499.0,3.3,2,3,standard,card,2026-08-30,1,Ordered by Mistake
ORD005414,CUST01606,PROD012,Beauty,4999,749.85,4249.15,4.1,3,4,standard,card,2026-07-16,1,Better Price Elsewhere
ORD005415,CUST01012,PROD008,Home & Lifestyle,1299,0.0,1299.0,3.9,0,2,express,card,2026-03-04,0,
ORD005416,CUST00214,PROD002,Books,4999,499.9,4499.1,3.4,0,5,standard,upi,2026-08-31,1,Quality Issues
ORD005417,CUST01290,PROD007,Fashion,1299,194.85,1104.15,4.4,3,10,economy,upi,2026-07-01,1,Better Price Elsewhere
ORD005418,CUST01586,PROD014,Beauty,499,0.0,499.0,3.3,2,5,standard,card,2026-05-12,0,
ORD005419,CUST00250,PROD013,Home & Lifestyle,2999,449.85,2549.15,3.3,0,5,standard,upi,2026-01-28,0,
ORD005420,CUST00478,PROD006,Books,1299,0.0,1299.0,2.7,0,2,express,card,2025-11-14,0,
ORD005421,CUST00131,PROD013,Home & Lifestyle,2999,0.0,2999.0,3.2,2,5,standard,cod,2025-10-17,1,Changed Mind
ORD005422,CUST00523,PROD002,Books,4999,499.9,4499.1,3.3,2,3,standard,upi,2026-01-06,1,Damaged/Defective
ORD005423,CUST00142,PROD018,Books,499,74.85,424.15,3.5,1,1,express,card,2026-07-12,0,
ORD005424,CUST00824,PROD002,Books,4999,749.85,4249.15,3.7,6,5,standard,cod,2026-01-26,0,
ORD005425,CUST01269,PROD015,Beauty,2999,599.8,2399.2,2.6,2,3,standard,upi,2025-09-12,0,
ORD005426,CUST00766,PROD004,Books,499,0.0,499.0,4.5,7,3,standard,upi,2026-06-09,1,Wrong Size
ORD005427,CUST00831,PROD012,Beauty,4999,1249.75,3749.25,4.3,3,4,standard,card,2025-11-03,0,
ORD005428,CUST00598,PROD007,Fashion,1299,0.0,1299.0,5.0,0,2,express,card,2026-03-14,1,Ordered by Mistake
ORD005429,CUST00281,PROD013,Home & Lifestyle,2999,299.9,2699.1,3.6,2,4,standard,cod,2026-06-14,1,Damaged/Defective
ORD005430,CUST00438,PROD015,Beauty,2999,599.8,2399.2,2.5,1,2,express,upi,2026-05-20,0,
ORD005431,CUST01530,PROD005,Fashion,1299,324.75,974.25,3.0,1,8,economy,card,2026-04-05,1,Quality Issues
ORD005432,CUST00469,PROD012,Beauty,4999,999.8,3999.2,4.1,7,3,standard,cod,2025-11-20,0,
ORD005433,CUST00252,PROD015,Beauty,2999,899.7,2099.3,2.7,1,1,express,wallet,2025-09-29,1,Changed Mind
ORD005434,CUST01940,PROD017,Beauty,299,0.0,299.0,4.5,0,8,economy,card,2025-09-11,0,
ORD005435,CUST00579,PROD018,Books,499,49.9,449.1,3.8,3,2,express,card,2026-07-26,1,Wrong Size
ORD005436,CUST01551,PROD019,Electronics,1299,129.9,1169.1,4.1,0,6,standard,card,2026-04-16,0,
ORD005437,CUST00638,PROD008,Home & Lifestyle,1299,0.0,1299.0,3.4,0,5,standard,upi,2026-09-04,1,Damaged/Defective
ORD005438,CUST01738,PROD020,Books,4999,0.0,4999.0,2.7,1,3,standard,card,2026-04-14,0,
ORD005439,CUST00642,PROD015,Beauty,2999,299.9,2699.1,2.7,0,3,standard,card,2026-04-04,0,
ORD005440,CUST01477,PROD011,Fashion,299,44.85,254.15,2.2,2,1,express,upi,2026-01-22,1,Product Not as Expected
ORD005441,CUST01632,PROD014,Beauty,499,0.0,499.0,3.6,0,8,economy,card,2026-06-13,1,Damaged/Defective
ORD005442,CUST01952,PROD008,Home & Lifestyle,1299,129.9,1169.1,3.8,0,3,standard,cod,2026-01-24,1,Quality Issues
ORD005443,CUST00715,PROD017,Beauty,299,59.8,239.2,4.8,1,2,express,upi,2026-09-09,0,
ORD005444,CUST01847,PROD012,Beauty,4999,1999.6,2999.4,4.0,1,5,standard,cod,2026-03-21,0,
ORD005445,CUST01229,PROD001,Beauty,1999,0.0,1999.0,3.2,2,1,express,upi,2026-06-22,1,Changed Mind
ORD005446,CUST01821,PROD015,Beauty,2999,0.0,2999.0,2.4,1,6,standard,card,2026-03-24,0,
ORD005447,CUST00027,PROD009,Home & Lifestyle,1999,0.0,1999.0,3.8,2,3,standard,upi,2025-09-22,0,
ORD005448,CUST00713,PROD018,Books,499,49.9,449.1,3.6,8,2,express,card,2025-10-19,0,
ORD005449,CUST00661,PROD006,Books,1299,0.0,1299.0,2.7,0,5,standard,upi,2026-05-31,1,Late Delivery
ORD005450,CUST01037,PROD004,Books,499,0.0,499.0,4.0,4,4,standard,card,2026-05-08,0,
ORD005451,CUST01175,PROD013,Home & Lifestyle,2999,299.9,2699.1,3.4,4,1,express,card,2026-04-04,0,
ORD005452,CUST01434,PROD007,Fashion,1299,0.0,1299.0,4.9,2,4,standard,card,2026-05-22,0,
ORD005453,CUST00947,PROD020,Books,4999,499.9,4499.1,3.1,2,11,economy,card,2026-07-26,0,
ORD005454,CUST01117,PROD015,Beauty,2999,0.0,2999.0,2.6,1,4,standard,upi,2026-02-18,0,
ORD005455,CUST01839,PROD006,Books,1299,259.8,1039.2,2.8,5,6,standard,upi,2026-01-26,0,
ORD005456,CUST00821,PROD007,Fashion,1299,519.6,779.4,4.5,1,5,standard,card,2026-07-22,1,Changed Mind
ORD005457,CUST00220,PROD009,Home & Lifestyle,1999,799.6,1199.4,3.7,1,5,standard,wallet,2026-02-02,0,
ORD005458,CUST00929,PROD011,Fashion,299,0.0,299.0,2.3,0,6,standard,cod,2025-12-09,1,Wrong Size
ORD005459,CUST00801,PROD011,Fashion,299,89.7,209.3,2.7,1,3,standard,card,2025-11-08,1,Changed Mind
ORD005460,CUST01508,PROD014,Beauty,499,99.8,399.2,3.3,1,5,standard,upi,2025-11-27,0,
ORD005461,CUST01302,PROD018,Books,499,49.9,449.1,3.9,3,4,standard,wallet,2025-12-12,0,
ORD005462,CUST00366,PROD014,Beauty,499,149.7,349.3,3.4,3,5,standard,cod,2026-06-09,0,
ORD005463,CUST00171,PROD012,Beauty,4999,0.0,4999.0,4.1,0,5,standard,card,2025-10-02,0,
ORD005464,CUST00061,PROD017,Beauty,299,74.75,224.25,4.8,1,4,standard,wallet,2026-01-26,1,Damaged/Defective
ORD005465,CUST01051,PROD012,Beauty,4999,0.0,4999.0,3.8,0,11,economy,cod,2026-02-22,0,
ORD005466,CUST01148,PROD017,Beauty,299,0.0,299.0,4.8,0,5,standard,upi,2026-02-13,0,
ORD005467,CUST00542,PROD016,Beauty,499,124.75,374.25,3.6,4,5,standard,card,2026-01-22,0,
ORD005468,CUST00988,PROD015,Beauty,2999,749.75,2249.25,2.3,1,1,express,card,2026-05-30,0,
ORD005469,CUST00460,PROD012,Beauty,4999,999.8,3999.2,4.0,2,3,standard,card,2026-07-31,0,
ORD005470,CUST01969,PROD011,Fashion,299,29.9,269.1,2.2,4,2,express,card,2026-06-21,1,Quality Issues
ORD005471,CUST00754,PROD011,Fashion,299,44.85,254.15,2.3,2,4,standard,cod,2025-12-21,0,
ORD005472,CUST01884,PROD005,Fashion,1299,194.85,1104.15,3.1,0,4,standard,cod,2025-10-06,1,Ordered by Mistake
ORD005473,CUST00600,PROD020,Books,4999,0.0,4999.0,2.9,3,2,express,card,2026-03-07,0,
ORD005474,CUST01795,PROD001,Beauty,1999,499.75,1499.25,2.7,1,8,economy,card,2026-02-25,0,
ORD005475,CUST00423,PROD010,Fashion,1299,519.6,779.4,4.9,0,1,express,card,2025-11-08,0,
ORD005476,CUST00012,PROD011,Fashion,299,74.75,224.25,2.7,0,1,express,cod,2026-01-10,0,
ORD005477,CUST00444,PROD015,Beauty,2999,749.75,2249.25,2.6,3,4,standard,card,2026-05-16,0,
ORD005478,CUST01889,PROD013,Home & Lifestyle,2999,299.9,2699.1,3.1,4,7,economy,upi,2026-06-17,1,Late Delivery
ORD005479,CUST00283,PROD015,Beauty,2999,899.7,2099.3,2.4,1,5,standard,card,2026-08-20,1,Changed Mind
ORD005480,CUST00284,PROD007,Fashion,1299,0.0,1299.0,4.7,0,1,express,card,2025-11-05,0,
ORD005481,CUST00430,PROD008,Home & Lifestyle,1299,0.0,1299.0,3.4,3,4,standard,card,2026-03-20,0,
ORD005482,CUST00210,PROD009,Home & Lifestyle,1999,299.85,1699.15,4.0,3,1,express,cod,2026-05-22,1,Ordered by Mistake
ORD005483,CUST01259,PROD018,Books,499,0.0,499.0,3.7,0,1,express,upi,2026-07-02,0,
ORD005484,CUST01352,PROD016,Beauty,499,99.8,399.2,3.4,1,2,express,upi,2026-03-22,0,
ORD005485,CUST00522,PROD011,Fashion,299,74.75,224.25,2.4,5,1,express,upi,2026-05-30,1,Changed Mind
ORD005486,CUST01490,PROD017,Beauty,299,0.0,299.0,4.7,0,4,standard,card,2026-07-08,0,
ORD005487,CUST01633,PROD018,Books,499,99.8,399.2,3.9,0,4,standard,card,2026-08-17,0,
ORD005488,CUST01538,PROD011,Fashion,299,0.0,299.0,2.6,0,10,economy,upi,2026-02-09,0,
ORD005489,CUST01850,PROD006,Books,1299,0.0,1299.0,2.4,0,6,standard,card,2026-04-28,1,Late Delivery
ORD005490,CUST01484,PROD010,Fashion,1299,194.85,1104.15,4.7,0,5,standard,upi,2026-06-24,0,
ORD005491,CUST00964,PROD009,Home & Lifestyle,1999,299.85,1699.15,3.6,2,5,standard,upi,2025-12-22,0,
ORD005492,CUST01700,PROD011,Fashion,299,74.75,224.25,2.7,2,2,express,upi,2026-02-13,1,Ordered by Mistake
ORD005493,CUST01770,PROD003,Home & Lifestyle,1999,199.9,1799.1,4.1,0,4,standard,upi,2026-04-24,0,
ORD005494,CUST01134,PROD006,Books,1299,259.8,1039.2,2.5,0,1,express,cod,2026-04-12,1,Damaged/Defective
ORD005495,CUST00883,PROD014,Beauty,499,74.85,424.15,3.2,2,11,economy,card,2026-04-15,1,Product Not as Expected
ORD005496,CUST00848,PROD017,Beauty,299,44.85,254.15,4.9,4,6,standard,upi,2026-08-07,0,
ORD005497,CUST00817,PROD017,Beauty,299,44.85,254.15,4.9,0,3,standard,card,2025-11-29,1,Damaged/Defective
ORD005498,CUST01236,PROD002,Books,4999,499.9,4499.1,3.7,5,4,standard,card,2026-04-18,1,Changed Mind
ORD005499,CUST01154,PROD001,Beauty,1999,499.75,1499.25,2.9,5,9,economy,card,2026-07-12,0,
ORD005500,CUST00471,PROD019,Electronics,1299,259.8,1039.2,3.7,0,4,standard,upi,2025-09-14,0,
ORD005501,CUST01061,PROD008,Home & Lifestyle,1299,0.0,1299.0,3.5,1,1,express,card,2026-02-10,1,Late Delivery
ORD005502,CUST01110,PROD004,Books,499,149.7,349.3,3.9,2,3,standard,card,2026-04-03,0,
ORD005503,CUST01134,PROD016,Beauty,499,0.0,499.0,3.5,0,5,standard,wallet,2026-04-17,1,Quality Issues
ORD005504,CUST01315,PROD013,Home & Lifestyle,2999,0.0,2999.0,3.4,2,5,standard,cod,2026-01-29,0,
ORD005505,CUST01387,PROD016,Beauty,499,99.8,399.2,3.5,2,3,standard,cod,2025-12-13,1,Quality Issues
ORD005506,CUST01258,PROD001,Beauty,1999,0.0,1999.0,3.1,1,6,standard,card,2026-02-27,0,
ORD005507,CUST00594,PROD019,Electronics,1299,519.6,779.4,3.9,0,3,standard,card,2025-12-25,0,
ORD005508,CUST00316,PROD020,Books,4999,749.85,4249.15,2.7,0,4,standard,card,2025-10-22,0,
ORD005509,CUST01459,PROD006,Books,1299,129.9,1169.1,2.7,2,6,standard,cod,2026-03-07,0,
ORD005510,CUST00333,PROD019,Electronics,1299,194.85,1104.15,4.0,5,4,standard,card,2025-10-09,0,
ORD005511,CUST00877,PROD001,Beauty,1999,0.0,1999.0,3.1,1,4,standard,card,2025-10-23,0,
ORD005512,CUST00667,PROD008,Home & Lifestyle,1299,259.8,1039.2,3.5,0,3,standard,upi,2026-06-19,0,
ORD005513,CUST00982,PROD003,Home & Lifestyle,1999,799.6,1199.4,4.1,2,4,standard,card,2026-02-20,0,
ORD005514,CUST00689,PROD004,Books,499,0.0,499.0,4.0,4,6,standard,cod,2026-03-17,1,Product Not as Expected
ORD005515,CUST01782,PROD006,Books,1299,129.9,1169.1,2.4,2,3,standard,upi,2026-04-03,1,Changed Mind
ORD005516,CUST00159,PROD018,Books,499,99.8,399.2,3.9,1,2,express,card,2026-08-28,0,
ORD005517,CUST01851,PROD014,Beauty,499,99.8,399.2,3.8,1,7,economy,card,2026-06-25,0,
ORD005518,CUST00797,PROD002,Books,4999,999.8,3999.2,3.6,2,2,express,card,2026-04-15,0,
ORD005519,CUST00100,PROD015,Beauty,2999,299.9,2699.1,2.7,3,1,express,card,2025-09-22,0,
ORD005520,CUST01818,PROD014,Beauty,499,0.0,499.0,3.4,0,5,standard,upi,2025-12-11,0,
ORD005521,CUST01253,PROD013,Home & Lifestyle,2999,299.9,2699.1,3.4,1,9,economy,card,2026-01-07,0,
ORD005522,CUST00314,PROD007,Fashion,1299,194.85,1104.15,4.7,0,6,standard,card,2025-11-30,1,Quality Issues
ORD005523,CUST00472,PROD018,Books,499,49.9,449.1,3.4,1,8,economy,card,2026-04-18,0,
ORD005524,CUST00316,PROD013,Home & Lifestyle,2999,749.75,2249.25,3.4,1,4,standard,upi,2025-10-26,0,
ORD005525,CUST01069,PROD009,Home & Lifestyle,1999,399.8,1599.2,3.8,2,5,standard,card,2026-05-24,1,Ordered by Mistake
ORD005526,CUST00369,PROD019,Electronics,1299,0.0,1299.0,3.8,0,1,express,card,2026-01-24,0,
ORD005527,CUST00022,PROD002,Books,4999,999.8,3999.2,3.5,4,3,standard,card,2026-08-20,0,
ORD005528,CUST01949,PROD005,Fashion,1299,0.0,1299.0,3.1,0,4,standard,upi,2026-05-14,0,
ORD005529,CUST01696,PROD006,Books,1299,519.6,779.4,2.6,2,6,standard,card,2026-06-25,1,Quality Issues
ORD005530,CUST00824,PROD010,Fashion,1299,259.8,1039.2,4.6,4,3,standard,upi,2026-02-15,0,
ORD005531,CUST01968,PROD006,Books,1299,0.0,1299.0,2.4,2,4,standard,wallet,2025-10-11,0,
ORD005532,CUST01710,PROD020,Books,4999,0.0,4999.0,2.9,1,4,standard,upi,2026-07-19,0,
ORD005533,CUST00029,PROD005,Fashion,1299,519.6,779.4,3.1,8,9,economy,cod,2025-11-11,0,
ORD005534,CUST00123,PROD005,Fashion,1299,0.0,1299.0,3.0,5,8,economy,card,2025-12-20,1,Quality Issues
ORD005535,CUST00392,PROD003,Home & Lifestyle,1999,0.0,1999.0,3.9,0,11,economy,card,2025-09-16,1,Wrong Size
ORD005536,CUST01193,PROD019,Electronics,1299,0.0,1299.0,3.8,0,2,express,card,2025-12-20,0,
ORD005537,CUST01471,PROD014,Beauty,499,149.7,349.3,3.4,7,6,standard,card,2025-11-18,0,
ORD005538,CUST01876,PROD018,Books,499,49.9,449.1,3.9,3,3,standard,card,2025-09-26,0,
ORD005539,CUST00091,PROD015,Beauty,2999,0.0,2999.0,2.3,2,3,standard,card,2025-11-22,1,Changed Mind
ORD005540,CUST00284,PROD005,Fashion,1299,129.9,1169.1,3.2,0,8,economy,card,2026-05-16,1,Product Not as Expected
ORD005541,CUST00343,PROD005,Fashion,1299,194.85,1104.15,2.9,0,5,standard,card,2026-03-23,0,
ORD005542,CUST00557,PROD016,Beauty,499,0.0,499.0,3.6,6,6,standard,cod,2026-07-05,0,
ORD005543,CUST01954,PROD015,Beauty,2999,299.9,2699.1,2.3,1,10,economy,card,2025-12-15,1,Late Delivery
ORD005544,CUST01016,PROD020,Books,4999,0.0,4999.0,2.7,2,3,standard,upi,2026-02-10,1,Better Price Elsewhere
ORD005545,CUST01611,PROD016,Beauty,499,99.8,399.2,3.3,0,3,standard,card,2026-04-27,0,
ORD005546,CUST00899,PROD006,Books,1299,194.85,1104.15,2.9,0,3,standard,upi,2026-02-08,0,
ORD005547,CUST00275,PROD010,Fashion,1299,0.0,1299.0,4.6,3,6,standard,card,2025-12-10,0,
ORD005548,CUST00177,PROD013,Home & Lifestyle,2999,299.9,2699.1,3.5,1,7,economy,upi,2025-11-12,1,Changed Mind
ORD005549,CUST01319,PROD012,Beauty,4999,0.0,4999.0,4.0,3,8,economy,card,2025-10-04,0,
ORD005550,CUST00245,PROD010,Fashion,1299,0.0,1299.0,4.5,3,11,economy,upi,2026-02-25,0,
ORD005551,CUST00099,PROD010,Fashion,1299,129.9,1169.1,4.5,5,3,standard,card,2026-01-30,1,Late Delivery
ORD005552,CUST01524,PROD005,Fashion,1299,519.6,779.4,3.1,5,4,standard,card,2025-12-20,0,
ORD005553,CUST01987,PROD010,Fashion,1299,129.9,1169.1,4.8,0,2,express,card,2025-11-04,0,
ORD005554,CUST01674,PROD019,Electronics,1299,129.9,1169.1,3.7,2,1,express,card,2026-03-15,0,
ORD005555,CUST01607,PROD016,Beauty,499,0.0,499.0,3.3,1,6,standard,upi,2025-11-29,0,
ORD005556,CUST01483,PROD001,Beauty,1999,0.0,1999.0,2.9,1,5,standard,upi,2026-06-27,0,
ORD005557,CUST01146,PROD004,Books,499,74.85,424.15,4.2,0,1,express,upi,2026-04-23,0,
ORD005558,CUST00893,PROD003,Home & Lifestyle,1999,0.0,1999.0,3.8,5,1,express,cod,2026-04-10,1,Quality Issues
ORD005559,CUST00252,PROD001,Beauty,1999,799.6,1199.4,3.0,0,6,standard,card,2026-07-11,1,Better Price Elsewhere
ORD005560,CUST01037,PROD011,Fashion,299,0.0,299.0,2.4,4,5,standard,upi,2026-08-26,0,
ORD005561,CUST01239,PROD019,Electronics,1299,259.8,1039.2,3.9,0,3,standard,upi,2026-02-02,0,
ORD005562,CUST00088,PROD009,Home & Lifestyle,1999,399.8,1599.2,4.2,0,1,express,upi,2026-01-06,0,
ORD005563,CUST00438,PROD004,Books,499,99.8,399.2,4.2,0,2,express,upi,2026-09-09,0,
ORD005564,CUST01428,PROD008,Home & Lifestyle,1299,0.0,1299.0,3.8,2,2,express,card,2026-07-04,0,
ORD005565,CUST01910,PROD017,Beauty,299,119.6,179.4,4.8,4,1,express,card,2025-10-14,0,
ORD005566,CUST01495,PROD015,Beauty,2999,0.0,2999.0,2.5,1,3,standard,upi,2025-11-21,0,
ORD005567,CUST00928,PROD007,Fashion,1299,0.0,1299.0,4.8,0,2,express,card,2026-01-10,1,Quality Issues
ORD005568,CUST01966,PROD004,Books,499,124.75,374.25,4.2,0,3,standard,cod,2025-09-29,1,Late Delivery
ORD005569,CUST01461,PROD010,Fashion,1299,324.75,974.25,5.0,2,6,standard,card,2026-07-05,0,
ORD005570,CUST00878,PROD009,Home & Lifestyle,1999,399.8,1599.2,3.8,1,4,standard,upi,2026-04-21,0,
ORD005571,CUST01800,PROD013,Home & Lifestyle,2999,0.0,2999.0,3.7,0,10,economy,upi,2025-11-03,0,
ORD005572,CUST01197,PROD015,Beauty,2999,749.75,2249.25,2.9,2,1,express,card,2026-02-02,1,Damaged/Defective
ORD005573,CUST01819,PROD014,Beauty,499,149.7,349.3,3.6,1,6,standard,upi,2026-08-06,0,
ORD005574,CUST01344,PROD014,Beauty,499,49.9,449.1,3.6,1,4,standard,upi,2026-04-05,0,
ORD005575,CUST01631,PROD019,Electronics,1299,259.8,1039.2,3.7,0,2,express,cod,2025-12-14,0,
ORD005576,CUST01407,PROD005,Fashion,1299,194.85,1104.15,3.1,9,4,standard,upi,2025-11-26,1,Wrong Size
ORD005577,CUST01579,PROD014,Beauty,499,199.6,299.4,3.6,3,4,standard,card,2026-07-31,0,
ORD005578,CUST01607,PROD007,Fashion,1299,129.9,1169.1,4.4,5,6,standard,card,2026-01-21,1,Quality Issues
ORD005579,CUST01885,PROD007,Fashion,1299,194.85,1104.15,4.5,6,6,standard,upi,2026-03-31,1,Wrong Size
ORD005580,CUST01384,PROD003,Home & Lifestyle,1999,599.7,1399.3,4.0,5,5,standard,cod,2026-03-31,1,Late Delivery
ORD005581,CUST01386,PROD016,Beauty,499,0.0,499.0,3.3,1,5,standard,card,2026-06-16,0,
ORD005582,CUST00886,PROD003,Home & Lifestyle,1999,399.8,1599.2,3.9,2,1,express,cod,2026-01-24,0,
ORD005583,CUST01209,PROD014,Beauty,499,99.8,399.2,3.7,4,6,standard,card,2025-09-19,1,Changed Mind
ORD005584,CUST01292,PROD020,Books,4999,0.0,4999.0,2.6,3,6,standard,upi,2026-04-12,1,Wrong Size
ORD005585,CUST01919,PROD018,Books,499,99.8,399.2,3.9,0,5,standard,card,2026-04-12,0,
ORD005586,CUST01316,PROD003,Home & Lifestyle,1999,499.75,1499.25,3.7,0,6,standard,card,2026-03-20,0,
ORD005587,CUST00702,PROD011,Fashion,299,59.8,239.2,2.3,2,4,standard,card,2026-05-29,0,
ORD005588,CUST00973,PROD007,Fashion,1299,389.7,909.3,4.5,0,1,express,upi,2026-07-20,0,
ORD005589,CUST00050,PROD005,Fashion,1299,194.85,1104.15,2.8,3,6,standard,card,2026-02-07,1,Better Price Elsewhere
ORD005590,CUST01639,PROD006,Books,1299,194.85,1104.15,2.8,0,5,standard,card,2026-07-29,0,
ORD005591,CUST00971,PROD002,Books,4999,1499.7,3499.3,3.6,1,1,express,cod,2026-07-05,1,Changed Mind
ORD005592,CUST00692,PROD010,Fashion,1299,0.0,1299.0,4.4,0,6,standard,upi,2026-04-08,0,
ORD005593,CUST01251,PROD001,Beauty,1999,0.0,1999.0,3.0,1,6,standard,cod,2025-12-29,1,Ordered by Mistake
ORD005594,CUST00415,PROD011,Fashion,299,0.0,299.0,2.6,4,1,express,card,2026-03-27,1,Late Delivery
ORD005595,CUST01348,PROD005,Fashion,1299,0.0,1299.0,2.7,0,3,standard,card,2025-11-10,0,
ORD005596,CUST01194,PROD001,Beauty,1999,799.6,1199.4,2.7,2,11,economy,upi,2025-09-27,1,Better Price Elsewhere
ORD005597,CUST01981,PROD016,Beauty,499,0.0,499.0,3.1,0,1,express,cod,2026-04-10,1,Changed Mind
ORD005598,CUST01983,PROD003,Home & Lifestyle,1999,799.6,1199.4,4.1,1,2,express,card,2026-02-02,1,Damaged/Defective
ORD005599,CUST00813,PROD019,Electronics,1299,194.85,1104.15,4.0,0,1,express,upi,2026-04-12,0,
ORD005600,CUST01945,PROD007,Fashion,1299,194.85,1104.15,4.7,1,5,standard,wallet,2026-05-11,1,Ordered by Mistake
ORD005601,CUST01816,PROD017,Beauty,299,59.8,239.2,4.5,0,5,standard,card,2026-03-06,1,Quality Issues
ORD005602,CUST01257,PROD013,Home & Lifestyle,2999,299.9,2699.1,3.6,4,5,standard,card,2026-06-04,0,
ORD005603,CUST01126,PROD008,Home & Lifestyle,1299,0.0,1299.0,3.9,0,3,standard,card,2026-08-30,0,
ORD005604,CUST00935,PROD006,Books,1299,324.75,974.25,2.8,0,8,economy,upi,2026-07-28,0,
ORD005605,CUST00486,PROD017,Beauty,299,59.8,239.2,4.5,3,6,standard,card,2026-05-21,0,
ORD005606,CUST01215,PROD018,Books,499,99.8,399.2,3.8,6,1,express,card,2025-11-01,0,
ORD005607,CUST01843,PROD004,Books,499,49.9,449.1,4.1,0,1,express,upi,2026-01-24,1,Ordered by Mistake
ORD005608,CUST00547,PROD002,Books,4999,749.85,4249.15,3.8,1,5,standard,upi,2026-05-02,0,
ORD005609,CUST00780,PROD006,Books,1299,194.85,1104.15,2.6,0,4,standard,upi,2026-05-19,0,
ORD005610,CUST00461,PROD019,Electronics,1299,194.85,1104.15,3.7,0,3,standard,upi,2026-06-09,0,
ORD005611,CUST01280,PROD003,Home & Lifestyle,1999,0.0,1999.0,4.0,7,6,standard,upi,2025-11-20,0,
ORD005612,CUST01272,PROD009,Home & Lifestyle,1999,299.85,1699.15,3.9,4,5,standard,card,2026-02-14,0,
ORD005613,CUST01411,PROD007,Fashion,1299,0.0,1299.0,4.9,4,3,standard,upi,2026-02-01,1,Ordered by Mistake
ORD005614,CUST00147,PROD015,Beauty,2999,0.0,2999.0,2.8,1,2,express,upi,2026-06-09,0,
ORD005615,CUST01846,PROD012,Beauty,4999,1249.75,3749.25,3.8,5,5,standard,card,2026-06-11,0,
ORD005616,CUST01664,PROD002,Books,4999,499.9,4499.1,3.5,0,1,express,cod,2025-11-08,0,
ORD005617,CUST00533,PROD015,Beauty,2999,299.9,2699.1,2.6,0,8,economy,card,2026-05-06,0,
ORD005618,CUST00753,PROD006,Books,1299,194.85,1104.15,2.4,2,4,standard,wallet,2026-06-08,1,Changed Mind
ORD005619,CUST00537,PROD020,Books,4999,749.85,4249.15,2.9,0,3,standard,wallet,2026-01-24,0,
ORD005620,CUST00951,PROD017,Beauty,299,59.8,239.2,4.4,0,3,standard,upi,2026-05-14,1,Wrong Size
ORD005621,CUST01258,PROD011,Fashion,299,0.0,299.0,2.8,5,6,standard,upi,2026-02-01,0,
ORD005622,CUST00545,PROD012,Beauty,4999,0.0,4999.0,4.4,6,10,economy,upi,2026-04-04,0,
ORD005623,CUST00926,PROD002,Books,4999,0.0,4999.0,3.5,6,4,standard,upi,2026-02-16,0,
ORD005624,CUST01009,PROD013,Home & Lifestyle,2999,599.8,2399.2,3.3,1,3,standard,card,2025-09-15,0,
ORD005625,CUST01448,PROD002,Books,4999,0.0,4999.0,3.5,2,4,standard,card,2026-08-12,0,
ORD005626,CUST01706,PROD012,Beauty,4999,0.0,4999.0,4.2,0,2,express,upi,2026-09-07,0,
ORD005627,CUST01703,PROD015,Beauty,2999,749.75,2249.25,2.4,0,3,standard,card,2026-05-11,0,
ORD005628,CUST00981,PROD017,Beauty,299,29.9,269.1,4.4,1,5,standard,upi,2026-06-25,1,Product Not as Expected
ORD005629,CUST00434,PROD014,Beauty,499,0.0,499.0,3.7,0,1,express,cod,2025-09-12,0,
ORD005630,CUST01509,PROD020,Books,4999,499.9,4499.1,3.1,5,10,economy,card,2026-04-16,0,
ORD005631,CUST00191,PROD018,Books,499,74.85,424.15,3.8,1,5,standard,card,2026-02-26,1,Quality Issues
ORD005632,CUST01760,PROD020,Books,4999,749.85,4249.15,3.2,2,5,standard,card,2026-06-04,0,
ORD005633,CUST01223,PROD006,Books,1299,389.7,909.3,2.3,0,8,economy,upi,2025-12-17,0,
ORD005634,CUST01283,PROD004,Books,499,49.9,449.1,4.2,2,3,standard,cod,2026-05-29,0,
ORD005635,CUST01964,PROD019,Electronics,1299,194.85,1104.15,4.1,2,6,standard,cod,2026-06-27,0,
ORD005636,CUST01344,PROD008,Home & Lifestyle,1299,129.9,1169.1,3.6,4,4,standard,card,2026-03-30,1,Ordered by Mistake
ORD005637,CUST01006,PROD011,Fashion,299,0.0,299.0,2.5,1,3,standard,card,2025-10-04,0,
ORD005638,CUST01929,PROD014,Beauty,499,0.0,499.0,3.8,0,4,standard,card,2026-06-04,0,
ORD005639,CUST01373,PROD013,Home & Lifestyle,2999,299.9,2699.1,3.4,2,5,standard,cod,2025-12-30,0,
ORD005640,CUST00159,PROD007,Fashion,1299,194.85,1104.15,5.0,0,4,standard,card,2026-05-17,0,
ORD005641,CUST01690,PROD018,Books,499,49.9,449.1,3.5,3,2,express,upi,2026-09-07,1,Wrong Size
ORD005642,CUST01871,PROD019,Electronics,1299,194.85,1104.15,3.8,1,1,express,card,2026-07-06,1,Damaged/Defective
ORD005643,CUST01902,PROD006,Books,1299,389.7,909.3,2.5,1,1,express,upi,2025-12-22,1,Changed Mind
ORD005644,CUST01806,PROD012,Beauty,4999,749.85,4249.15,3.8,1,4,standard,wallet,2026-06-26,0,
ORD005645,CUST01388,PROD014,Beauty,499,0.0,499.0,3.7,0,5,standard,card,2026-03-20,1,Wrong Size
ORD005646,CUST00494,PROD002,Books,4999,0.0,4999.0,3.7,0,2,express,cod,2026-01-29,0,
ORD005647,CUST00832,PROD015,Beauty,2999,0.0,2999.0,2.7,0,3,standard,cod,2026-02-28,1,Damaged/Defective
ORD005648,CUST01571,PROD014,Beauty,499,49.9,449.1,3.3,2,4,standard,cod,2026-06-18,0,
ORD005649,CUST01988,PROD015,Beauty,2999,0.0,2999.0,2.5,3,1,express,upi,2026-08-20,0,
ORD005650,CUST01547,PROD007,Fashion,1299,259.8,1039.2,4.8,0,3,standard,card,2026-01-20,0,
ORD005651,CUST00165,PROD014,Beauty,499,0.0,499.0,3.3,0,8,economy,card,2026-09-05,0,
ORD005652,CUST01581,PROD012,Beauty,4999,0.0,4999.0,3.9,1,1,express,wallet,2026-03-01,1,Late Delivery
ORD005653,CUST01515,PROD012,Beauty,4999,1999.6,2999.4,3.9,0,4,standard,card,2026-09-02,0,
ORD005654,CUST01049,PROD007,Fashion,1299,389.7,909.3,4.8,2,2,express,card,2025-10-11,0,
ORD005655,CUST01795,PROD017,Beauty,299,59.8,239.2,5.0,1,1,express,card,2025-11-13,1,Changed Mind
ORD005656,CUST01341,PROD014,Beauty,499,99.8,399.2,3.7,3,5,standard,upi,2025-11-27,0,
ORD005657,CUST00455,PROD011,Fashion,299,29.9,269.1,2.5,2,5,standard,cod,2026-04-18,1,Product Not as Expected
ORD005658,CUST00850,PROD003,Home & Lifestyle,1999,799.6,1199.4,3.8,5,3,standard,cod,2026-01-18,1,Quality Issues
ORD005659,CUST00026,PROD017,Beauty,299,59.8,239.2,4.5,1,4,standard,upi,2025-10-16,1,Wrong Size
ORD005660,CUST00764,PROD020,Books,4999,0.0,4999.0,3.1,0,2,express,card,2026-05-27,1,Quality Issues
ORD005661,CUST01886,PROD010,Fashion,1299,0.0,1299.0,4.8,0,8,economy,card,2025-09-20,0,
ORD005662,CUST00163,PROD004,Books,499,0.0,499.0,4.0,0,2,express,card,2026-07-13,1,Ordered by Mistake
ORD005663,CUST00588,PROD015,Beauty,2999,1199.6,1799.4,2.7,1,3,standard,upi,2026-02-28,0,
ORD005664,CUST00854,PROD019,Electronics,1299,0.0,1299.0,4.1,0,1,express,cod,2025-11-05,0,
ORD005665,CUST00381,PROD001,Beauty,1999,0.0,1999.0,2.6,8,4,standard,card,2026-01-14,0,
ORD005666,CUST01252,PROD017,Beauty,299,44.85,254.15,4.8,1,2,express,card,2026-06-05,1,Quality Issues
ORD005667,CUST00787,PROD011,Fashion,299,59.8,239.2,2.3,3,6,standard,card,2025-12-15,1,Late Delivery
ORD005668,CUST01795,PROD015,Beauty,2999,749.75,2249.25,2.8,0,1,express,card,2026-05-31,0,
ORD005669,CUST00324,PROD008,Home & Lifestyle,1299,129.9,1169.1,3.9,2,1,express,card,2026-09-05,0,
ORD005670,CUST00321,PROD012,Beauty,4999,499.9,4499.1,4.0,1,1,express,card,2026-03-31,0,
ORD005671,CUST01213,PROD004,Books,499,74.85,424.15,4.5,3,7,economy,upi,2025-11-29,0,
ORD005672,CUST01504,PROD012,Beauty,4999,999.8,3999.2,4.2,2,3,standard,card,2026-01-09,0,
ORD005673,CUST01178,PROD003,Home & Lifestyle,1999,199.9,1799.1,4.0,2,5,standard,upi,2026-06-26,1,Wrong Size
ORD005674,CUST00170,PROD010,Fashion,1299,194.85,1104.15,5.0,1,3,standard,wallet,2026-05-04,0,
ORD005675,CUST01837,PROD010,Fashion,1299,0.0,1299.0,4.7,0,6,standard,cod,2025-12-20,1,Better Price Elsewhere
ORD005676,CUST01694,PROD003,Home & Lifestyle,1999,199.9,1799.1,4.0,4,3,standard,upi,2026-02-25,1,Changed Mind
ORD005677,CUST00094,PROD020,Books,4999,0.0,4999.0,3.0,7,5,standard,card,2026-02-22,1,Better Price Elsewhere
ORD005678,CUST00265,PROD007,Fashion,1299,129.9,1169.1,4.8,1,10,economy,card,2026-02-19,0,
ORD005679,CUST01748,PROD001,Beauty,1999,199.9,1799.1,3.0,1,2,express,card,2026-03-19,1,Late Delivery
ORD005680,CUST00949,PROD019,Electronics,1299,324.75,974.25,3.7,3,3,standard,card,2025-11-14,0,
ORD005681,CUST01309,PROD005,Fashion,1299,519.6,779.4,2.9,1,5,standard,card,2026-07-07,0,
ORD005682,CUST00963,PROD012,Beauty,4999,1249.75,3749.25,3.9,1,11,economy,wallet,2025-10-15,0,
ORD005683,CUST00129,PROD016,Beauty,499,0.0,499.0,3.2,5,1,express,card,2026-08-31,1,Damaged/Defective
ORD005684,CUST01498,PROD006,Books,1299,0.0,1299.0,2.9,0,3,standard,cod,2026-03-11,1,Product Not as Expected
ORD005685,CUST01364,PROD015,Beauty,2999,0.0,2999.0,2.7,0,2,express,wallet,2026-03-15,0,
ORD005686,CUST01203,PROD020,Books,4999,0.0,4999.0,2.6,1,1,express,cod,2026-07-08,0,
ORD005687,CUST00914,PROD018,Books,499,0.0,499.0,3.7,4,3,standard,cod,2026-02-18,0,
ORD005688,CUST01534,PROD015,Beauty,2999,0.0,2999.0,2.7,4,2,express,wallet,2026-02-22,0,
ORD005689,CUST01692,PROD001,Beauty,1999,299.85,1699.15,2.8,0,5,standard,wallet,2026-07-09,0,
ORD005690,CUST01589,PROD003,Home & Lifestyle,1999,499.75,1499.25,4.0,1,6,standard,cod,2026-01-04,1,Late Delivery
ORD005691,CUST01818,PROD019,Electronics,1299,0.0,1299.0,3.7,5,2,express,card,2026-03-13,0,
ORD005692,CUST01968,PROD015,Beauty,2999,449.85,2549.15,2.6,0,3,standard,card,2026-06-06,1,Wrong Size
ORD005693,CUST00239,PROD013,Home & Lifestyle,2999,299.9,2699.1,3.3,1,9,economy,card,2025-09-15,0,
ORD005694,CUST01819,PROD010,Fashion,1299,129.9,1169.1,4.9,3,5,standard,card,2026-01-20,1,Damaged/Defective
ORD005695,CUST00900,PROD013,Home & Lifestyle,2999,449.85,2549.15,3.4,0,4,standard,cod,2026-02-25,0,
ORD005696,CUST01275,PROD017,Beauty,299,119.6,179.4,4.5,4,6,standard,card,2026-01-20,1,Better Price Elsewhere
ORD005697,CUST00444,PROD003,Home & Lifestyle,1999,499.75,1499.25,4.1,0,3,standard,card,2025-09-26,0,
ORD005698,CUST01872,PROD016,Beauty,499,199.6,299.4,3.2,7,1,express,upi,2025-09-20,0,
ORD005699,CUST00768,PROD017,Beauty,299,29.9,269.1,5.0,4,1,express,card,2025-11-26,0,
ORD005700,CUST01870,PROD013,Home & Lifestyle,2999,599.8,2399.2,3.3,1,2,express,upi,2025-11-19,0,
ORD005701,CUST00092,PROD005,Fashion,1299,194.85,1104.15,3.1,3,1,express,cod,2026-04-09,1,Wrong Size
ORD005702,CUST00299,PROD012,Beauty,4999,0.0,4999.0,4.2,0,4,standard,upi,2026-05-04,0,
ORD005703,CUST00120,PROD007,Fashion,1299,194.85,1104.15,4.5,2,3,standard,upi,2026-06-16,0,
ORD005704,CUST00817,PROD016,Beauty,499,0.0,499.0,3.5,0,6,standard,card,2025-10-14,0,
ORD005705,CUST00117,PROD008,Home & Lifestyle,1299,259.8,1039.2,3.8,5,4,standard,wallet,2025-10-05,0,
ORD005706,CUST00317,PROD018,Books,499,74.85,424.15,3.8,0,2,express,card,2026-08-07,0,
ORD005707,CUST00052,PROD007,Fashion,1299,129.9,1169.1,4.7,1,6,standard,wallet,2025-11-07,0,
ORD005708,CUST01936,PROD001,Beauty,1999,599.7,1399.3,3.1,0,4,standard,upi,2026-06-01,0,
ORD005709,CUST01074,PROD004,Books,499,0.0,499.0,4.0,6,2,express,card,2026-02-21,1,Product Not as Expected
ORD005710,CUST00011,PROD012,Beauty,4999,999.8,3999.2,3.8,3,4,standard,card,2025-11-03,0,
ORD005711,CUST01345,PROD020,Books,4999,0.0,4999.0,3.1,0,5,standard,upi,2026-08-07,0,
ORD005712,CUST01300,PROD001,Beauty,1999,0.0,1999.0,2.9,1,10,economy,upi,2025-11-26,0,
ORD005713,CUST01732,PROD005,Fashion,1299,259.8,1039.2,3.0,1,5,standard,cod,2026-05-31,0,
ORD005714,CUST01638,PROD015,Beauty,2999,1199.6,1799.4,2.9,6,4,standard,card,2026-01-27,1,Ordered by Mistake
ORD005715,CUST00283,PROD004,Books,499,74.85,424.15,4.5,0,1,express,card,2026-03-01,0,
ORD005716,CUST01575,PROD013,Home & Lifestyle,2999,0.0,2999.0,3.4,5,4,standard,card,2026-04-27,1,Quality Issues
ORD005717,CUST01718,PROD006,Books,1299,259.8,1039.2,2.3,2,5,standard,wallet,2026-05-19,1,Wrong Size
ORD005718,CUST01612,PROD008,Home & Lifestyle,1299,389.7,909.3,3.9,2,4,standard,card,2026-08-06,1,Damaged/Defective
ORD005719,CUST00557,PROD015,Beauty,2999,449.85,2549.15,2.6,1,6,standard,cod,2026-08-22,1,Ordered by Mistake
ORD005720,CUST01916,PROD019,Electronics,1299,389.7,909.3,3.9,0,9,economy,cod,2026-06-30,0,
ORD005721,CUST00163,PROD019,Electronics,1299,194.85,1104.15,4.0,3,4,standard,card,2026-06-17,1,Late Delivery
ORD005722,CUST01620,PROD012,Beauty,4999,999.8,3999.2,3.8,4,5,standard,card,2026-03-29,0,
ORD005723,CUST00078,PROD015,Beauty,2999,749.75,2249.25,2.6,3,1,express,card,2026-06-20,0,
ORD005724,CUST00641,PROD006,Books,1299,324.75,974.25,2.5,1,6,standard,card,2026-07-30,1,Product Not as Expected
ORD005725,CUST00643,PROD006,Books,1299,194.85,1104.15,2.8,5,8,economy,card,2026-04-21,1,Late Delivery
ORD005726,CUST00307,PROD010,Fashion,1299,519.6,779.4,4.5,1,2,express,upi,2026-03-10,0,
ORD005727,CUST00249,PROD013,Home & Lifestyle,2999,449.85,2549.15,3.6,0,8,economy,card,2025-09-15,0,
ORD005728,CUST00607,PROD019,Electronics,1299,129.9,1169.1,3.9,2,2,express,cod,2026-05-19,1,Late Delivery
ORD005729,CUST01484,PROD019,Electronics,1299,389.7,909.3,3.8,1,5,standard,card,2026-07-31,0,
ORD005730,CUST00638,PROD008,Home & Lifestyle,1299,519.6,779.4,3.7,2,2,express,card,2026-03-15,0,
ORD005731,CUST00982,PROD018,Books,499,99.8,399.2,3.4,3,2,express,card,2026-01-10,1,Product Not as Expected
ORD005732,CUST01125,PROD006,Books,1299,129.9,1169.1,2.7,0,1,express,wallet,2026-02-13,0,
ORD005733,CUST01838,PROD016,Beauty,499,74.85,424.15,3.6,1,5,standard,upi,2026-02-22,0,
ORD005734,CUST00113,PROD005,Fashion,1299,0.0,1299.0,3.2,5,4,standard,upi,2026-05-17,1,Ordered by Mistake
ORD005735,CUST00746,PROD008,Home & Lifestyle,1299,0.0,1299.0,3.6,3,1,express,cod,2025-11-25,1,Better Price Elsewhere
ORD005736,CUST00184,PROD005,Fashion,1299,129.9,1169.1,2.6,1,4,standard,upi,2026-09-07,0,
ORD005737,CUST01258,PROD014,Beauty,499,49.9,449.1,3.3,3,5,standard,upi,2026-02-10,0,
ORD005738,CUST01435,PROD019,Electronics,1299,389.7,909.3,4.0,2,10,economy,upi,2025-09-29,0,
ORD005739,CUST01414,PROD009,Home & Lifestyle,1999,399.8,1599.2,4.2,4,5,standard,card,2026-08-02,0,
ORD005740,CUST00346,PROD018,Books,499,0.0,499.0,4.0,1,6,standard,card,2025-11-04,1,Changed Mind
ORD005741,CUST01923,PROD015,Beauty,2999,0.0,2999.0,2.9,1,6,standard,upi,2026-06-09,1,Changed Mind
ORD005742,CUST01725,PROD018,Books,499,74.85,424.15,3.8,3,4,standard,upi,2025-12-24,0,
ORD005743,CUST00516,PROD008,Home & Lifestyle,1299,519.6,779.4,3.6,1,5,standard,upi,2025-11-20,0,
ORD005744,CUST00073,PROD018,Books,499,49.9,449.1,3.8,2,8,economy,upi,2026-04-21,1,Better Price Elsewhere
ORD005745,CUST01280,PROD003,Home & Lifestyle,1999,199.9,1799.1,4.1,1,6,standard,upi,2026-04-23,0,
ORD005746,CUST00150,PROD017,Beauty,299,0.0,299.0,4.8,4,1,express,card,2026-04-17,0,
ORD005747,CUST01276,PROD009,Home & Lifestyle,1999,199.9,1799.1,3.6,1,4,standard,upi,2025-10-17,0,
ORD005748,CUST00734,PROD020,Books,4999,1999.6,2999.4,2.8,0,5,standard,cod,2026-02-21,0,
ORD005749,CUST01773,PROD015,Beauty,2999,749.75,2249.25,2.5,7,2,express,upi,2025-12-25,1,Late Delivery
ORD005750,CUST01462,PROD002,Books,4999,999.8,3999.2,3.5,2,8,economy,cod,2026-04-25,0,
ORD005751,CUST00356,PROD012,Beauty,4999,499.9,4499.1,4.3,1,5,standard,cod,2026-07-18,0,
ORD005752,CUST00923,PROD014,Beauty,499,0.0,499.0,3.5,0,5,standard,upi,2026-01-04,0,
ORD005753,CUST00329,PROD012,Beauty,4999,749.85,4249.15,4.1,1,5,standard,card,2025-12-25,0,
ORD005754,CUST01014,PROD009,Home & Lifestyle,1999,0.0,1999.0,4.0,1,5,standard,upi,2025-11-21,0,
ORD005755,CUST00691,PROD001,Beauty,1999,0.0,1999.0,2.8,2,1,express,upi,2026-01-13,0,
ORD005756,CUST00611,PROD016,Beauty,499,99.8,399.2,3.3,6,2,express,wallet,2026-03-26,1,Better Price Elsewhere
ORD005757,CUST00104,PROD014,Beauty,499,0.0,499.0,3.6,0,4,standard,upi,2025-09-14,0,
ORD005758,CUST00443,PROD019,Electronics,1299,129.9,1169.1,3.7,2,11,economy,wallet,2026-06-26,0,
ORD005759,CUST00412,PROD019,Electronics,1299,0.0,1299.0,3.6,5,5,standard,wallet,2025-10-25,0,
ORD005760,CUST00887,PROD007,Fashion,1299,129.9,1169.1,4.8,0,1,express,upi,2025-11-13,0,
ORD005761,CUST01643,PROD003,Home & Lifestyle,1999,199.9,1799.1,4.0,1,10,economy,card,2026-01-15,1,Quality Issues
ORD005762,CUST00346,PROD011,Fashion,299,0.0,299.0,2.5,5,11,economy,cod,2026-06-22,1,Wrong Size
ORD005763,CUST01303,PROD003,Home & Lifestyle,1999,799.6,1199.4,3.9,0,5,standard,upi,2026-05-09,0,
ORD005764,CUST01538,PROD015,Beauty,2999,599.8,2399.2,2.7,1,6,standard,card,2026-04-25,1,Changed Mind
ORD005765,CUST01726,PROD009,Home & Lifestyle,1999,199.9,1799.1,3.7,2,7,economy,card,2026-03-18,0,
ORD005766,CUST01901,PROD020,Books,4999,999.8,3999.2,3.0,0,1,express,card,2026-05-11,0,
ORD005767,CUST01093,PROD004,Books,499,99.8,399.2,4.1,0,9,economy,card,2025-10-10,0,
ORD005768,CUST01968,PROD007,Fashion,1299,0.0,1299.0,4.7,1,1,express,card,2026-07-27,0,
ORD005769,CUST00087,PROD003,Home & Lifestyle,1999,299.85,1699.15,3.7,0,6,standard,card,2026-01-14,0,
ORD005770,CUST01505,PROD002,Books,4999,499.9,4499.1,3.6,4,2,express,cod,2025-10-01,1,Damaged/Defective
ORD005771,CUST00204,PROD015,Beauty,2999,599.8,2399.2,2.8,0,4,standard,cod,2026-06-11,0,
ORD005772,CUST01782,PROD019,Electronics,1299,0.0,1299.0,3.8,2,4,standard,upi,2026-01-03,0,
ORD005773,CUST00771,PROD011,Fashion,299,89.7,209.3,2.8,4,6,standard,card,2026-01-31,1,Wrong Size
ORD005774,CUST01624,PROD016,Beauty,499,0.0,499.0,3.2,0,2,express,upi,2026-02-12,0,
ORD005775,CUST01883,PROD013,Home & Lifestyle,2999,0.0,2999.0,3.6,1,1,express,cod,2026-06-16,0,
ORD005776,CUST01614,PROD013,Home & Lifestyle,2999,599.8,2399.2,3.4,6,4,standard,cod,2026-03-18,1,Ordered by Mistake
ORD005777,CUST01767,PROD003,Home & Lifestyle,1999,399.8,1599.2,3.8,0,3,standard,upi,2025-11-02,1,Damaged/Defective
ORD005778,CUST00767,PROD003,Home & Lifestyle,1999,799.6,1199.4,4.1,0,8,economy,upi,2026-02-04,1,Changed Mind
ORD005779,CUST01989,PROD017,Beauty,299,59.8,239.2,4.6,1,6,standard,wallet,2026-04-09,0,
ORD005780,CUST01422,PROD003,Home & Lifestyle,1999,399.8,1599.2,3.6,0,6,standard,card,2026-07-06,0,
ORD005781,CUST01795,PROD019,Electronics,1299,129.9,1169.1,3.7,3,3,standard,card,2026-03-18,1,Damaged/Defective
ORD005782,CUST00369,PROD005,Fashion,1299,259.8,1039.2,3.1,6,3,standard,card,2026-04-05,0,
ORD005783,CUST01691,PROD004,Books,499,124.75,374.25,4.0,1,5,standard,upi,2026-07-28,1,Product Not as Expected
ORD005784,CUST01767,PROD007,Fashion,1299,129.9,1169.1,4.8,0,4,standard,upi,2026-05-19,0,
ORD005785,CUST00889,PROD011,Fashion,299,29.9,269.1,2.3,3,4,standard,wallet,2025-12-10,1,Changed Mind
ORD005786,CUST00107,PROD012,Beauty,4999,1999.6,2999.4,4.1,1,1,express,card,2026-06-07,0,
ORD005787,CUST00562,PROD010,Fashion,1299,129.9,1169.1,4.6,0,2,express,upi,2026-03-22,0,
ORD005788,CUST00135,PROD002,Books,4999,0.0,4999.0,3.6,1,5,standard,card,2025-10-15,0,
ORD005789,CUST01647,PROD018,Books,499,199.6,299.4,3.5,0,6,standard,upi,2026-08-26,0,
ORD005790,CUST00057,PROD010,Fashion,1299,259.8,1039.2,4.8,4,2,express,upi,2026-06-26,1,Damaged/Defective
ORD005791,CUST00855,PROD018,Books,499,199.6,299.4,3.5,0,2,express,upi,2026-08-07,0,
ORD005792,CUST00524,PROD013,Home & Lifestyle,2999,599.8,2399.2,3.3,0,3,standard,upi,2025-09-21,0,
ORD005793,CUST01579,PROD008,Home & Lifestyle,1299,0.0,1299.0,3.4,5,3,standard,upi,2026-05-28,0,
ORD005794,CUST01582,PROD014,Beauty,499,49.9,449.1,3.6,1,6,standard,card,2025-10-15,0,
ORD005795,CUST01382,PROD014,Beauty,499,0.0,499.0,3.4,1,3,standard,wallet,2026-09-03,0,
ORD005796,CUST00948,PROD003,Home & Lifestyle,1999,0.0,1999.0,3.9,0,10,economy,cod,2025-11-28,0,
ORD005797,CUST01098,PROD017,Beauty,299,89.7,209.3,4.8,0,3,standard,card,2025-11-13,0,
ORD005798,CUST01235,PROD005,Fashion,1299,129.9,1169.1,2.9,0,6,standard,upi,2026-05-13,1,Wrong Size
ORD005799,CUST00365,PROD005,Fashion,1299,0.0,1299.0,3.1,3,3,standard,card,2025-09-21,0,
ORD005800,CUST00702,PROD019,Electronics,1299,0.0,1299.0,3.8,1,5,standard,card,2026-01-07,0,
ORD005801,CUST00612,PROD008,Home & Lifestyle,1299,389.7,909.3,3.6,2,3,standard,card,2026-02-21,0,
ORD005802,CUST01796,PROD002,Books,4999,499.9,4499.1,3.5,0,2,express,card,2026-05-28,1,Product Not as Expected
ORD005803,CUST01290,PROD008,Home & Lifestyle,1299,259.8,1039.2,3.7,1,11,economy,upi,2026-05-26,0,
ORD005804,CUST01552,PROD016,Beauty,499,0.0,499.0,3.5,1,9,economy,card,2026-08-31,0,
ORD005805,CUST00715,PROD020,Books,4999,749.85,4249.15,2.7,1,9,economy,cod,2025-10-04,1,Ordered by Mistake
ORD005806,CUST01160,PROD007,Fashion,1299,0.0,1299.0,4.8,4,4,standard,upi,2026-05-25,0,
ORD005807,CUST00261,PROD008,Home & Lifestyle,1299,0.0,1299.0,3.7,7,7,economy,card,2025-11-09,1,Quality Issues
ORD005808,CUST01268,PROD015,Beauty,2999,449.85,2549.15,2.4,1,3,standard,card,2026-04-25,1,Damaged/Defective
ORD005809,CUST00920,PROD004,Books,499,149.7,349.3,4.2,6,6,standard,card,2026-05-02,1,Quality Issues
ORD005810,CUST00896,PROD004,Books,499,124.75,374.25,4.4,1,5,standard,cod,2026-03-19,0,
ORD005811,CUST01265,PROD016,Beauty,499,199.6,299.4,3.5,0,4,standard,card,2026-07-11,0,
ORD005812,CUST00146,PROD006,Books,1299,129.9,1169.1,2.6,2,2,express,upi,2025-10-09,1,Ordered by Mistake
ORD005813,CUST01291,PROD001,Beauty,1999,399.8,1599.2,3.0,4,1,express,upi,2026-04-01,1,Wrong Size
ORD005814,CUST01367,PROD002,Books,4999,0.0,4999.0,3.6,5,6,standard,upi,2025-09-21,1,Changed Mind
ORD005815,CUST00788,PROD009,Home & Lifestyle,1999,399.8,1599.2,3.7,4,1,express,cod,2026-09-08,1,Ordered by Mistake
ORD005816,CUST00275,PROD017,Beauty,299,0.0,299.0,4.5,3,1,express,upi,2025-11-07,1,Wrong Size
ORD005817,CUST01983,PROD008,Home & Lifestyle,1299,0.0,1299.0,3.9,7,6,standard,upi,2026-06-20,0,
ORD005818,CUST01903,PROD009,Home & Lifestyle,1999,199.9,1799.1,3.7,1,6,standard,cod,2026-03-28,0,
ORD005819,CUST00191,PROD009,Home & Lifestyle,1999,399.8,1599.2,4.1,2,5,standard,upi,2026-06-01,1,Better Price Elsewhere
ORD005820,CUST01395,PROD003,Home & Lifestyle,1999,499.75,1499.25,3.7,0,5,standard,card,2026-07-15,0,
ORD005821,CUST00151,PROD002,Books,4999,999.8,3999.2,3.5,4,2,express,upi,2026-05-09,0,
ORD005822,CUST00933,PROD019,Electronics,1299,0.0,1299.0,3.9,5,2,express,card,2026-02-07,1,Changed Mind
ORD005823,CUST00503,PROD008,Home & Lifestyle,1299,259.8,1039.2,3.7,7,6,standard,cod,2025-12-08,1,Better Price Elsewhere
ORD005824,CUST01999,PROD020,Books,4999,0.0,4999.0,3.1,4,6,standard,card,2026-03-10,0,
ORD005825,CUST01774,PROD005,Fashion,1299,0.0,1299.0,2.9,2,3,standard,cod,2026-02-24,0,
ORD005826,CUST00842,PROD016,Beauty,499,49.9,449.1,3.3,0,6,standard,card,2025-10-23,1,Late Delivery
ORD005827,CUST00440,PROD015,Beauty,2999,1199.6,1799.4,2.6,1,2,express,card,2026-08-25,1,Ordered by Mistake
ORD005828,CUST01028,PROD007,Fashion,1299,0.0,1299.0,4.4,4,4,standard,upi,2026-09-05,0,
ORD005829,CUST01943,PROD019,Electronics,1299,194.85,1104.15,4.2,3,5,standard,card,2025-10-13,0,
ORD005830,CUST01915,PROD014,Beauty,499,99.8,399.2,3.2,5,6,standard,cod,2026-03-25,0,
ORD005831,CUST00581,PROD018,Books,499,99.8,399.2,3.7,2,5,standard,card,2025-09-30,0,
ORD005832,CUST01718,PROD014,Beauty,499,0.0,499.0,3.6,4,6,standard,card,2026-04-05,1,Wrong Size
ORD005833,CUST01958,PROD009,Home & Lifestyle,1999,199.9,1799.1,3.6,3,4,standard,card,2026-01-17,0,
ORD005834,CUST00543,PROD010,Fashion,1299,129.9,1169.1,4.7,2,4,standard,upi,2026-05-19,0,
ORD005835,CUST00346,PROD001,Beauty,1999,399.8,1599.2,2.9,6,4,standard,card,2026-06-29,1,Quality Issues
ORD005836,CUST00896,PROD003,Home & Lifestyle,1999,499.75,1499.25,4.1,0,6,standard,card,2026-04-20,0,
ORD005837,CUST00474,PROD010,Fashion,1299,259.8,1039.2,4.6,1,6,standard,card,2026-08-25,0,
ORD005838,CUST00625,PROD006,Books,1299,129.9,1169.1,2.4,0,2,express,card,2026-07-15,1,Ordered by Mistake
ORD005839,CUST00118,PROD002,Books,4999,0.0,4999.0,3.5,0,9,economy,upi,2026-04-15,0,
ORD005840,CUST01549,PROD002,Books,4999,749.85,4249.15,3.4,5,2,express,upi,2026-02-19,1,Late Delivery
ORD005841,CUST01930,PROD004,Books,499,74.85,424.15,4.3,1,4,standard,card,2026-07-13,0,
ORD005842,CUST01753,PROD003,Home & Lifestyle,1999,0.0,1999.0,4.1,0,6,standard,upi,2026-04-18,0,
ORD005843,CUST00226,PROD001,Beauty,1999,399.8,1599.2,2.9,1,4,standard,upi,2025-12-20,1,Quality Issues
ORD005844,CUST01991,PROD018,Books,499,0.0,499.0,3.4,8,1,express,card,2025-12-15,0,
ORD005845,CUST00629,PROD009,Home & Lifestyle,1999,299.85,1699.15,3.8,0,5,standard,card,2025-11-11,0,
ORD005846,CUST00188,PROD018,Books,499,99.8,399.2,3.8,0,7,economy,upi,2025-10-09,1,Late Delivery
ORD005847,CUST00264,PROD006,Books,1299,0.0,1299.0,2.8,0,3,standard,card,2025-09-20,0,
ORD005848,CUST00341,PROD010,Fashion,1299,0.0,1299.0,4.7,1,4,standard,upi,2026-05-08,1,Quality Issues
ORD005849,CUST00019,PROD015,Beauty,2999,749.75,2249.25,2.8,4,7,economy,upi,2025-09-25,1,Quality Issues
ORD005850,CUST00154,PROD020,Books,4999,1499.7,3499.3,3.1,5,5,standard,upi,2026-07-28,1,Wrong Size
ORD005851,CUST01868,PROD009,Home & Lifestyle,1999,0.0,1999.0,3.9,6,5,standard,upi,2026-05-08,1,Changed Mind
ORD005852,CUST00468,PROD001,Beauty,1999,399.8,1599.2,2.8,2,5,standard,card,2025-10-04,0,
ORD005853,CUST00471,PROD020,Books,4999,499.9,4499.1,3.0,5,4,standard,upi,2026-01-11,1,Changed Mind
ORD005854,CUST01227,PROD017,Beauty,299,74.75,224.25,4.9,1,6,standard,upi,2026-07-19,1,Changed Mind
ORD005855,CUST00235,PROD010,Fashion,1299,259.8,1039.2,4.6,2,3,standard,card,2026-01-25,0,
ORD005856,CUST00803,PROD001,Beauty,1999,0.0,1999.0,3.0,1,5,standard,wallet,2026-02-04,1,Ordered by Mistake
ORD005857,CUST00736,PROD013,Home & Lifestyle,2999,0.0,2999.0,3.2,0,2,express,card,2026-02-03,0,
ORD005858,CUST00999,PROD009,Home & Lifestyle,1999,299.85,1699.15,3.9,2,3,standard,upi,2026-08-09,0,
ORD005859,CUST01111,PROD006,Books,1299,324.75,974.25,2.4,2,4,standard,card,2026-08-03,0,
ORD005860,CUST00021,PROD002,Books,4999,999.8,3999.2,3.5,0,1,express,upi,2025-10-26,0,
ORD005861,CUST01758,PROD011,Fashion,299,29.9,269.1,2.4,2,4,standard,upi,2025-09-15,0,
ORD005862,CUST00759,PROD020,Books,4999,1249.75,3749.25,2.7,4,3,standard,upi,2026-03-12,0,
ORD005863,CUST00117,PROD005,Fashion,1299,0.0,1299.0,2.6,2,6,standard,card,2026-09-03,0,
ORD005864,CUST00949,PROD017,Beauty,299,44.85,254.15,4.9,3,3,standard,card,2025-11-29,1,Changed Mind
ORD005865,CUST01641,PROD012,Beauty,4999,0.0,4999.0,4.0,1,3,standard,upi,2025-10-28,1,Quality Issues
ORD005866,CUST00572,PROD015,Beauty,2999,449.85,2549.15,2.8,0,5,standard,cod,2025-12-28,0,
ORD005867,CUST01291,PROD003,Home & Lifestyle,1999,299.85,1699.15,4.1,0,3,standard,card,2026-04-22,0,
ORD005868,CUST01799,PROD017,Beauty,299,0.0,299.0,4.8,1,3,standard,upi,2026-05-01,1,Product Not as Expected
ORD005869,CUST00163,PROD004,Books,499,0.0,499.0,3.9,0,2,express,card,2026-08-28,0,
ORD005870,CUST00925,PROD004,Books,499,199.6,299.4,3.9,1,1,express,upi,2025-10-05,1,Damaged/Defective
ORD005871,CUST00457,PROD008,Home & Lifestyle,1299,324.75,974.25,3.6,1,8,economy,card,2025-10-22,1,Quality Issues
ORD005872,CUST00115,PROD005,Fashion,1299,324.75,974.25,2.9,2,6,standard,card,2025-11-08,0,
ORD005873,CUST00371,PROD005,Fashion,1299,259.8,1039.2,2.9,0,5,standard,cod,2026-07-12,0,
ORD005874,CUST00782,PROD014,Beauty,499,124.75,374.25,3.8,0,5,standard,card,2025-12-30,0,
ORD005875,CUST01590,PROD013,Home & Lifestyle,2999,749.75,2249.25,3.2,3,5,standard,card,2025-12-28,0,
ORD005876,CUST00413,PROD011,Fashion,299,119.6,179.4,2.5,0,2,express,card,2025-12-25,0,
ORD005877,CUST01765,PROD020,Books,4999,749.85,4249.15,2.7,2,4,standard,upi,2025-10-08,0,
ORD005878,CUST01394,PROD014,Beauty,499,74.85,424.15,3.8,2,3,standard,upi,2026-02-06,1,Late Delivery
ORD005879,CUST00314,PROD010,Fashion,1299,0.0,1299.0,4.7,0,1,express,card,2026-03-02,0,
ORD005880,CUST01147,PROD002,Books,4999,499.9,4499.1,3.8,1,3,standard,upi,2026-03-25,0,
ORD005881,CUST01847,PROD020,Books,4999,0.0,4999.0,3.2,2,6,standard,cod,2025-11-25,0,
ORD005882,CUST01860,PROD001,Beauty,1999,799.6,1199.4,3.0,1,2,express,cod,2025-10-18,0,
ORD005883,CUST01545,PROD019,Electronics,1299,0.0,1299.0,3.7,7,6,standard,cod,2025-11-10,0,
ORD005884,CUST00525,PROD007,Fashion,1299,324.75,974.25,4.6,0,3,standard,upi,2025-11-24,0,
ORD005885,CUST01598,PROD014,Beauty,499,0.0,499.0,3.2,0,1,express,upi,2026-02-11,1,Late Delivery
ORD005886,CUST00566,PROD016,Beauty,499,0.0,499.0,3.2,0,1,express,card,2026-01-27,0,
ORD005887,CUST01681,PROD009,Home & Lifestyle,1999,0.0,1999.0,4.1,7,8,economy,card,2026-03-23,1,Quality Issues
ORD005888,CUST00931,PROD003,Home & Lifestyle,1999,499.75,1499.25,3.8,0,6,standard,cod,2025-10-26,0,
ORD005889,CUST00777,PROD020,Books,4999,749.85,4249.15,3.1,4,6,standard,upi,2026-03-27,0,
ORD005890,CUST01310,PROD013,Home & Lifestyle,2999,449.85,2549.15,3.4,0,4,standard,card,2026-05-06,0,
ORD005891,CUST01040,PROD011,Fashion,299,44.85,254.15,2.4,0,3,standard,upi,2025-09-22,1,Ordered by Mistake
ORD005892,CUST01446,PROD008,Home & Lifestyle,1299,519.6,779.4,3.8,2,6,standard,card,2026-02-15,1,Damaged/Defective
ORD005893,CUST01037,PROD016,Beauty,499,0.0,499.0,3.2,0,2,express,upi,2025-09-13,0,
ORD005894,CUST01985,PROD003,Home & Lifestyle,1999,399.8,1599.2,4.0,1,11,economy,upi,2025-09-24,0,
ORD005895,CUST00871,PROD013,Home & Lifestyle,2999,299.9,2699.1,3.6,1,6,standard,card,2025-10-16,0,
ORD005896,CUST00268,PROD019,Electronics,1299,194.85,1104.15,4.1,0,2,express,upi,2026-02-03,0,
ORD005897,CUST01617,PROD013,Home & Lifestyle,2999,0.0,2999.0,3.3,4,3,standard,card,2025-11-17,1,Damaged/Defective
ORD005898,CUST00879,PROD016,Beauty,499,124.75,374.25,3.5,4,8,economy,upi,2026-02-01,0,
ORD005899,CUST00019,PROD011,Fashion,299,44.85,254.15,2.7,0,5,standard,card,2026-08-09,1,Damaged/Defective
ORD005900,CUST01114,PROD004,Books,499,74.85,424.15,3.9,0,3,standard,card,2026-04-19,1,Better Price Elsewhere
ORD005901,CUST00121,PROD003,Home & Lifestyle,1999,399.8,1599.2,4.0,2,6,standard,cod,2025-11-28,0,
ORD005902,CUST01184,PROD007,Fashion,1299,194.85,1104.15,5.0,0,1,express,card,2026-01-26,0,
ORD005903,CUST01496,PROD008,Home & Lifestyle,1299,259.8,1039.2,3.6,0,5,standard,card,2026-04-14,0,
ORD005904,CUST00828,PROD013,Home & Lifestyle,2999,0.0,2999.0,3.7,1,3,standard,upi,2025-12-04,0,
ORD005905,CUST01435,PROD009,Home & Lifestyle,1999,599.7,1399.3,4.0,3,5,standard,card,2026-09-04,0,
ORD005906,CUST00875,PROD008,Home & Lifestyle,1299,0.0,1299.0,3.9,1,6,standard,card,2025-11-07,1,Better Price Elsewhere
ORD005907,CUST00293,PROD016,Beauty,499,0.0,499.0,3.3,1,3,standard,card,2026-08-15,0,
ORD005908,CUST01036,PROD004,Books,499,149.7,349.3,4.2,0,5,standard,card,2026-06-16,0,
ORD005909,CUST01539,PROD014,Beauty,499,49.9,449.1,3.3,0,9,economy,cod,2026-02-07,0,
ORD005910,CUST00525,PROD017,Beauty,299,29.9,269.1,5.0,1,3,standard,wallet,2026-03-19,1,Quality Issues
ORD005911,CUST01748,PROD011,Fashion,299,0.0,299.0,2.5,0,3,standard,card,2025-11-02,1,Product Not as Expected
ORD005912,CUST01646,PROD005,Fashion,1299,129.9,1169.1,3.0,2,9,economy,upi,2026-08-11,1,Changed Mind
ORD005913,CUST00864,PROD011,Fashion,299,119.6,179.4,2.7,2,6,standard,cod,2025-10-27,0,
ORD005914,CUST01797,PROD014,Beauty,499,124.75,374.25,3.6,4,1,express,card,2026-02-10,0,
ORD005915,CUST01300,PROD002,Books,4999,499.9,4499.1,3.5,0,5,standard,cod,2026-05-27,0,
ORD005916,CUST01174,PROD002,Books,4999,749.85,4249.15,3.3,3,1,express,card,2026-05-05,0,
ORD005917,CUST01164,PROD001,Beauty,1999,799.6,1199.4,2.8,1,3,standard,cod,2026-01-22,1,Damaged/Defective
ORD005918,CUST00554,PROD015,Beauty,2999,599.8,2399.2,2.8,1,1,express,upi,2025-09-24,0,
ORD005919,CUST00392,PROD011,Fashion,299,0.0,299.0,2.8,5,1,express,card,2026-01-01,0,
ORD005920,CUST01705,PROD007,Fashion,1299,259.8,1039.2,4.9,0,3,standard,upi,2025-09-30,0,
ORD005921,CUST00641,PROD005,Fashion,1299,519.6,779.4,3.1,1,4,standard,upi,2025-10-06,1,Late Delivery
ORD005922,CUST01983,PROD013,Home & Lifestyle,2999,599.8,2399.2,3.2,2,8,economy,upi,2026-03-04,0,
ORD005923,CUST00576,PROD007,Fashion,1299,129.9,1169.1,4.6,0,1,express,upi,2026-05-18,0,
ORD005924,CUST00758,PROD019,Electronics,1299,259.8,1039.2,3.8,1,7,economy,wallet,2026-02-11,0,
ORD005925,CUST01663,PROD013,Home & Lifestyle,2999,449.85,2549.15,3.5,0,3,standard,wallet,2026-03-07,0,
ORD005926,CUST01965,PROD011,Fashion,299,44.85,254.15,2.2,5,2,express,card,2026-09-04,1,Quality Issues
ORD005927,CUST00188,PROD007,Fashion,1299,324.75,974.25,5.0,4,1,express,card,2026-01-08,0,
ORD005928,CUST01116,PROD011,Fashion,299,74.75,224.25,2.4,1,3,standard,card,2026-04-02,0,
ORD005929,CUST01270,PROD013,Home & Lifestyle,2999,0.0,2999.0,3.3,3,6,standard,card,2025-09-12,1,Changed Mind
ORD005930,CUST00436,PROD014,Beauty,499,74.85,424.15,3.3,0,3,standard,card,2025-10-26,0,
ORD005931,CUST00838,PROD016,Beauty,499,74.85,424.15,3.3,0,2,express,card,2026-06-23,0,
ORD005932,CUST00298,PROD015,Beauty,2999,449.85,2549.15,2.7,0,2,express,card,2026-05-10,1,Wrong Size
ORD005933,CUST01323,PROD007,Fashion,1299,129.9,1169.1,4.5,1,1,express,card,2026-01-08,1,Quality Issues
ORD005934,CUST01291,PROD016,Beauty,499,0.0,499.0,3.3,7,3,standard,cod,2026-02-05,0,
ORD005935,CUST00343,PROD014,Beauty,499,0.0,499.0,3.5,1,5,standard,card,2026-06-17,0,
ORD005936,CUST01340,PROD012,Beauty,4999,1249.75,3749.25,4.3,2,6,standard,cod,2025-10-11,1,Changed Mind
ORD005937,CUST01020,PROD011,Fashion,299,0.0,299.0,2.7,0,2,express,card,2026-06-19,1,Product Not as Expected
ORD005938,CUST01958,PROD013,Home & Lifestyle,2999,0.0,2999.0,3.1,0,4,standard,card,2026-04-02,0,
ORD005939,CUST00656,PROD005,Fashion,1299,519.6,779.4,3.1,0,4,standard,upi,2026-08-26,0,
ORD005940,CUST00593,PROD007,Fashion,1299,129.9,1169.1,4.5,7,5,standard,cod,2026-04-09,1,Damaged/Defective
ORD005941,CUST00345,PROD016,Beauty,499,99.8,399.2,3.4,0,1,express,card,2026-08-25,1,Product Not as Expected
ORD005942,CUST01373,PROD020,Books,4999,0.0,4999.0,2.7,5,3,standard,cod,2026-07-15,0,
ORD005943,CUST00969,PROD016,Beauty,499,49.9,449.1,3.6,0,7,economy,cod,2026-07-21,0,
ORD005944,CUST01894,PROD001,Beauty,1999,0.0,1999.0,2.6,1,2,express,card,2025-10-30,1,Product Not as Expected
ORD005945,CUST01996,PROD007,Fashion,1299,259.8,1039.2,4.9,1,1,express,card,2025-11-20,1,Wrong Size
ORD005946,CUST00316,PROD007,Fashion,1299,0.0,1299.0,4.8,3,6,standard,card,2026-04-06,0,
ORD005947,CUST00601,PROD004,Books,499,124.75,374.25,4.4,1,6,standard,cod,2025-10-26,0,
ORD005948,CUST01580,PROD005,Fashion,1299,129.9,1169.1,3.1,0,1,express,upi,2026-05-28,1,Changed Mind
ORD005949,CUST01332,PROD018,Books,499,0.0,499.0,4.0,0,3,standard,wallet,2026-01-05,1,Damaged/Defective
ORD005950,CUST01987,PROD002,Books,4999,749.85,4249.15,3.7,0,1,express,cod,2025-11-17,0,
ORD005951,CUST01839,PROD012,Beauty,4999,749.85,4249.15,4.3,0,11,economy,card,2026-03-14,0,
ORD005952,CUST01718,PROD014,Beauty,499,124.75,374.25,3.5,5,4,standard,card,2026-03-10,1,Product Not as Expected
ORD005953,CUST01697,PROD007,Fashion,1299,194.85,1104.15,4.5,1,11,economy,upi,2026-07-11,0,
ORD005954,CUST01594,PROD002,Books,4999,1499.7,3499.3,3.2,1,4,standard,card,2026-08-10,0,
ORD005955,CUST00525,PROD018,Books,499,99.8,399.2,3.6,0,6,standard,upi,2026-07-10,0,
ORD005956,CUST01770,PROD016,Beauty,499,74.85,424.15,3.6,5,6,standard,card,2026-02-12,0,
ORD005957,CUST00230,PROD003,Home & Lifestyle,1999,299.85,1699.15,3.9,0,11,economy,upi,2026-04-16,1,Changed Mind
ORD005958,CUST00240,PROD009,Home & Lifestyle,1999,0.0,1999.0,4.1,2,3,standard,cod,2026-03-30,0,
ORD005959,CUST00803,PROD009,Home & Lifestyle,1999,0.0,1999.0,3.8,0,3,standard,card,2025-11-15,1,Quality Issues
ORD005960,CUST00599,PROD010,Fashion,1299,129.9,1169.1,4.9,0,4,standard,upi,2026-05-31,1,Product Not as Expected
ORD005961,CUST00144,PROD020,Books,4999,999.8,3999.2,3.0,0,4,standard,card,2026-02-22,0,
ORD005962,CUST01240,PROD016,Beauty,499,124.75,374.25,3.4,1,6,standard,cod,2026-04-07,0,
ORD005963,CUST01310,PROD004,Books,499,99.8,399.2,4.1,0,5,standard,cod,2026-02-25,0,
ORD005964,CUST00561,PROD012,Beauty,4999,1249.75,3749.25,4.0,7,5,standard,card,2026-07-19,0,
ORD005965,CUST01771,PROD012,Beauty,4999,0.0,4999.0,4.3,0,4,standard,card,2026-08-07,0,
ORD005966,CUST00839,PROD012,Beauty,4999,1999.6,2999.4,4.0,2,3,standard,upi,2026-01-01,1,Late Delivery
ORD005967,CUST00074,PROD011,Fashion,299,0.0,299.0,2.6,2,4,standard,card,2026-06-09,0,
ORD005968,CUST01484,PROD001,Beauty,1999,399.8,1599.2,3.0,2,4,standard,upi,2025-10-12,0,
ORD005969,CUST01289,PROD010,Fashion,1299,129.9,1169.1,4.9,2,6,standard,card,2026-01-17,0,
ORD005970,CUST01736,PROD003,Home & Lifestyle,1999,199.9,1799.1,3.6,0,2,express,card,2026-04-21,0,
ORD005971,CUST01134,PROD004,Books,499,0.0,499.0,4.4,0,1,express,upi,2026-05-28,0,
ORD005972,CUST01120,PROD012,Beauty,4999,999.8,3999.2,4.3,1,5,standard,card,2026-08-12,0,
ORD005973,CUST01444,PROD011,Fashion,299,0.0,299.0,2.5,3,4,standard,upi,2026-01-04,1,Better Price Elsewhere
ORD005974,CUST00599,PROD018,Books,499,74.85,424.15,3.9,0,2,express,card,2026-01-25,0,
ORD005975,CUST00497,PROD011,Fashion,299,0.0,299.0,2.6,6,2,express,upi,2026-05-24,1,Wrong Size
ORD005976,CUST01118,PROD003,Home & Lifestyle,1999,499.75,1499.25,4.0,1,1,express,wallet,2026-08-16,0,
ORD005977,CUST01024,PROD011,Fashion,299,29.9,269.1,2.6,0,4,standard,upi,2026-08-11,0,
ORD005978,CUST00002,PROD013,Home & Lifestyle,2999,449.85,2549.15,3.6,0,6,standard,upi,2026-07-24,0,
ORD005979,CUST00313,PROD003,Home & Lifestyle,1999,799.6,1199.4,4.2,3,2,express,card,2026-01-06,0,
ORD005980,CUST01765,PROD003,Home & Lifestyle,1999,0.0,1999.0,3.8,3,4,standard,wallet,2026-04-15,1,Product Not as Expected
ORD005981,CUST00480,PROD015,Beauty,2999,299.9,2699.1,2.6,1,3,standard,card,2026-04-17,1,Quality Issues
ORD005982,CUST00838,PROD001,Beauty,1999,0.0,1999.0,2.7,1,6,standard,upi,2026-02-02,0,
ORD005983,CUST01807,PROD010,Fashion,1299,519.6,779.4,5.0,0,4,standard,upi,2026-09-03,0,
ORD005984,CUST00825,PROD006,Books,1299,194.85,1104.15,2.5,3,5,standard,card,2025-11-14,0,
ORD005985,CUST01293,PROD006,Books,1299,194.85,1104.15,2.5,3,5,standard,upi,2026-01-02,0,
ORD005986,CUST00189,PROD020,Books,4999,0.0,4999.0,3.1,1,1,express,upi,2026-03-13,0,
ORD005987,CUST00888,PROD004,Books,499,49.9,449.1,4.4,1,4,standard,card,2026-05-02,0,
ORD005988,CUST01660,PROD005,Fashion,1299,0.0,1299.0,2.9,2,5,standard,upi,2026-02-14,0,
ORD005989,CUST01720,PROD011,Fashion,299,44.85,254.15,2.6,4,6,standard,card,2026-06-08,1,Better Price Elsewhere
ORD005990,CUST00759,PROD015,Beauty,2999,449.85,2549.15,2.6,1,1,express,card,2026-05-07,0,
ORD005991,CUST00690,PROD008,Home & Lifestyle,1299,0.0,1299.0,3.6,0,7,economy,upi,2026-06-09,1,Product Not as Expected
ORD005992,CUST01411,PROD009,Home & Lifestyle,1999,499.75,1499.25,4.1,2,1,express,card,2026-05-03,1,Changed Mind
ORD005993,CUST01509,PROD004,Books,499,74.85,424.15,4.1,1,2,express,upi,2026-01-09,0,
ORD005994,CUST01392,PROD019,Electronics,1299,129.9,1169.1,4.0,2,1,express,upi,2025-12-20,0,
ORD005995,CUST01457,PROD002,Books,4999,749.85,4249.15,3.5,1,5,standard,cod,2025-09-30,1,Product Not as Expected
ORD005996,CUST01467,PROD016,Beauty,499,49.9,449.1,3.2,0,1,express,card,2025-12-28,0,
ORD005997,CUST00068,PROD010,Fashion,1299,0.0,1299.0,4.7,1,7,economy,card,2025-12-02,0,
ORD005998,CUST00862,PROD015,Beauty,2999,299.9,2699.1,2.8,2,1,express,upi,2026-03-14,1,Quality Issues
ORD005999,CUST00881,PROD020,Books,4999,1249.75,3749.25,3.0,2,5,standard,upi,2026-01-23,0,
ORD006000,CUST00707,PROD019,Electronics,1299,0.0,1299.0,4.0,0,5,standard,card,2026-06-04,0,
ORD006001,CUST00943,PROD002,Books,4999,999.8,3999.2,3.5,1,5,standard,upi,2026-09-09,0,
ORD006002,CUST01240,PROD014,Beauty,499,49.9,449.1,3.4,1,4,standard,card,2026-02-09,0,
ORD006003,CUST01413,PROD015,Beauty,2999,599.8,2399.2,2.5,0,6,standard,cod,2026-02-07,1,Wrong Size
ORD006004,CUST00651,PROD014,Beauty,499,49.9,449.1,3.6,0,4,standard,upi,2025-09-24,0,
ORD006005,CUST00643,PROD013,Home & Lifestyle,2999,749.75,2249.25,3.5,1,3,standard,card,2026-07-13,0,
ORD006006,CUST00169,PROD019,Electronics,1299,0.0,1299.0,4.1,1,5,standard,cod,2026-06-04,1,Quality Issues
ORD006007,CUST00039,PROD005,Fashion,1299,324.75,974.25,2.9,0,11,economy,card,2025-11-09,0,
ORD006008,CUST01299,PROD008,Home & Lifestyle,1299,259.8,1039.2,3.5,3,9,economy,cod,2026-01-25,1,Late Delivery
ORD006009,CUST01266,PROD002,Books,4999,1249.75,3749.25,3.5,4,1,express,cod,2026-03-23,1,Quality Issues
ORD006010,CUST00918,PROD012,Beauty,4999,0.0,4999.0,3.9,2,6,standard,upi,2026-06-26,0,
ORD006011,CUST00388,PROD013,Home & Lifestyle,2999,449.85,2549.15,3.3,1,1,express,cod,2026-03-03,0,
ORD006012,CUST00825,PROD005,Fashion,1299,194.85,1104.15,2.9,0,1,express,card,2025-12-28,0,
ORD006013,CUST01361,PROD008,Home & Lifestyle,1299,519.6,779.4,3.6,5,1,express,card,2026-04-09,0,
ORD006014,CUST01560,PROD014,Beauty,499,99.8,399.2,3.6,2,6,standard,upi,2026-02-26,0,
ORD006015,CUST00598,PROD010,Fashion,1299,0.0,1299.0,4.6,2,1,express,upi,2025-10-20,0,
ORD006016,CUST01709,PROD017,Beauty,299,29.9,269.1,4.9,2,5,standard,cod,2026-03-29,1,Late Delivery
ORD006017,CUST01769,PROD003,Home & Lifestyle,1999,0.0,1999.0,4.1,1,3,standard,upi,2026-02-16,0,
ORD006018,CUST01546,PROD016,Beauty,499,0.0,499.0,3.2,0,2,express,card,2026-01-18,1,Late Delivery
ORD006019,CUST01934,PROD011,Fashion,299,0.0,299.0,2.7,3,1,express,card,2026-05-24,0,
ORD006020,CUST01409,PROD004,Books,499,74.85,424.15,4.0,0,4,standard,wallet,2026-08-11,1,Wrong Size
ORD006021,CUST00151,PROD005,Fashion,1299,0.0,1299.0,2.8,0,2,express,card,2026-01-09,0,
ORD006022,CUST00622,PROD015,Beauty,2999,299.9,2699.1,2.3,3,5,standard,upi,2026-05-10,1,Quality Issues
ORD006023,CUST00547,PROD004,Books,499,99.8,399.2,4.4,3,3,standard,card,2026-09-07,1,Changed Mind
ORD006024,CUST00510,PROD004,Books,499,49.9,449.1,4.3,6,2,express,card,2025-12-23,0,
ORD006025,CUST01953,PROD009,Home & Lifestyle,1999,799.6,1199.4,4.1,0,3,standard,cod,2025-11-15,0,
ORD006026,CUST00060,PROD003,Home & Lifestyle,1999,499.75,1499.25,4.0,0,7,economy,card,2025-11-06,0,
ORD006027,CUST01756,PROD003,Home & Lifestyle,1999,0.0,1999.0,4.0,8,6,standard,card,2025-11-19,1,Wrong Size
ORD006028,CUST00953,PROD018,Books,499,74.85,424.15,3.5,5,1,express,card,2025-09-24,0,
ORD006029,CUST01833,PROD019,Electronics,1299,259.8,1039.2,4.1,1,4,standard,cod,2026-09-01,0,
ORD006030,CUST00657,PROD009,Home & Lifestyle,1999,499.75,1499.25,4.0,3,5,standard,cod,2026-05-17,0,
ORD006031,CUST00573,PROD019,Electronics,1299,194.85,1104.15,3.6,0,1,express,upi,2026-07-11,1,Damaged/Defective
ORD006032,CUST00647,PROD016,Beauty,499,49.9,449.1,3.5,5,6,standard,card,2026-07-17,1,Damaged/Defective
ORD006033,CUST00795,PROD002,Books,4999,749.85,4249.15,3.7,1,1,express,card,2026-01-16,0,
ORD006034,CUST00698,PROD014,Beauty,499,0.0,499.0,3.4,4,3,standard,cod,2025-09-10,1,Better Price Elsewhere
ORD006035,CUST00004,PROD003,Home & Lifestyle,1999,799.6,1199.4,4.1,0,6,standard,card,2026-02-01,1,Wrong Size
ORD006036,CUST00956,PROD009,Home & Lifestyle,1999,499.75,1499.25,3.6,1,8,economy,upi,2026-01-08,0,
ORD006037,CUST01478,PROD016,Beauty,499,124.75,374.25,3.5,0,1,express,card,2025-12-27,0,
ORD006038,CUST01093,PROD002,Books,4999,0.0,4999.0,3.3,1,1,express,card,2026-07-30,0,
ORD006039,CUST01703,PROD015,Beauty,2999,0.0,2999.0,2.5,4,4,standard,card,2026-05-27,0,
ORD006040,CUST01850,PROD007,Fashion,1299,519.6,779.4,4.4,0,6,standard,upi,2026-05-12,1,Damaged/Defective
ORD006041,CUST00877,PROD002,Books,4999,0.0,4999.0,3.7,0,7,economy,card,2026-04-07,1,Better Price Elsewhere
ORD006042,CUST00589,PROD005,Fashion,1299,129.9,1169.1,2.7,5,5,standard,upi,2026-06-11,0,
ORD006043,CUST01846,PROD008,Home & Lifestyle,1299,194.85,1104.15,3.9,5,8,economy,card,2026-04-16,1,Changed Mind
ORD006044,CUST01179,PROD009,Home & Lifestyle,1999,0.0,1999.0,3.9,3,4,standard,card,2026-02-17,0,
ORD006045,CUST01166,PROD010,Fashion,1299,259.8,1039.2,4.9,4,4,standard,wallet,2026-04-01,0,
ORD006046,CUST00474,PROD001,Beauty,1999,0.0,1999.0,2.9,3,4,standard,card,2026-02-21,1,Damaged/Defective
ORD006047,CUST01184,PROD004,Books,499,49.9,449.1,4.2,0,5,standard,card,2026-05-26,0,
ORD006048,CUST00784,PROD020,Books,4999,0.0,4999.0,2.6,0,6,standard,upi,2026-07-07,1,Damaged/Defective
ORD006049,CUST00402,PROD001,Beauty,1999,399.8,1599.2,2.7,2,5,standard,card,2026-07-14,1,Changed Mind
ORD006050,CUST00733,PROD017,Beauty,299,0.0,299.0,4.9,2,5,standard,upi,2026-01-15,0,
ORD006051,CUST01217,PROD001,Beauty,1999,499.75,1499.25,3.1,2,1,express,card,2025-11-13,1,Better Price Elsewhere
ORD006052,CUST00010,PROD016,Beauty,499,99.8,399.2,3.5,0,6,standard,card,2026-02-20,1,Damaged/Defective
ORD006053,CUST01172,PROD013,Home & Lifestyle,2999,749.75,2249.25,3.1,4,4,standard,cod,2026-05-27,0,
ORD006054,CUST00778,PROD011,Fashion,299,29.9,269.1,2.2,1,3,standard,cod,2025-09-10,1,Quality Issues
ORD006055,CUST01770,PROD013,Home & Lifestyle,2999,299.9,2699.1,3.7,1,1,express,card,2025-09-26,0,
ORD006056,CUST01037,PROD003,Home & Lifestyle,1999,199.9,1799.1,3.9,1,2,express,upi,2026-05-14,1,Product Not as Expected
ORD006057,CUST00540,PROD009,Home & Lifestyle,1999,299.85,1699.15,4.0,2,1,express,card,2025-12-28,0,
ORD006058,CUST01853,PROD004,Books,499,74.85,424.15,4.2,4,5,standard,upi,2026-06-11,1,Product Not as Expected
ORD006059,CUST00190,PROD009,Home & Lifestyle,1999,199.9,1799.1,4.1,1,9,economy,upi,2026-03-25,1,Damaged/Defective
ORD006060,CUST01470,PROD014,Beauty,499,0.0,499.0,3.3,3,1,express,upi,2025-10-02,0,
ORD006061,CUST00197,PROD018,Books,499,99.8,399.2,3.5,7,4,standard,cod,2026-07-20,1,Better Price Elsewhere
ORD006062,CUST01555,PROD015,Beauty,2999,749.75,2249.25,2.9,3,4,standard,upi,2026-03-15,1,Wrong Size
ORD006063,CUST00936,PROD007,Fashion,1299,519.6,779.4,4.9,0,3,standard,cod,2026-08-15,0,
ORD006064,CUST01274,PROD008,Home & Lifestyle,1299,519.6,779.4,3.6,3,6,standard,upi,2026-01-29,1,Late Delivery
ORD006065,CUST01701,PROD016,Beauty,499,199.6,299.4,3.5,1,6,standard,card,2025-12-05,0,
ORD006066,CUST01688,PROD012,Beauty,4999,999.8,3999.2,4.4,0,3,standard,cod,2025-10-10,0,
ORD006067,CUST00933,PROD003,Home & Lifestyle,1999,199.9,1799.1,3.9,4,8,economy,upi,2026-08-27,0,
ORD006068,CUST01165,PROD018,Books,499,0.0,499.0,4.0,2,5,standard,cod,2026-01-13,1,Wrong Size
ORD006069,CUST01726,PROD010,Fashion,1299,0.0,1299.0,4.9,0,2,express,card,2025-12-16,1,Wrong Size
ORD006070,CUST00361,PROD019,Electronics,1299,259.8,1039.2,3.6,4,8,economy,card,2026-05-20,1,Damaged/Defective
ORD006071,CUST00060,PROD003,Home & Lifestyle,1999,199.9,1799.1,3.9,3,2,express,card,2025-12-02,0,
ORD006072,CUST01311,PROD007,Fashion,1299,194.85,1104.15,4.6,4,3,standard,upi,2026-05-10,1,Quality Issues
ORD006073,CUST01995,PROD012,Beauty,4999,0.0,4999.0,4.2,2,4,standard,wallet,2026-06-28,0,
ORD006074,CUST00362,PROD007,Fashion,1299,324.75,974.25,4.9,0,4,standard,upi,2026-02-07,1,Better Price Elsewhere
ORD006075,CUST01042,PROD007,Fashion,1299,0.0,1299.0,4.6,0,10,economy,cod,2026-05-23,0,
ORD006076,CUST00379,PROD002,Books,4999,1249.75,3749.25,3.3,0,8,economy,upi,2026-03-01,0,
ORD006077,CUST00714,PROD014,Beauty,499,49.9,449.1,3.5,2,5,standard,card,2026-01-23,0,
ORD006078,CUST01057,PROD002,Books,4999,999.8,3999.2,3.3,1,5,standard,upi,2026-07-30,0,
ORD006079,CUST01700,PROD017,Beauty,299,29.9,269.1,4.7,1,1,express,card,2026-08-28,1,Changed Mind
ORD006080,CUST00909,PROD010,Fashion,1299,0.0,1299.0,4.6,1,5,standard,card,2026-01-09,0,
ORD006081,CUST00399,PROD020,Books,4999,1249.75,3749.25,3.0,1,1,express,cod,2025-11-03,1,Quality Issues
ORD006082,CUST00172,PROD002,Books,4999,1499.7,3499.3,3.5,6,5,standard,card,2026-07-07,0,
ORD006083,CUST01418,PROD010,Fashion,1299,0.0,1299.0,4.9,1,1,express,upi,2026-08-26,0,
ORD006084,CUST01721,PROD010,Fashion,1299,129.9,1169.1,4.6,7,5,standard,cod,2025-09-26,0,
ORD006085,CUST00379,PROD018,Books,499,149.7,349.3,3.9,6,7,economy,upi,2025-10-29,1,Wrong Size
ORD006086,CUST01730,PROD009,Home & Lifestyle,1999,599.7,1399.3,4.1,0,4,standard,card,2025-12-11,0,
ORD006087,CUST00269,PROD019,Electronics,1299,0.0,1299.0,4.1,1,4,standard,upi,2026-03-01,0,
ORD006088,CUST01666,PROD003,Home & Lifestyle,1999,499.75,1499.25,4.2,4,4,standard,card,2026-05-28,1,Product Not as Expected
ORD006089,CUST00597,PROD018,Books,499,149.7,349.3,3.7,3,3,standard,upi,2026-03-21,1,Product Not as Expected
ORD006090,CUST00788,PROD013,Home & Lifestyle,2999,0.0,2999.0,3.3,1,7,economy,card,2026-03-31,1,Product Not as Expected
ORD006091,CUST01865,PROD005,Fashion,1299,259.8,1039.2,3.1,2,3,standard,card,2026-02-10,0,
ORD006092,CUST00274,PROD016,Beauty,499,49.9,449.1,3.5,2,6,standard,upi,2026-02-26,0,
ORD006093,CUST00368,PROD010,Fashion,1299,0.0,1299.0,4.7,0,4,standard,cod,2026-06-01,0,
ORD006094,CUST01968,PROD003,Home & Lifestyle,1999,499.75,1499.25,4.1,4,4,standard,card,2025-11-14,1,Wrong Size
ORD006095,CUST01398,PROD014,Beauty,499,0.0,499.0,3.5,2,2,express,upi,2025-09-10,1,Quality Issues
ORD006096,CUST01084,PROD020,Books,4999,0.0,4999.0,3.0,5,3,standard,card,2026-07-02,0,
ORD006097,CUST00954,PROD008,Home & Lifestyle,1299,129.9,1169.1,3.5,0,6,standard,wallet,2026-02-08,0,
ORD006098,CUST00113,PROD001,Beauty,1999,399.8,1599.2,3.1,0,8,economy,card,2026-02-19,0,
ORD006099,CUST01574,PROD014,Beauty,499,0.0,499.0,3.7,0,10,economy,card,2025-12-11,1,Product Not as Expected
ORD006100,CUST01087,PROD013,Home & Lifestyle,2999,0.0,2999.0,3.5,0,6,standard,cod,2025-12-15,0,
ORD006101,CUST01625,PROD010,Fashion,1299,0.0,1299.0,4.7,0,3,standard,wallet,2025-12-20,0,
ORD006102,CUST00184,PROD005,Fashion,1299,0.0,1299.0,2.6,2,1,express,cod,2026-08-20,0,
ORD006103,CUST01141,PROD012,Beauty,4999,0.0,4999.0,3.8,0,5,standard,upi,2026-07-15,1,Damaged/Defective
ORD006104,CUST01380,PROD012,Beauty,4999,0.0,4999.0,3.8,6,10,economy,card,2026-04-08,0,
ORD006105,CUST01374,PROD010,Fashion,1299,259.8,1039.2,4.8,5,3,standard,card,2025-11-24,0,
ORD006106,CUST00399,PROD010,Fashion,1299,389.7,909.3,4.5,1,4,standard,cod,2025-11-25,0,
ORD006107,CUST00613,PROD014,Beauty,499,0.0,499.0,3.7,3,4,standard,upi,2025-12-29,0,
ORD006108,CUST00837,PROD013,Home & Lifestyle,2999,599.8,2399.2,3.1,2,2,express,card,2025-12-12,0,
ORD006109,CUST00455,PROD013,Home & Lifestyle,2999,0.0,2999.0,3.2,4,4,standard,card,2026-07-21,0,
ORD006110,CUST00560,PROD011,Fashion,299,0.0,299.0,2.8,0,4,standard,card,2026-01-19,1,Changed Mind
ORD006111,CUST00984,PROD007,Fashion,1299,259.8,1039.2,4.8,0,2,express,card,2025-12-15,0,
ORD006112,CUST00328,PROD014,Beauty,499,49.9,449.1,3.6,0,4,standard,card,2026-06-14,0,
ORD006113,CUST01588,PROD020,Books,4999,749.85,4249.15,2.7,0,10,economy,card,2025-12-30,0,
ORD006114,CUST01856,PROD009,Home & Lifestyle,1999,399.8,1599.2,3.7,3,3,standard,card,2026-08-26,1,Product Not as Expected
ORD006115,CUST01745,PROD001,Beauty,1999,0.0,1999.0,2.8,0,1,express,card,2025-10-04,1,Changed Mind
ORD006116,CUST00762,PROD020,Books,4999,749.85,4249.15,2.8,3,2,express,card,2026-02-27,0,
ORD006117,CUST00036,PROD001,Beauty,1999,399.8,1599.2,2.9,4,4,standard,cod,2025-11-24,0,
ORD006118,CUST00042,PROD005,Fashion,1299,259.8,1039.2,3.1,3,4,standard,upi,2026-02-22,1,Better Price Elsewhere
ORD006119,CUST00467,PROD016,Beauty,499,0.0,499.0,3.6,2,5,standard,card,2026-06-22,0,
ORD006120,CUST00672,PROD006,Books,1299,0.0,1299.0,2.8,3,5,standard,upi,2026-02-23,0,
ORD006121,CUST00170,PROD004,Books,499,74.85,424.15,4.3,2,4,standard,card,2026-07-11,0,
ORD006122,CUST01012,PROD015,Beauty,2999,449.85,2549.15,2.5,1,8,economy,cod,2026-08-07,1,Changed Mind
ORD006123,CUST01331,PROD019,Electronics,1299,0.0,1299.0,4.1,6,3,standard,card,2026-08-06,0,
ORD006124,CUST00717,PROD005,Fashion,1299,0.0,1299.0,2.9,1,3,standard,card,2026-04-15,0,
ORD006125,CUST01368,PROD015,Beauty,2999,299.9,2699.1,2.3,0,6,standard,card,2026-08-29,0,
ORD006126,CUST00548,PROD005,Fashion,1299,194.85,1104.15,3.2,5,4,standard,card,2026-07-05,1,Product Not as Expected
ORD006127,CUST01485,PROD015,Beauty,2999,0.0,2999.0,2.9,5,5,standard,cod,2026-03-25,0,
ORD006128,CUST01400,PROD010,Fashion,1299,0.0,1299.0,4.5,0,2,express,card,2026-03-11,1,Better Price Elsewhere
ORD006129,CUST00688,PROD018,Books,499,74.85,424.15,3.5,4,1,express,card,2026-07-15,1,Better Price Elsewhere
ORD006130,CUST01839,PROD019,Electronics,1299,0.0,1299.0,3.8,6,4,standard,upi,2025-10-27,0,
ORD006131,CUST00071,PROD007,Fashion,1299,259.8,1039.2,4.5,0,9,economy,upi,2025-10-02,1,Quality Issues
ORD006132,CUST01333,PROD016,Beauty,499,199.6,299.4,3.4,2,5,standard,card,2026-08-10,1,Wrong Size
ORD006133,CUST01931,PROD010,Fashion,1299,0.0,1299.0,4.8,5,5,standard,cod,2026-02-18,0,
ORD006134,CUST00680,PROD007,Fashion,1299,0.0,1299.0,4.7,2,3,standard,upi,2025-09-17,0,
ORD006135,CUST00614,PROD019,Electronics,1299,129.9,1169.1,4.0,7,1,express,wallet,2025-11-21,0,
ORD006136,CUST00966,PROD005,Fashion,1299,259.8,1039.2,3.1,1,4,standard,card,2026-01-26,0,
ORD006137,CUST00248,PROD008,Home & Lifestyle,1299,259.8,1039.2,3.5,1,3,standard,card,2025-11-18,0,
ORD006138,CUST01822,PROD002,Books,4999,1249.75,3749.25,3.6,3,3,standard,cod,2026-02-16,0,
ORD006139,CUST01399,PROD016,Beauty,499,49.9,449.1,3.6,4,6,standard,card,2026-08-11,0,
ORD006140,CUST01606,PROD003,Home & Lifestyle,1999,0.0,1999.0,3.6,5,3,standard,card,2025-11-04,0,
ORD006141,CUST01970,PROD011,Fashion,299,0.0,299.0,2.7,6,8,economy,card,2026-09-05,1,Damaged/Defective
ORD006142,CUST01631,PROD002,Books,4999,749.85,4249.15,3.5,0,3,standard,card,2026-05-30,0,
ORD006143,CUST01822,PROD014,Beauty,499,49.9,449.1,3.8,5,3,standard,upi,2025-11-29,0,
ORD006144,CUST00037,PROD011,Fashion,299,0.0,299.0,2.5,1,3,standard,card,2026-03-04,0,
ORD006145,CUST01680,PROD008,Home & Lifestyle,1299,0.0,1299.0,3.6,2,4,standard,cod,2026-03-24,1,Better Price Elsewhere
ORD006146,CUST01860,PROD015,Beauty,2999,0.0,2999.0,2.6,0,5,standard,cod,2026-04-25,0,
ORD006147,CUST00505,PROD003,Home & Lifestyle,1999,499.75,1499.25,3.9,2,4,standard,upi,2025-10-19,0,
ORD006148,CUST00271,PROD011,Fashion,299,59.8,239.2,2.5,5,5,standard,cod,2026-08-08,0,
ORD006149,CUST01205,PROD020,Books,4999,1249.75,3749.25,2.8,3,5,standard,card,2026-02-05,0,
ORD006150,CUST00665,PROD011,Fashion,299,29.9,269.1,2.4,4,3,standard,upi,2026-04-25,0,
ORD006151,CUST00559,PROD007,Fashion,1299,259.8,1039.2,4.9,1,8,economy,card,2025-12-10,0,
ORD006152,CUST00057,PROD015,Beauty,2999,449.85,2549.15,2.3,1,6,standard,cod,2025-10-13,1,Ordered by Mistake
ORD006153,CUST00301,PROD013,Home & Lifestyle,2999,749.75,2249.25,3.4,5,3,standard,cod,2026-05-02,0,
ORD006154,CUST01778,PROD008,Home & Lifestyle,1299,129.9,1169.1,3.8,1,1,express,card,2025-10-19,1,Quality Issues
ORD006155,CUST01507,PROD010,Fashion,1299,519.6,779.4,4.9,0,5,standard,card,2026-02-07,0,
ORD006156,CUST01393,PROD018,Books,499,0.0,499.0,3.5,0,4,standard,upi,2026-03-18,0,
ORD006157,CUST01193,PROD009,Home & Lifestyle,1999,0.0,1999.0,3.8,1,1,express,card,2026-07-16,0,
ORD006158,CUST00877,PROD007,Fashion,1299,129.9,1169.1,5.0,0,6,standard,card,2026-05-15,1,Better Price Elsewhere
ORD006159,CUST00264,PROD013,Home & Lifestyle,2999,0.0,2999.0,3.5,3,4,standard,upi,2025-12-30,1,Late Delivery
ORD006160,CUST00377,PROD016,Beauty,499,124.75,374.25,3.2,5,1,express,upi,2025-12-30,0,
ORD006161,CUST01334,PROD017,Beauty,299,0.0,299.0,4.5,3,2,express,cod,2025-12-08,1,Changed Mind
ORD006162,CUST00133,PROD008,Home & Lifestyle,1299,259.8,1039.2,3.7,4,6,standard,card,2026-09-08,0,
ORD006163,CUST00160,PROD015,Beauty,2999,299.9,2699.1,2.7,6,6,standard,card,2025-12-02,1,Quality Issues
ORD006164,CUST00320,PROD006,Books,1299,0.0,1299.0,2.8,5,7,economy,card,2026-06-23,0,
ORD006165,CUST01941,PROD001,Beauty,1999,299.85,1699.15,2.7,3,3,standard,upi,2025-11-14,1,Quality Issues
ORD006166,CUST01157,PROD015,Beauty,2999,1199.6,1799.4,2.5,2,1,express,upi,2026-01-08,0,
ORD006167,CUST01677,PROD020,Books,4999,749.85,4249.15,3.1,0,10,economy,upi,2025-12-20,0,
ORD006168,CUST00763,PROD008,Home & Lifestyle,1299,0.0,1299.0,3.6,6,2,express,cod,2026-08-09,1,Wrong Size
ORD006169,CUST00551,PROD004,Books,499,49.9,449.1,4.2,2,3,standard,card,2026-09-09,0,
ORD006170,CUST00818,PROD011,Fashion,299,44.85,254.15,2.2,2,1,express,card,2026-03-26,1,Wrong Size
ORD006171,CUST00755,PROD020,Books,4999,999.8,3999.2,3.2,4,9,economy,upi,2026-07-10,0,
ORD006172,CUST01925,PROD003,Home & Lifestyle,1999,0.0,1999.0,4.0,1,4,standard,upi,2025-11-06,0,
ORD006173,CUST00862,PROD004,Books,499,124.75,374.25,4.0,3,2,express,card,2025-12-28,0,
ORD006174,CUST01007,PROD018,Books,499,99.8,399.2,3.7,0,3,standard,upi,2026-06-12,0,
ORD006175,CUST00881,PROD005,Fashion,1299,0.0,1299.0,3.2,3,5,standard,card,2026-08-05,1,Changed Mind
ORD006176,CUST01896,PROD015,Beauty,2999,0.0,2999.0,2.4,5,5,standard,upi,2025-09-21,0,
ORD006177,CUST01809,PROD018,Books,499,49.9,449.1,3.4,7,4,standard,card,2025-10-12,1,Product Not as Expected
ORD006178,CUST00374,PROD018,Books,499,74.85,424.15,3.6,0,8,economy,card,2025-12-08,1,Damaged/Defective
ORD006179,CUST01527,PROD020,Books,4999,499.9,4499.1,2.9,1,5,standard,card,2026-01-04,0,
ORD006180,CUST01123,PROD018,Books,499,124.75,374.25,3.7,0,3,standard,wallet,2026-01-10,0,
ORD006181,CUST00432,PROD013,Home & Lifestyle,2999,449.85,2549.15,3.5,2,3,standard,card,2025-11-29,0,
ORD006182,CUST01709,PROD003,Home & Lifestyle,1999,299.85,1699.15,4.1,0,5,standard,upi,2026-06-26,0,
ORD006183,CUST00196,PROD003,Home & Lifestyle,1999,199.9,1799.1,3.8,6,2,express,card,2026-08-20,0,
ORD006184,CUST01057,PROD003,Home & Lifestyle,1999,199.9,1799.1,4.2,0,4,standard,card,2025-11-09,1,Damaged/Defective
ORD006185,CUST01029,PROD005,Fashion,1299,324.75,974.25,2.8,1,6,standard,cod,2026-06-10,1,Ordered by Mistake
ORD006186,CUST01459,PROD005,Fashion,1299,129.9,1169.1,2.7,2,6,standard,card,2026-01-11,0,
ORD006187,CUST00298,PROD008,Home & Lifestyle,1299,194.85,1104.15,3.9,2,7,economy,upi,2026-03-03,1,Ordered by Mistake
ORD006188,CUST01657,PROD011,Fashion,299,59.8,239.2,2.7,0,6,standard,upi,2026-06-12,1,Damaged/Defective
ORD006189,CUST01894,PROD004,Books,499,49.9,449.1,4.2,2,2,express,card,2026-07-15,1,Wrong Size
ORD006190,CUST01983,PROD012,Beauty,4999,0.0,4999.0,4.0,0,6,standard,cod,2026-03-21,0,
ORD006191,CUST00665,PROD017,Beauty,299,59.8,239.2,4.9,3,2,express,card,2026-05-01,1,Wrong Size
ORD006192,CUST00769,PROD003,Home & Lifestyle,1999,299.85,1699.15,4.0,0,2,express,card,2025-10-14,0,
ORD006193,CUST01030,PROD004,Books,499,0.0,499.0,4.0,2,3,standard,upi,2025-11-02,0,
ORD006194,CUST00274,PROD012,Beauty,4999,999.8,3999.2,4.4,4,3,standard,card,2026-01-13,1,Ordered by Mistake
ORD006195,CUST01764,PROD003,Home & Lifestyle,1999,599.7,1399.3,4.1,7,4,standard,upi,2026-03-03,1,Wrong Size
ORD006196,CUST00897,PROD020,Books,4999,499.9,4499.1,3.0,3,6,standard,card,2026-05-26,0,
ORD006197,CUST01821,PROD018,Books,499,0.0,499.0,4.0,3,5,standard,cod,2026-08-31,0,
ORD006198,CUST00658,PROD018,Books,499,49.9,449.1,3.5,5,2,express,card,2025-10-06,0,
ORD006199,CUST01777,PROD004,Books,499,74.85,424.15,4.1,4,6,standard,upi,2025-12-21,1,Changed Mind
ORD006200,CUST01202,PROD011,Fashion,299,74.75,224.25,2.5,0,2,express,upi,2026-03-08,1,Late Delivery
ORD006201,CUST00013,PROD020,Books,4999,749.85,4249.15,2.8,0,9,economy,upi,2026-08-02,0,
ORD006202,CUST00389,PROD011,Fashion,299,59.8,239.2,2.4,2,5,standard,card,2026-05-01,1,Damaged/Defective
ORD006203,CUST01136,PROD019,Electronics,1299,259.8,1039.2,3.8,1,6,standard,card,2026-02-25,0,
ORD006204,CUST00940,PROD017,Beauty,299,0.0,299.0,4.6,2,6,standard,upi,2026-07-11,0,
ORD006205,CUST00941,PROD018,Books,499,49.9,449.1,3.5,0,3,standard,upi,2025-09-24,0,
ORD006206,CUST00764,PROD011,Fashion,299,29.9,269.1,2.6,5,5,standard,upi,2026-01-26,0,
ORD006207,CUST01072,PROD018,Books,499,74.85,424.15,3.8,0,10,economy,card,2026-05-04,0,
ORD006208,CUST01694,PROD006,Books,1299,129.9,1169.1,2.6,0,4,standard,card,2026-06-11,0,
ORD006209,CUST00833,PROD007,Fashion,1299,0.0,1299.0,4.7,1,5,standard,card,2026-04-17,0,
ORD006210,CUST01432,PROD013,Home & Lifestyle,2999,899.7,2099.3,3.4,6,4,standard,card,2026-02-24,0,
ORD006211,CUST00040,PROD009,Home & Lifestyle,1999,0.0,1999.0,3.6,1,4,standard,card,2026-08-17,0,
ORD006212,CUST01923,PROD004,Books,499,0.0,499.0,4.4,3,5,standard,card,2026-06-22,0,
ORD006213,CUST00556,PROD020,Books,4999,999.8,3999.2,2.7,6,1,express,card,2025-09-28,0,
ORD006214,CUST00852,PROD012,Beauty,4999,499.9,4499.1,3.9,1,6,standard,cod,2026-08-08,0,
ORD006215,CUST00895,PROD011,Fashion,299,59.8,239.2,2.3,0,1,express,card,2026-08-30,0,
ORD006216,CUST00257,PROD006,Books,1299,259.8,1039.2,2.6,5,3,standard,card,2025-11-04,0,
ORD006217,CUST00730,PROD010,Fashion,1299,0.0,1299.0,5.0,3,1,express,cod,2026-07-19,1,Wrong Size
ORD006218,CUST01995,PROD014,Beauty,499,124.75,374.25,3.2,2,2,express,card,2025-10-19,0,
ORD006219,CUST00241,PROD004,Books,499,0.0,499.0,4.3,1,2,express,upi,2026-08-03,0,
ORD006220,CUST00112,PROD015,Beauty,2999,749.75,2249.25,2.7,0,11,economy,upi,2026-06-05,0,
ORD006221,CUST01686,PROD007,Fashion,1299,129.9,1169.1,5.0,3,5,standard,cod,2025-09-12,0,
ORD006222,CUST00148,PROD009,Home & Lifestyle,1999,0.0,1999.0,3.9,0,4,standard,card,2026-08-19,0,
ORD006223,CUST01068,PROD003,Home & Lifestyle,1999,499.75,1499.25,4.2,2,5,standard,card,2025-10-10,1,Better Price Elsewhere
ORD006224,CUST00896,PROD008,Home & Lifestyle,1299,194.85,1104.15,3.6,6,2,express,upi,2026-09-08,0,
ORD006225,CUST00864,PROD009,Home & Lifestyle,1999,799.6,1199.4,4.1,1,2,express,card,2026-08-06,0,
ORD006226,CUST01431,PROD012,Beauty,4999,1999.6,2999.4,4.1,0,3,standard,upi,2025-12-19,0,
ORD006227,CUST01652,PROD007,Fashion,1299,0.0,1299.0,4.8,3,1,express,cod,2026-03-05,0,
ORD006228,CUST01529,PROD010,Fashion,1299,259.8,1039.2,4.4,3,4,standard,upi,2026-05-30,1,Wrong Size
ORD006229,CUST01317,PROD018,Books,499,49.9,449.1,3.5,0,7,economy,card,2026-03-06,1,Quality Issues
ORD006230,CUST00816,PROD011,Fashion,299,0.0,299.0,2.3,1,5,standard,card,2026-06-15,0,
ORD006231,CUST00491,PROD006,Books,1299,194.85,1104.15,2.4,0,1,express,cod,2026-05-16,1,Quality Issues
ORD006232,CUST01212,PROD004,Books,499,199.6,299.4,4.0,0,4,standard,upi,2026-01-10,1,Ordered by Mistake
ORD006233,CUST00164,PROD019,Electronics,1299,259.8,1039.2,3.9,2,1,express,card,2025-12-27,1,Changed Mind
ORD006234,CUST01078,PROD004,Books,499,0.0,499.0,4.0,4,6,standard,cod,2026-07-12,1,Damaged/Defective
ORD006235,CUST01828,PROD010,Fashion,1299,129.9,1169.1,4.5,1,1,express,upi,2026-03-15,0,
ORD006236,CUST00401,PROD005,Fashion,1299,129.9,1169.1,2.7,7,3,standard,card,2026-02-26,1,Quality Issues
ORD006237,CUST01592,PROD002,Books,4999,499.9,4499.1,3.4,0,3,standard,upi,2026-08-26,0,
ORD006238,CUST01104,PROD020,Books,4999,999.8,3999.2,3.0,0,5,standard,card,2026-02-18,0,
ORD006239,CUST00056,PROD007,Fashion,1299,519.6,779.4,4.9,8,6,standard,card,2025-10-30,0,
ORD006240,CUST01550,PROD018,Books,499,0.0,499.0,3.4,7,3,standard,upi,2026-01-02,0,
ORD006241,CUST01537,PROD016,Beauty,499,49.9,449.1,3.3,0,4,standard,cod,2025-12-08,0,
ORD006242,CUST01138,PROD010,Fashion,1299,389.7,909.3,4.4,7,2,express,card,2025-12-27,0,
ORD006243,CUST00183,PROD015,Beauty,2999,299.9,2699.1,2.7,0,1,express,upi,2026-02-25,0,
ORD006244,CUST01809,PROD020,Books,4999,499.9,4499.1,3.1,0,2,express,card,2026-01-24,0,
ORD006245,CUST00950,PROD003,Home & Lifestyle,1999,0.0,1999.0,3.6,0,5,standard,card,2026-04-16,1,Wrong Size
ORD006246,CUST00624,PROD018,Books,499,0.0,499.0,3.5,1,4,standard,upi,2025-10-02,0,
ORD006247,CUST00302,PROD016,Beauty,499,74.85,424.15,3.5,0,1,express,cod,2026-05-06,0,
ORD006248,CUST00384,PROD019,Electronics,1299,324.75,974.25,4.1,3,4,standard,card,2026-05-04,0,
ORD006249,CUST01308,PROD006,Books,1299,324.75,974.25,2.8,0,2,express,card,2026-06-21,0,
ORD006250,CUST01535,PROD018,Books,499,99.8,399.2,3.8,0,2,express,card,2025-12-01,0,
ORD006251,CUST01161,PROD007,Fashion,1299,0.0,1299.0,4.8,0,4,standard,cod,2026-07-05,0,
ORD006252,CUST00099,PROD005,Fashion,1299,0.0,1299.0,2.6,3,4,standard,upi,2025-10-18,1,Changed Mind
ORD006253,CUST00302,PROD006,Books,1299,324.75,974.25,2.7,2,3,standard,cod,2026-06-20,1,Damaged/Defective
ORD006254,CUST01410,PROD013,Home & Lifestyle,2999,299.9,2699.1,3.3,0,1,express,cod,2025-09-17,0,
ORD006255,CUST01475,PROD009,Home & Lifestyle,1999,0.0,1999.0,4.1,3,4,standard,card,2026-02-17,0,
ORD006256,CUST00466,PROD020,Books,4999,0.0,4999.0,2.8,3,5,standard,upi,2025-10-09,1,Changed Mind
ORD006257,CUST01170,PROD019,Electronics,1299,259.8,1039.2,3.9,5,2,express,card,2026-03-18,0,
ORD006258,CUST01414,PROD017,Beauty,299,44.85,254.15,4.7,0,10,economy,upi,2026-04-16,0,
ORD006259,CUST00876,PROD008,Home & Lifestyle,1299,194.85,1104.15,3.8,4,4,standard,card,2025-12-01,0,
ORD006260,CUST00737,PROD003,Home & Lifestyle,1999,0.0,1999.0,3.9,1,1,express,card,2025-09-27,1,Late Delivery
ORD006261,CUST01620,PROD012,Beauty,4999,749.85,4249.15,3.9,5,3,standard,cod,2025-12-01,1,Changed Mind
ORD006262,CUST01400,PROD007,Fashion,1299,259.8,1039.2,4.7,7,3,standard,card,2025-11-07,1,Late Delivery
ORD006263,CUST01215,PROD019,Electronics,1299,129.9,1169.1,4.0,2,2,express,cod,2026-01-21,0,
ORD006264,CUST01149,PROD014,Beauty,499,0.0,499.0,3.5,2,1,express,card,2026-03-02,0,
ORD006265,CUST00088,PROD019,Electronics,1299,0.0,1299.0,3.8,0,3,standard,upi,2026-04-14,0,
ORD006266,CUST01950,PROD020,Books,4999,0.0,4999.0,2.9,7,3,standard,card,2025-11-06,1,Better Price Elsewhere
ORD006267,CUST00721,PROD016,Beauty,499,199.6,299.4,3.6,1,2,express,upi,2026-03-16,1,Ordered by Mistake
ORD006268,CUST00251,PROD004,Books,499,49.9,449.1,4.1,1,3,standard,card,2026-06-25,0,
ORD006269,CUST00818,PROD003,Home & Lifestyle,1999,0.0,1999.0,4.2,0,4,standard,upi,2026-01-10,0,
ORD006270,CUST00823,PROD004,Books,499,124.75,374.25,4.3,1,4,standard,upi,2026-01-07,0,
ORD006271,CUST00016,PROD009,Home & Lifestyle,1999,0.0,1999.0,4.1,0,1,express,card,2026-02-15,0,
ORD006272,CUST00433,PROD017,Beauty,299,59.8,239.2,4.8,0,4,standard,wallet,2026-03-17,0,
ORD006273,CUST00967,PROD006,Books,1299,194.85,1104.15,2.4,8,5,standard,card,2025-11-17,0,
ORD006274,CUST01298,PROD003,Home & Lifestyle,1999,299.85,1699.15,4.0,0,2,express,cod,2026-09-08,0,
ORD006275,CUST00362,PROD007,Fashion,1299,0.0,1299.0,4.5,6,6,standard,upi,2025-10-21,1,Quality Issues
ORD006276,CUST00430,PROD011,Fashion,299,0.0,299.0,2.2,1,4,standard,upi,2026-05-04,0,
ORD006277,CUST01090,PROD005,Fashion,1299,129.9,1169.1,2.9,0,4,standard,cod,2026-04-13,1,Changed Mind
ORD006278,CUST01428,PROD014,Beauty,499,49.9,449.1,3.6,0,4,standard,upi,2025-10-19,0,
ORD006279,CUST01735,PROD013,Home & Lifestyle,2999,299.9,2699.1,3.5,5,4,standard,card,2025-12-20,0,
ORD006280,CUST00487,PROD017,Beauty,299,59.8,239.2,4.6,1,4,standard,upi,2025-12-21,0,
ORD006281,CUST01602,PROD020,Books,4999,999.8,3999.2,2.9,1,4,standard,upi,2026-07-27,0,
ORD006282,CUST00220,PROD011,Fashion,299,29.9,269.1,2.5,0,1,express,upi,2026-06-17,0,
ORD006283,CUST00700,PROD012,Beauty,4999,0.0,4999.0,3.9,8,3,standard,upi,2025-09-16,0,
ORD006284,CUST00849,PROD009,Home & Lifestyle,1999,299.85,1699.15,3.9,4,3,standard,card,2025-09-23,0,
ORD006285,CUST00801,PROD008,Home & Lifestyle,1299,129.9,1169.1,3.9,1,4,standard,upi,2026-04-30,0,
ORD006286,CUST01219,PROD004,Books,499,49.9,449.1,4.0,2,6,standard,card,2026-09-05,0,
ORD006287,CUST00830,PROD010,Fashion,1299,194.85,1104.15,4.8,0,3,standard,card,2026-05-22,0,
ORD006288,CUST01422,PROD020,Books,4999,499.9,4499.1,2.8,5,5,standard,wallet,2025-10-15,0,
ORD006289,CUST01470,PROD006,Books,1299,129.9,1169.1,2.7,0,3,standard,upi,2026-09-08,0,
ORD006290,CUST00425,PROD001,Beauty,1999,799.6,1199.4,2.7,1,4,standard,upi,2026-08-10,1,Ordered by Mistake
ORD006291,CUST01121,PROD005,Fashion,1299,259.8,1039.2,3.1,2,3,standard,wallet,2026-03-08,0,
ORD006292,CUST01202,PROD014,Beauty,499,0.0,499.0,3.5,1,4,standard,card,2026-01-06,1,Quality Issues
ORD006293,CUST01612,PROD003,Home & Lifestyle,1999,799.6,1199.4,3.6,1,4,standard,card,2026-02-03,0,
ORD006294,CUST01146,PROD016,Beauty,499,74.85,424.15,3.6,0,10,economy,upi,2025-09-25,1,Wrong Size
ORD006295,CUST00995,PROD002,Books,4999,0.0,4999.0,3.2,0,4,standard,upi,2026-08-07,0,
ORD006296,CUST01217,PROD020,Books,4999,0.0,4999.0,2.9,0,4,standard,upi,2026-05-18,0,
ORD006297,CUST01528,PROD007,Fashion,1299,0.0,1299.0,4.6,3,6,standard,cod,2026-06-05,1,Changed Mind
ORD006298,CUST01101,PROD016,Beauty,499,0.0,499.0,3.5,7,1,express,upi,2025-11-26,0,
ORD006299,CUST00116,PROD003,Home & Lifestyle,1999,299.85,1699.15,3.8,0,1,express,card,2025-09-27,0,
ORD006300,CUST01298,PROD015,Beauty,2999,899.7,2099.3,2.7,2,5,standard,upi,2025-11-06,1,Product Not as Expected
ORD006301,CUST00003,PROD011,Fashion,299,119.6,179.4,2.7,0,6,standard,cod,2025-12-25,1,Changed Mind
ORD006302,CUST01979,PROD008,Home & Lifestyle,1299,0.0,1299.0,3.6,0,6,standard,upi,2026-02-14,1,Wrong Size
ORD006303,CUST00253,PROD013,Home & Lifestyle,2999,299.9,2699.1,3.2,0,3,standard,card,2026-05-10,0,
ORD006304,CUST00295,PROD013,Home & Lifestyle,2999,749.75,2249.25,3.4,3,6,standard,card,2026-04-15,0,
ORD006305,CUST01428,PROD017,Beauty,299,29.9,269.1,4.6,4,2,express,upi,2025-11-14,0,
ORD006306,CUST01448,PROD008,Home & Lifestyle,1299,259.8,1039.2,3.8,3,2,express,upi,2025-10-17,0,
ORD006307,CUST00697,PROD010,Fashion,1299,0.0,1299.0,5.0,2,11,economy,card,2025-10-13,0,
ORD006308,CUST00992,PROD010,Fashion,1299,519.6,779.4,4.7,0,3,standard,cod,2026-09-05,1,Damaged/Defective
ORD006309,CUST01338,PROD020,Books,4999,1999.6,2999.4,3.1,3,5,standard,upi,2026-08-30,1,Wrong Size
ORD006310,CUST00451,PROD017,Beauty,299,0.0,299.0,4.5,2,3,standard,cod,2026-03-04,1,Product Not as Expected
ORD006311,CUST01163,PROD019,Electronics,1299,129.9,1169.1,4.2,5,3,standard,upi,2026-03-20,0,
ORD006312,CUST01807,PROD011,Fashion,299,59.8,239.2,2.5,0,5,standard,upi,2026-08-24,0,
ORD006313,CUST01171,PROD020,Books,4999,499.9,4499.1,2.8,3,8,economy,card,2026-06-25,1,Late Delivery
ORD006314,CUST01178,PROD005,Fashion,1299,259.8,1039.2,2.7,1,11,economy,wallet,2026-07-07,1,Quality Issues
ORD006315,CUST01365,PROD011,Fashion,299,59.8,239.2,2.3,6,6,standard,upi,2026-05-09,0,
ORD006316,CUST01264,PROD016,Beauty,499,99.8,399.2,3.2,2,3,standard,upi,2026-09-08,1,Late Delivery
ORD006317,CUST00392,PROD011,Fashion,299,44.85,254.15,2.6,0,5,standard,upi,2026-03-12,0,
ORD006318,CUST01166,PROD016,Beauty,499,124.75,374.25,3.5,0,2,express,card,2026-01-22,1,Better Price Elsewhere
ORD006319,CUST01469,PROD014,Beauty,499,124.75,374.25,3.3,2,6,standard,card,2026-07-06,1,Quality Issues
ORD006320,CUST00165,PROD018,Books,499,0.0,499.0,3.7,0,4,standard,card,2026-05-17,0,
ORD006321,CUST01181,PROD019,Electronics,1299,0.0,1299.0,3.6,0,2,express,upi,2026-06-20,0,
ORD006322,CUST01094,PROD004,Books,499,0.0,499.0,4.0,2,1,express,card,2026-07-31,0,
ORD006323,CUST00285,PROD014,Beauty,499,74.85,424.15,3.8,0,4,standard,card,2026-01-31,0,
ORD006324,CUST00746,PROD013,Home & Lifestyle,2999,1199.6,1799.4,3.3,2,6,standard,card,2025-09-23,1,Better Price Elsewhere
ORD006325,CUST01895,PROD018,Books,499,199.6,299.4,3.7,3,6,standard,wallet,2026-05-10,1,Late Delivery
ORD006326,CUST01141,PROD005,Fashion,1299,194.85,1104.15,3.0,0,6,standard,card,2026-08-08,1,Ordered by Mistake
ORD006327,CUST00714,PROD004,Books,499,49.9,449.1,4.3,1,6,standard,upi,2025-09-22,1,Damaged/Defective
ORD006328,CUST00411,PROD003,Home & Lifestyle,1999,199.9,1799.1,3.9,1,5,standard,wallet,2025-09-19,0,
ORD006329,CUST01909,PROD001,Beauty,1999,399.8,1599.2,3.1,1,2,express,card,2026-02-20,0,
ORD006330,CUST01013,PROD020,Books,4999,999.8,3999.2,2.9,5,9,economy,upi,2026-08-02,1,Ordered by Mistake
ORD006331,CUST00598,PROD010,Fashion,1299,0.0,1299.0,5.0,0,5,standard,card,2026-03-01,1,Damaged/Defective
ORD006332,CUST00775,PROD002,Books,4999,0.0,4999.0,3.3,8,4,standard,upi,2025-11-04,1,Product Not as Expected
ORD006333,CUST00805,PROD015,Beauty,2999,0.0,2999.0,2.8,5,6,standard,upi,2026-04-09,1,Late Delivery
ORD006334,CUST01408,PROD013,Home & Lifestyle,2999,1199.6,1799.4,3.2,6,4,standard,card,2025-12-02,1,Wrong Size
ORD006335,CUST00753,PROD017,Beauty,299,0.0,299.0,4.5,6,6,standard,upi,2025-11-06,1,Wrong Size
ORD006336,CUST01632,PROD017,Beauty,299,74.75,224.25,4.8,6,5,standard,cod,2026-07-30,1,Ordered by Mistake
ORD006337,CUST00317,PROD003,Home & Lifestyle,1999,0.0,1999.0,3.9,2,1,express,upi,2026-05-09,0,
ORD006338,CUST00693,PROD019,Electronics,1299,259.8,1039.2,4.2,3,1,express,upi,2026-02-26,0,
ORD006339,CUST00768,PROD017,Beauty,299,44.85,254.15,4.9,3,9,economy,upi,2026-06-27,1,Changed Mind
ORD006340,CUST00776,PROD010,Fashion,1299,129.9,1169.1,4.8,0,4,standard,upi,2026-07-28,0,
ORD006341,CUST01670,PROD019,Electronics,1299,389.7,909.3,3.8,0,3,standard,card,2026-01-03,0,
ORD006342,CUST01326,PROD010,Fashion,1299,194.85,1104.15,5.0,4,5,standard,card,2026-08-17,0,
ORD006343,CUST00378,PROD010,Fashion,1299,259.8,1039.2,4.6,2,10,economy,upi,2026-05-17,1,Better Price Elsewhere
ORD006344,CUST00809,PROD002,Books,4999,749.85,4249.15,3.5,1,6,standard,card,2025-12-30,0,
ORD006345,CUST01379,PROD004,Books,499,99.8,399.2,4.5,3,7,economy,upi,2026-03-09,0,
ORD006346,CUST00785,PROD015,Beauty,2999,0.0,2999.0,2.6,3,4,standard,card,2026-06-05,1,Changed Mind
ORD006347,CUST00575,PROD014,Beauty,499,0.0,499.0,3.5,0,4,standard,card,2026-08-05,0,
ORD006348,CUST00644,PROD005,Fashion,1299,0.0,1299.0,2.6,3,6,standard,card,2025-12-04,0,
ORD006349,CUST00263,PROD008,Home & Lifestyle,1299,129.9,1169.1,3.4,8,7,economy,cod,2026-02-17,1,Better Price Elsewhere
ORD006350,CUST01448,PROD011,Fashion,299,119.6,179.4,2.6,5,9,economy,card,2026-07-17,1,Damaged/Defective
ORD006351,CUST00547,PROD017,Beauty,299,0.0,299.0,4.5,0,9,economy,cod,2025-10-02,1,Better Price Elsewhere
ORD006352,CUST01045,PROD005,Fashion,1299,324.75,974.25,2.6,6,4,standard,card,2025-10-08,1,Wrong Size
ORD006353,CUST00567,PROD018,Books,499,0.0,499.0,3.6,2,5,standard,upi,2025-11-09,0,
ORD006354,CUST00085,PROD020,Books,4999,499.9,4499.1,2.7,0,4,standard,upi,2025-10-31,0,
ORD006355,CUST00003,PROD008,Home & Lifestyle,1299,0.0,1299.0,3.4,2,2,express,upi,2026-07-29,0,
ORD006356,CUST01997,PROD014,Beauty,499,0.0,499.0,3.4,4,6,standard,card,2025-11-11,1,Ordered by Mistake
ORD006357,CUST01522,PROD013,Home & Lifestyle,2999,0.0,2999.0,3.5,0,6,standard,upi,2026-07-20,1,Product Not as Expected
ORD006358,CUST01413,PROD020,Books,4999,1499.7,3499.3,2.8,1,9,economy,card,2026-04-30,1,Quality Issues
ORD006359,CUST00770,PROD002,Books,4999,0.0,4999.0,3.5,1,6,standard,card,2026-02-11,0,
ORD006360,CUST01855,PROD008,Home & Lifestyle,1299,0.0,1299.0,3.7,1,5,standard,card,2026-05-16,0,
ORD006361,CUST00548,PROD018,Books,499,74.85,424.15,3.5,2,2,express,card,2025-12-26,1,Quality Issues
ORD006362,CUST01521,PROD012,Beauty,4999,999.8,3999.2,3.9,4,2,express,upi,2026-09-06,0,
ORD006363,CUST00143,PROD016,Beauty,499,149.7,349.3,3.2,4,9,economy,upi,2026-09-05,1,Better Price Elsewhere
ORD006364,CUST01098,PROD004,Books,499,99.8,399.2,4.4,2,2,express,upi,2025-10-17,0,
ORD006365,CUST00356,PROD020,Books,4999,1999.6,2999.4,3.1,5,3,standard,cod,2026-06-04,0,
ORD006366,CUST01045,PROD010,Fashion,1299,389.7,909.3,4.5,5,1,express,upi,2026-02-19,0,
ORD006367,CUST01612,PROD008,Home & Lifestyle,1299,0.0,1299.0,3.6,1,3,standard,card,2025-12-03,0,
ORD006368,CUST01543,PROD017,Beauty,299,29.9,269.1,4.8,5,2,express,card,2026-06-12,0,
ORD006369,CUST00865,PROD009,Home & Lifestyle,1999,299.85,1699.15,4.0,0,1,express,card,2025-11-09,0,
ORD006370,CUST01038,PROD017,Beauty,299,59.8,239.2,4.5,3,4,standard,upi,2026-06-12,0,
ORD006371,CUST00608,PROD010,Fashion,1299,324.75,974.25,4.6,8,2,express,card,2026-06-01,0,
ORD006372,CUST00407,PROD004,Books,499,0.0,499.0,4.4,1,4,standard,cod,2025-09-17,0,
ORD006373,CUST00155,PROD008,Home & Lifestyle,1299,129.9,1169.1,3.9,2,2,express,upi,2025-12-31,1,Quality Issues
ORD006374,CUST01334,PROD016,Beauty,499,0.0,499.0,3.2,2,1,express,cod,2026-02-07,1,Ordered by Mistake
ORD006375,CUST00974,PROD005,Fashion,1299,194.85,1104.15,2.7,4,4,standard,upi,2026-01-20,0,
ORD006376,CUST01737,PROD015,Beauty,2999,299.9,2699.1,2.8,0,2,express,cod,2026-06-15,0,
ORD006377,CUST01023,PROD019,Electronics,1299,389.7,909.3,4.0,3,2,express,card,2026-05-25,0,
ORD006378,CUST01770,PROD001,Beauty,1999,199.9,1799.1,2.9,0,4,standard,cod,2026-08-29,0,
ORD006379,CUST00340,PROD015,Beauty,2999,749.75,2249.25,2.5,0,2,express,cod,2026-02-11,1,Better Price Elsewhere
ORD006380,CUST00379,PROD018,Books,499,0.0,499.0,3.7,2,3,standard,card,2026-01-28,0,
ORD006381,CUST01647,PROD013,Home & Lifestyle,2999,1199.6,1799.4,3.6,1,3,standard,upi,2025-12-18,0,
ORD006382,CUST00459,PROD018,Books,499,199.6,299.4,3.7,4,11,economy,card,2026-02-08,0,
ORD006383,CUST01098,PROD014,Beauty,499,0.0,499.0,3.6,3,7,economy,card,2025-09-15,0,
ORD006384,CUST00699,PROD012,Beauty,4999,1249.75,3749.25,3.9,2,2,express,card,2025-11-26,0,
ORD006385,CUST00489,PROD006,Books,1299,0.0,1299.0,2.8,0,5,standard,card,2026-01-03,0,
ORD006386,CUST01295,PROD005,Fashion,1299,259.8,1039.2,3.0,4,5,standard,upi,2025-10-01,0,
ORD006387,CUST00871,PROD006,Books,1299,0.0,1299.0,2.5,3,5,standard,card,2025-12-12,0,
ORD006388,CUST01717,PROD013,Home & Lifestyle,2999,299.9,2699.1,3.3,7,5,standard,upi,2026-07-01,1,Late Delivery
ORD006389,CUST00107,PROD007,Fashion,1299,519.6,779.4,4.5,6,1,express,upi,2026-02-13,0,
ORD006390,CUST00521,PROD011,Fashion,299,29.9,269.1,2.3,4,11,economy,card,2026-07-16,0,
ORD006391,CUST00332,PROD004,Books,499,49.9,449.1,4.5,1,3,standard,upi,2026-08-23,0,
ORD006392,CUST01591,PROD004,Books,499,199.6,299.4,4.0,0,5,standard,card,2026-02-19,1,Product Not as Expected
ORD006393,CUST01559,PROD011,Fashion,299,0.0,299.0,2.5,0,2,express,upi,2026-03-23,1,Ordered by Mistake
ORD006394,CUST00818,PROD013,Home & Lifestyle,2999,0.0,2999.0,3.2,0,1,express,card,2026-01-23,0,
ORD006395,CUST00992,PROD015,Beauty,2999,0.0,2999.0,2.7,1,4,standard,card,2026-09-05,0,
ORD006396,CUST00641,PROD010,Fashion,1299,0.0,1299.0,4.8,1,5,standard,card,2026-01-10,0,
ORD006397,CUST01101,PROD009,Home & Lifestyle,1999,299.85,1699.15,4.0,4,5,standard,upi,2026-05-26,0,
ORD006398,CUST01676,PROD005,Fashion,1299,259.8,1039.2,2.9,2,6,standard,card,2026-02-01,1,Quality Issues
ORD006399,CUST00286,PROD019,Electronics,1299,194.85,1104.15,4.0,0,4,standard,card,2026-08-10,0,
ORD006400,CUST01262,PROD005,Fashion,1299,389.7,909.3,3.1,0,1,express,upi,2026-08-16,1,Quality Issues
ORD006401,CUST00511,PROD020,Books,4999,999.8,3999.2,2.9,3,4,standard,upi,2026-05-15,1,Changed Mind
ORD006402,CUST00966,PROD001,Beauty,1999,299.85,1699.15,3.2,0,6,standard,upi,2026-03-05,0,
ORD006403,CUST01446,PROD013,Home & Lifestyle,2999,0.0,2999.0,3.6,0,1,express,card,2026-05-29,1,Damaged/Defective
ORD006404,CUST00018,PROD020,Books,4999,0.0,4999.0,2.8,0,8,economy,card,2026-02-04,0,
ORD006405,CUST00916,PROD001,Beauty,1999,0.0,1999.0,2.9,7,4,standard,card,2026-03-05,1,Wrong Size
ORD006406,CUST00844,PROD012,Beauty,4999,999.8,3999.2,3.9,0,6,standard,card,2026-04-08,1,Product Not as Expected
ORD006407,CUST00052,PROD019,Electronics,1299,129.9,1169.1,3.8,2,1,express,card,2025-09-12,1,Ordered by Mistake
ORD006408,CUST01079,PROD018,Books,499,0.0,499.0,3.5,2,3,standard,upi,2025-09-28,0,
ORD006409,CUST01687,PROD015,Beauty,2999,899.7,2099.3,2.6,0,3,standard,upi,2026-02-22,1,Better Price Elsewhere
ORD006410,CUST00732,PROD002,Books,4999,1249.75,3749.25,3.6,1,6,standard,card,2026-02-24,0,
ORD006411,CUST00552,PROD016,Beauty,499,149.7,349.3,3.6,0,4,standard,card,2026-04-02,1,Quality Issues
ORD006412,CUST01155,PROD016,Beauty,499,49.9,449.1,3.5,2,5,standard,card,2026-06-27,0,
ORD006413,CUST01180,PROD019,Electronics,1299,519.6,779.4,4.2,3,2,express,card,2026-01-30,1,Wrong Size
ORD006414,CUST01766,PROD011,Fashion,299,44.85,254.15,2.4,7,8,economy,upi,2026-04-10,1,Changed Mind
ORD006415,CUST01152,PROD018,Books,499,99.8,399.2,3.4,0,2,express,upi,2026-03-28,0,
ORD006416,CUST00007,PROD007,Fashion,1299,129.9,1169.1,5.0,1,2,express,card,2026-01-25,0,
ORD006417,CUST01683,PROD005,Fashion,1299,0.0,1299.0,2.9,0,3,standard,upi,2026-05-31,0,
ORD006418,CUST00404,PROD016,Beauty,499,49.9,449.1,3.6,1,1,express,card,2025-09-28,0,
ORD006419,CUST01702,PROD003,Home & Lifestyle,1999,799.6,1199.4,4.1,6,3,standard,card,2026-04-07,1,Better Price Elsewhere
ORD006420,CUST01158,PROD007,Fashion,1299,0.0,1299.0,4.8,0,5,standard,card,2025-10-30,0,
ORD006421,CUST01789,PROD014,Beauty,499,49.9,449.1,3.3,6,6,standard,upi,2026-04-25,1,Late Delivery
ORD006422,CUST01960,PROD014,Beauty,499,49.9,449.1,3.5,3,5,standard,card,2026-08-09,0,
ORD006423,CUST01174,PROD002,Books,4999,0.0,4999.0,3.6,0,4,standard,card,2025-10-07,0,
ORD006424,CUST00031,PROD018,Books,499,74.85,424.15,3.7,0,6,standard,card,2026-08-06,0,
ORD006425,CUST00423,PROD005,Fashion,1299,129.9,1169.1,2.9,0,5,standard,cod,2025-09-20,0,
ORD006426,CUST00557,PROD014,Beauty,499,149.7,349.3,3.4,0,6,standard,upi,2026-08-04,1,Better Price Elsewhere
ORD006427,CUST01089,PROD019,Electronics,1299,0.0,1299.0,4.0,2,3,standard,upi,2026-08-21,0,
ORD006428,CUST01611,PROD017,Beauty,299,44.85,254.15,4.9,2,4,standard,card,2026-04-14,0,
ORD006429,CUST01645,PROD010,Fashion,1299,0.0,1299.0,4.8,3,6,standard,card,2026-04-27,1,Late Delivery
ORD006430,CUST01602,PROD017,Beauty,299,59.8,239.2,4.8,2,4,standard,upi,2026-02-20,0,
ORD006431,CUST01055,PROD017,Beauty,299,0.0,299.0,4.5,2,4,standard,cod,2025-10-04,1,Changed Mind
ORD006432,CUST00189,PROD003,Home & Lifestyle,1999,499.75,1499.25,4.1,0,3,standard,upi,2026-05-31,1,Quality Issues
ORD006433,CUST01839,PROD009,Home & Lifestyle,1999,0.0,1999.0,4.0,5,1,express,wallet,2026-04-18,1,Better Price Elsewhere
ORD006434,CUST01900,PROD013,Home & Lifestyle,2999,0.0,2999.0,3.2,0,6,standard,upi,2026-07-26,0,
ORD006435,CUST00234,PROD011,Fashion,299,44.85,254.15,2.7,0,6,standard,card,2026-04-01,0,
ORD006436,CUST00570,PROD009,Home & Lifestyle,1999,0.0,1999.0,3.7,1,6,standard,wallet,2026-03-10,1,Product Not as Expected
ORD006437,CUST00411,PROD001,Beauty,1999,399.8,1599.2,3.0,2,8,economy,wallet,2026-08-05,0,
ORD006438,CUST01599,PROD002,Books,4999,499.9,4499.1,3.7,1,1,express,cod,2026-05-11,0,
ORD006439,CUST00477,PROD009,Home & Lifestyle,1999,0.0,1999.0,4.0,7,5,standard,upi,2026-05-02,0,
ORD006440,CUST01859,PROD019,Electronics,1299,0.0,1299.0,3.7,6,3,standard,card,2026-03-25,0,
ORD006441,CUST01072,PROD005,Fashion,1299,0.0,1299.0,2.8,6,5,standard,upi,2026-01-01,0,
ORD006442,CUST01446,PROD003,Home & Lifestyle,1999,199.9,1799.1,3.6,0,3,standard,card,2026-05-01,0,
ORD006443,CUST01838,PROD001,Beauty,1999,0.0,1999.0,3.0,2,6,standard,upi,2025-12-07,0,
ORD006444,CUST01772,PROD016,Beauty,499,99.8,399.2,3.3,0,5,standard,upi,2025-11-27,0,
ORD006445,CUST01335,PROD017,Beauty,299,0.0,299.0,4.5,3,6,standard,cod,2025-11-06,0,
ORD006446,CUST01384,PROD015,Beauty,2999,299.9,2699.1,2.5,4,4,standard,card,2025-11-03,1,Quality Issues
ORD006447,CUST01985,PROD004,Books,499,74.85,424.15,3.9,4,6,standard,wallet,2025-10-31,0,
ORD006448,CUST01733,PROD009,Home & Lifestyle,1999,499.75,1499.25,3.7,1,1,express,upi,2026-04-02,0,
ORD006449,CUST00750,PROD012,Beauty,4999,0.0,4999.0,4.1,2,6,standard,card,2026-01-10,1,Better Price Elsewhere
ORD006450,CUST00485,PROD014,Beauty,499,99.8,399.2,3.3,3,5,standard,cod,2026-05-08,1,Late Delivery
ORD006451,CUST01955,PROD018,Books,499,0.0,499.0,3.5,1,1,express,card,2025-12-20,0,
ORD006452,CUST01831,PROD009,Home & Lifestyle,1999,499.75,1499.25,4.1,2,11,economy,upi,2026-08-02,0,
ORD006453,CUST00887,PROD010,Fashion,1299,129.9,1169.1,4.8,0,1,express,card,2026-03-22,0,
ORD006454,CUST00408,PROD019,Electronics,1299,129.9,1169.1,3.9,2,8,economy,card,2026-02-10,0,
ORD006455,CUST00364,PROD005,Fashion,1299,194.85,1104.15,2.6,1,1,express,wallet,2026-07-04,1,Product Not as Expected
ORD006456,CUST01290,PROD010,Fashion,1299,0.0,1299.0,4.4,8,4,standard,card,2026-04-19,0,
ORD006457,CUST01580,PROD005,Fashion,1299,0.0,1299.0,2.9,0,3,standard,upi,2026-07-05,0,
ORD006458,CUST00430,PROD004,Books,499,74.85,424.15,4.3,1,3,standard,card,2025-12-15,0,
ORD006459,CUST01146,PROD012,Beauty,4999,499.9,4499.1,4.0,4,5,standard,card,2026-05-09,0,
ORD006460,CUST00726,PROD008,Home & Lifestyle,1299,194.85,1104.15,3.5,0,4,standard,card,2026-09-01,0,
ORD006461,CUST00166,PROD020,Books,4999,499.9,4499.1,3.1,1,1,express,card,2026-08-13,0,
ORD006462,CUST01237,PROD006,Books,1299,0.0,1299.0,2.7,0,1,express,card,2025-12-20,0,
ORD006463,CUST01559,PROD014,Beauty,499,74.85,424.15,3.7,1,1,express,card,2025-10-14,0,
ORD006464,CUST00897,PROD016,Beauty,499,149.7,349.3,3.5,1,2,express,cod,2026-07-16,0,
ORD006465,CUST01657,PROD014,Beauty,499,0.0,499.0,3.5,2,5,standard,card,2026-02-03,0,
ORD006466,CUST00496,PROD014,Beauty,499,149.7,349.3,3.5,0,11,economy,upi,2026-05-03,0,
ORD006467,CUST00701,PROD014,Beauty,499,49.9,449.1,3.8,2,7,economy,upi,2026-05-13,0,
ORD006468,CUST00864,PROD007,Fashion,1299,324.75,974.25,4.8,3,1,express,card,2026-08-20,0,
ORD006469,CUST00931,PROD006,Books,1299,0.0,1299.0,2.4,0,11,economy,upi,2026-01-15,0,
ORD006470,CUST01487,PROD001,Beauty,1999,299.85,1699.15,2.7,2,9,economy,wallet,2026-03-30,0,
ORD006471,CUST01345,PROD007,Fashion,1299,324.75,974.25,4.8,4,3,standard,cod,2026-06-21,0,
ORD006472,CUST00486,PROD017,Beauty,299,0.0,299.0,4.9,3,2,express,card,2025-12-18,1,Changed Mind
ORD006473,CUST00948,PROD002,Books,4999,749.85,4249.15,3.5,5,3,standard,upi,2026-06-04,0,
ORD006474,CUST00036,PROD015,Beauty,2999,299.9,2699.1,2.4,1,7,economy,upi,2026-05-23,0,
ORD006475,CUST00167,PROD003,Home & Lifestyle,1999,299.85,1699.15,4.1,6,9,economy,card,2026-07-10,1,Late Delivery
ORD006476,CUST00496,PROD007,Fashion,1299,0.0,1299.0,4.9,0,5,standard,card,2026-07-15,0,
ORD006477,CUST01032,PROD005,Fashion,1299,259.8,1039.2,3.1,1,4,standard,card,2026-01-07,0,
ORD006478,CUST00679,PROD012,Beauty,4999,0.0,4999.0,4.4,6,5,standard,cod,2026-07-09,0,
ORD006479,CUST01940,PROD002,Books,4999,499.9,4499.1,3.5,2,3,standard,card,2026-07-31,0,
ORD006480,CUST01500,PROD020,Books,4999,749.85,4249.15,2.7,2,2,express,cod,2025-09-29,0,
ORD006481,CUST00582,PROD011,Fashion,299,44.85,254.15,2.4,0,4,standard,card,2026-06-14,0,
ORD006482,CUST01541,PROD002,Books,4999,749.85,4249.15,3.7,2,2,express,card,2025-11-28,0,
ORD006483,CUST01332,PROD018,Books,499,49.9,449.1,3.7,1,4,standard,card,2026-07-30,0,
ORD006484,CUST01394,PROD010,Fashion,1299,324.75,974.25,4.4,7,5,standard,card,2026-03-04,1,Product Not as Expected
ORD006485,CUST01109,PROD015,Beauty,2999,299.9,2699.1,2.6,0,3,standard,card,2025-12-22,1,Product Not as Expected
ORD006486,CUST01817,PROD020,Books,4999,0.0,4999.0,2.6,5,4,standard,upi,2026-01-02,0,
ORD006487,CUST00611,PROD001,Beauty,1999,199.9,1799.1,2.7,3,2,express,card,2025-09-18,0,
ORD006488,CUST00604,PROD015,Beauty,2999,299.9,2699.1,2.5,0,2,express,upi,2025-12-29,1,Damaged/Defective
ORD006489,CUST01811,PROD013,Home & Lifestyle,2999,0.0,2999.0,3.4,3,4,standard,upi,2026-05-22,0,
ORD006490,CUST01858,PROD008,Home & Lifestyle,1299,194.85,1104.15,3.8,4,4,standard,wallet,2026-02-11,0,
ORD006491,CUST01940,PROD018,Books,499,49.9,449.1,3.8,1,6,standard,cod,2025-12-03,0,
ORD006492,CUST00491,PROD003,Home & Lifestyle,1999,399.8,1599.2,3.7,1,4,standard,upi,2026-07-12,0,
ORD006493,CUST00830,PROD016,Beauty,499,74.85,424.15,3.6,1,5,standard,card,2026-09-03,0,
ORD006494,CUST00762,PROD017,Beauty,299,59.8,239.2,4.6,0,7,economy,upi,2025-10-12,1,Damaged/Defective
ORD006495,CUST00863,PROD017,Beauty,299,44.85,254.15,4.9,1,2,express,upi,2025-12-23,1,Ordered by Mistake
ORD006496,CUST00184,PROD011,Fashion,299,0.0,299.0,2.3,8,6,standard,card,2026-06-30,0,
ORD006497,CUST00947,PROD017,Beauty,299,0.0,299.0,4.7,0,5,standard,upi,2025-09-14,1,Ordered by Mistake
ORD006498,CUST01881,PROD003,Home & Lifestyle,1999,199.9,1799.1,3.6,1,1,express,card,2026-05-23,0,
ORD006499,CUST01675,PROD005,Fashion,1299,194.85,1104.15,3.1,0,5,standard,card,2025-10-26,1,Ordered by Mistake
ORD006500,CUST01855,PROD006,Books,1299,0.0,1299.0,2.8,2,10,economy,card,2025-10-07,0,
ORD006501,CUST01439,PROD002,Books,4999,1249.75,3749.25,3.5,4,9,economy,card,2026-07-29,1,Damaged/Defective
ORD006502,CUST00121,PROD004,Books,499,0.0,499.0,3.9,5,5,standard,upi,2025-12-04,0,
ORD006503,CUST00517,PROD018,Books,499,74.85,424.15,3.5,2,4,standard,card,2025-11-27,1,Product Not as Expected
ORD006504,CUST01133,PROD013,Home & Lifestyle,2999,0.0,2999.0,3.2,1,1,express,cod,2025-09-22,0,
ORD006505,CUST01882,PROD001,Beauty,1999,0.0,1999.0,2.6,3,4,standard,cod,2025-09-28,0,
ORD006506,CUST01048,PROD015,Beauty,2999,599.8,2399.2,2.6,1,6,standard,upi,2026-06-26,1,Changed Mind
ORD006507,CUST00608,PROD016,Beauty,499,0.0,499.0,3.4,6,1,express,card,2026-03-29,1,Wrong Size
ORD006508,CUST01436,PROD015,Beauty,2999,449.85,2549.15,2.8,1,3,standard,card,2026-05-31,0,
ORD006509,CUST01771,PROD014,Beauty,499,0.0,499.0,3.4,3,6,standard,upi,2026-06-28,1,Wrong Size
ORD006510,CUST00540,PROD018,Books,499,0.0,499.0,3.7,0,2,express,upi,2026-01-24,1,Changed Mind
ORD006511,CUST00335,PROD013,Home & Lifestyle,2999,0.0,2999.0,3.3,2,4,standard,card,2026-04-24,0,
ORD006512,CUST01925,PROD019,Electronics,1299,519.6,779.4,4.2,2,3,standard,cod,2026-01-31,0,
ORD006513,CUST01743,PROD012,Beauty,4999,1499.7,3499.3,3.9,2,3,standard,card,2026-04-19,0,
ORD006514,CUST01671,PROD005,Fashion,1299,389.7,909.3,2.9,1,5,standard,card,2026-04-30,0,
ORD006515,CUST00472,PROD011,Fashion,299,29.9,269.1,2.3,1,2,express,card,2025-09-22,1,Ordered by Mistake
ORD006516,CUST00822,PROD015,Beauty,2999,449.85,2549.15,2.8,3,4,standard,card,2026-08-09,0,
ORD006517,CUST00185,PROD014,Beauty,499,49.9,449.1,3.4,4,3,standard,card,2026-08-23,0,
ORD006518,CUST00738,PROD007,Fashion,1299,519.6,779.4,5.0,2,4,standard,card,2026-05-16,0,
ORD006519,CUST01951,PROD013,Home & Lifestyle,2999,0.0,2999.0,3.4,8,9,economy,wallet,2026-07-30,0,
ORD006520,CUST00103,PROD018,Books,499,99.8,399.2,3.9,0,6,standard,card,2026-01-21,0,
ORD006521,CUST01625,PROD012,Beauty,4999,499.9,4499.1,4.3,0,1,express,upi,2025-12-19,0,
ORD006522,CUST01402,PROD006,Books,1299,194.85,1104.15,2.5,1,2,express,card,2026-08-04,1,Ordered by Mistake
ORD006523,CUST01932,PROD006,Books,1299,259.8,1039.2,2.3,0,1,express,cod,2025-10-06,1,Ordered by Mistake
ORD006524,CUST01197,PROD006,Books,1299,324.75,974.25,2.7,0,2,express,card,2026-05-05,0,
ORD006525,CUST00927,PROD001,Beauty,1999,199.9,1799.1,2.9,0,5,standard,card,2025-10-07,0,
ORD006526,CUST00761,PROD007,Fashion,1299,0.0,1299.0,4.5,5,6,standard,card,2025-10-27,1,Product Not as Expected
ORD006527,CUST01962,PROD003,Home & Lifestyle,1999,0.0,1999.0,3.8,0,2,express,card,2026-07-23,0,
ORD006528,CUST01642,PROD010,Fashion,1299,0.0,1299.0,4.6,0,5,standard,card,2026-08-22,1,Changed Mind
ORD006529,CUST01373,PROD012,Beauty,4999,999.8,3999.2,4.0,1,6,standard,card,2025-11-18,1,Damaged/Defective
ORD006530,CUST01048,PROD002,Books,4999,999.8,3999.2,3.6,4,10,economy,cod,2026-05-19,0,
ORD006531,CUST00509,PROD007,Fashion,1299,0.0,1299.0,4.9,0,2,express,card,2026-04-16,0,
ORD006532,CUST00604,PROD019,Electronics,1299,194.85,1104.15,3.8,7,11,economy,card,2026-05-18,0,
ORD006533,CUST01690,PROD009,Home & Lifestyle,1999,299.85,1699.15,3.8,1,1,express,card,2026-08-26,0,
ORD006534,CUST01292,PROD004,Books,499,99.8,399.2,4.0,5,1,express,cod,2026-07-08,1,Wrong Size
ORD006535,CUST00740,PROD006,Books,1299,324.75,974.25,2.5,0,9,economy,card,2025-11-15,1,Ordered by Mistake
ORD006536,CUST01212,PROD001,Beauty,1999,0.0,1999.0,2.7,1,4,standard,card,2026-08-12,0,
ORD006537,CUST01905,PROD003,Home & Lifestyle,1999,0.0,1999.0,3.8,7,5,standard,card,2026-07-27,1,Ordered by Mistake
ORD006538,CUST01036,PROD005,Fashion,1299,194.85,1104.15,2.7,0,1,express,upi,2026-06-22,0,
ORD006539,CUST01295,PROD009,Home & Lifestyle,1999,499.75,1499.25,4.0,1,6,standard,card,2026-01-20,1,Late Delivery
ORD006540,CUST01190,PROD015,Beauty,2999,749.75,2249.25,2.7,0,4,standard,cod,2026-05-29,1,Changed Mind
ORD006541,CUST00410,PROD012,Beauty,4999,1249.75,3749.25,4.4,5,6,standard,cod,2026-05-29,1,Ordered by Mistake
ORD006542,CUST00550,PROD003,Home & Lifestyle,1999,0.0,1999.0,4.1,2,5,standard,card,2025-11-22,0,
ORD006543,CUST00448,PROD018,Books,499,0.0,499.0,3.8,0,6,standard,card,2026-08-09,1,Wrong Size
ORD006544,CUST01482,PROD004,Books,499,124.75,374.25,3.9,1,5,standard,cod,2025-10-12,1,Late Delivery
ORD006545,CUST00925,PROD013,Home & Lifestyle,2999,299.9,2699.1,3.6,0,10,economy,card,2026-07-30,0,
ORD006546,CUST00902,PROD008,Home & Lifestyle,1299,129.9,1169.1,3.9,0,3,standard,card,2026-07-23,0,
ORD006547,CUST01471,PROD004,Books,499,74.85,424.15,4.1,1,1,express,upi,2026-01-02,0,
ORD006548,CUST00909,PROD001,Beauty,1999,0.0,1999.0,2.7,4,3,standard,card,2025-12-18,1,Better Price Elsewhere
ORD006549,CUST00537,PROD004,Books,499,0.0,499.0,4.2,0,1,express,cod,2025-10-30,0,
ORD006550,CUST01659,PROD011,Fashion,299,0.0,299.0,2.3,0,6,standard,card,2025-12-20,0,
ORD006551,CUST00096,PROD020,Books,4999,1999.6,2999.4,3.0,0,4,standard,cod,2026-05-07,1,Late Delivery
ORD006552,CUST01324,PROD001,Beauty,1999,199.9,1799.1,2.9,1,6,standard,upi,2025-11-02,1,Late Delivery
ORD006553,CUST00375,PROD018,Books,499,199.6,299.4,3.7,3,6,standard,card,2026-09-03,1,Better Price Elsewhere
ORD006554,CUST00363,PROD009,Home & Lifestyle,1999,399.8,1599.2,3.8,7,2,express,card,2026-07-06,0,
ORD006555,CUST00433,PROD018,Books,499,0.0,499.0,3.8,3,5,standard,card,2026-08-16,0,
ORD006556,CUST01371,PROD005,Fashion,1299,0.0,1299.0,3.0,0,5,standard,cod,2026-01-29,0,
ORD006557,CUST00492,PROD013,Home & Lifestyle,2999,299.9,2699.1,3.5,6,5,standard,upi,2026-01-30,0,
ORD006558,CUST01258,PROD003,Home & Lifestyle,1999,799.6,1199.4,3.8,1,6,standard,card,2026-09-03,0,
ORD006559,CUST00127,PROD017,Beauty,299,0.0,299.0,4.7,2,4,standard,upi,2026-06-15,1,Quality Issues
ORD006560,CUST00053,PROD001,Beauty,1999,0.0,1999.0,2.9,2,4,standard,card,2026-04-17,0,
ORD006561,CUST00799,PROD020,Books,4999,999.8,3999.2,2.8,0,2,express,upi,2025-09-10,0,
ORD006562,CUST00352,PROD020,Books,4999,0.0,4999.0,3.0,1,3,standard,card,2026-03-27,1,Better Price Elsewhere
ORD006563,CUST01052,PROD010,Fashion,1299,129.9,1169.1,4.8,2,9,economy,upi,2026-03-21,0,
ORD006564,CUST00883,PROD009,Home & Lifestyle,1999,199.9,1799.1,3.6,0,5,standard,card,2025-09-29,1,Product Not as Expected
ORD006565,CUST00216,PROD010,Fashion,1299,519.6,779.4,4.5,0,6,standard,upi,2025-10-19,0,
ORD006566,CUST01474,PROD001,Beauty,1999,199.9,1799.1,2.8,0,2,express,upi,2025-09-17,0,
ORD006567,CUST00896,PROD003,Home & Lifestyle,1999,399.8,1599.2,4.0,5,8,economy,card,2026-04-20,1,Quality Issues
ORD006568,CUST01773,PROD003,Home & Lifestyle,1999,199.9,1799.1,3.6,0,6,standard,cod,2026-03-28,0,
ORD006569,CUST01120,PROD016,Beauty,499,0.0,499.0,3.3,1,11,economy,card,2026-01-14,1,Ordered by Mistake
ORD006570,CUST01443,PROD013,Home & Lifestyle,2999,749.75,2249.25,3.3,2,10,economy,card,2026-04-04,0,
ORD006571,CUST00283,PROD004,Books,499,49.9,449.1,4.2,5,3,standard,card,2026-01-02,0,
ORD006572,CUST01734,PROD018,Books,499,99.8,399.2,3.5,5,5,standard,card,2025-11-02,0,
ORD006573,CUST00964,PROD017,Beauty,299,89.7,209.3,4.8,1,5,standard,card,2026-04-28,1,Late Delivery
ORD006574,CUST00726,PROD005,Fashion,1299,389.7,909.3,2.8,3,4,standard,card,2025-10-16,1,Product Not as Expected
ORD006575,CUST00382,PROD015,Beauty,2999,299.9,2699.1,2.7,1,1,express,upi,2025-10-06,1,Damaged/Defective
ORD006576,CUST00754,PROD002,Books,4999,749.85,4249.15,3.3,2,2,express,wallet,2026-04-03,0,
ORD006577,CUST00077,PROD017,Beauty,299,0.0,299.0,4.5,2,2,express,upi,2025-09-22,0,
ORD006578,CUST00244,PROD001,Beauty,1999,499.75,1499.25,2.8,1,3,standard,upi,2026-03-11,1,Quality Issues
ORD006579,CUST00003,PROD015,Beauty,2999,599.8,2399.2,2.6,1,2,express,card,2025-10-24,1,Quality Issues
ORD006580,CUST00457,PROD006,Books,1299,389.7,909.3,2.5,0,3,standard,card,2026-04-09,0,
ORD006581,CUST01263,PROD008,Home & Lifestyle,1299,0.0,1299.0,3.6,1,2,express,upi,2026-08-31,0,
ORD006582,CUST01331,PROD004,Books,499,74.85,424.15,4.0,2,6,standard,cod,2025-12-27,1,Ordered by Mistake
ORD006583,CUST01216,PROD009,Home & Lifestyle,1999,199.9,1799.1,4.0,5,4,standard,cod,2025-09-15,0,
ORD006584,CUST01600,PROD002,Books,4999,749.85,4249.15,3.2,0,5,standard,cod,2026-09-04,1,Changed Mind
ORD006585,CUST00019,PROD004,Books,499,0.0,499.0,4.4,2,1,express,cod,2025-12-04,1,Ordered by Mistake
ORD006586,CUST00036,PROD007,Fashion,1299,259.8,1039.2,4.4,4,6,standard,cod,2025-12-01,0,
ORD006587,CUST00918,PROD018,Books,499,199.6,299.4,3.6,5,3,standard,upi,2026-04-17,0,
ORD006588,CUST00096,PROD010,Fashion,1299,194.85,1104.15,4.5,8,5,standard,upi,2026-03-30,0,
ORD006589,CUST00717,PROD018,Books,499,149.7,349.3,3.6,1,4,standard,card,2025-10-14,0,
ORD006590,CUST01062,PROD002,Books,4999,0.0,4999.0,3.8,0,8,economy,card,2026-05-30,0,
ORD006591,CUST00421,PROD010,Fashion,1299,129.9,1169.1,4.5,7,4,standard,cod,2025-12-04,1,Changed Mind
ORD006592,CUST00765,PROD014,Beauty,499,0.0,499.0,3.7,3,3,standard,card,2025-10-26,0,
ORD006593,CUST00288,PROD010,Fashion,1299,129.9,1169.1,4.7,3,1,express,card,2025-11-17,1,Better Price Elsewhere
ORD006594,CUST00931,PROD001,Beauty,1999,799.6,1199.4,2.7,0,6,standard,card,2026-05-13,1,Changed Mind
ORD006595,CUST01631,PROD003,Home & Lifestyle,1999,199.9,1799.1,3.8,2,1,express,upi,2025-10-24,0,
ORD006596,CUST01591,PROD018,Books,499,74.85,424.15,3.4,2,4,standard,upi,2026-04-29,0,
ORD006597,CUST00479,PROD014,Beauty,499,149.7,349.3,3.7,1,2,express,upi,2026-04-26,0,
ORD006598,CUST01839,PROD007,Fashion,1299,0.0,1299.0,4.9,7,5,standard,upi,2026-05-04,1,Late Delivery
ORD006599,CUST00144,PROD005,Fashion,1299,129.9,1169.1,3.0,4,4,standard,card,2025-12-25,1,Ordered by Mistake
ORD006600,CUST00509,PROD001,Beauty,1999,399.8,1599.2,2.6,1,3,standard,card,2025-12-22,0,
ORD006601,CUST01999,PROD007,Fashion,1299,519.6,779.4,4.6,2,6,standard,upi,2025-10-09,0,
ORD006602,CUST00178,PROD015,Beauty,2999,749.75,2249.25,2.6,5,11,economy,upi,2026-02-10,1,Ordered by Mistake
ORD006603,CUST00162,PROD010,Fashion,1299,0.0,1299.0,4.8,1,1,express,card,2026-02-26,1,Changed Mind
ORD006604,CUST00606,PROD012,Beauty,4999,1249.75,3749.25,3.9,0,5,standard,card,2026-08-13,0,
ORD006605,CUST00832,PROD009,Home & Lifestyle,1999,0.0,1999.0,3.7,1,5,standard,card,2026-02-15,0,
ORD006606,CUST00435,PROD003,Home & Lifestyle,1999,0.0,1999.0,3.7,0,2,express,upi,2025-11-23,0,
ORD006607,CUST01540,PROD016,Beauty,499,99.8,399.2,3.2,1,2,express,card,2026-05-11,0,
ORD006608,CUST01924,PROD011,Fashion,299,59.8,239.2,2.3,0,1,express,card,2025-10-08,0,
ORD006609,CUST00587,PROD002,Books,4999,0.0,4999.0,3.3,2,4,standard,card,2026-03-12,0,
ORD006610,CUST00753,PROD015,Beauty,2999,449.85,2549.15,2.6,3,6,standard,card,2026-08-15,1,Wrong Size
ORD006611,CUST01021,PROD007,Fashion,1299,129.9,1169.1,4.7,1,3,standard,card,2026-01-27,0,
ORD006612,CUST01217,PROD004,Books,499,99.8,399.2,4.1,0,6,standard,upi,2026-01-02,1,Wrong Size
ORD006613,CUST01600,PROD003,Home & Lifestyle,1999,499.75,1499.25,3.7,6,1,express,upi,2026-03-05,1,Product Not as Expected
ORD006614,CUST00273,PROD003,Home & Lifestyle,1999,199.9,1799.1,3.8,1,11,economy,card,2025-12-21,0,
ORD006615,CUST01866,PROD004,Books,499,49.9,449.1,4.3,7,3,standard,cod,2026-07-23,0,
ORD006616,CUST00070,PROD011,Fashion,299,59.8,239.2,2.3,3,1,express,cod,2026-07-17,0,
ORD006617,CUST01235,PROD008,Home & Lifestyle,1299,0.0,1299.0,3.6,1,4,standard,card,2026-07-30,1,Late Delivery
ORD006618,CUST00478,PROD012,Beauty,4999,1249.75,3749.25,4.0,1,5,standard,upi,2026-02-23,0,
ORD006619,CUST00621,PROD006,Books,1299,259.8,1039.2,2.7,0,1,express,card,2026-04-10,1,Late Delivery
ORD006620,CUST00086,PROD007,Fashion,1299,129.9,1169.1,4.5,1,1,express,upi,2026-06-23,0,
ORD006621,CUST00626,PROD007,Fashion,1299,194.85,1104.15,4.8,2,7,economy,card,2025-10-05,1,Late Delivery
ORD006622,CUST01500,PROD009,Home & Lifestyle,1999,0.0,1999.0,3.8,2,9,economy,card,2025-12-04,0,
ORD006623,CUST00878,PROD001,Beauty,1999,399.8,1599.2,2.8,0,4,standard,card,2026-02-19,1,Late Delivery
ORD006624,CUST00605,PROD001,Beauty,1999,299.85,1699.15,3.0,0,2,express,cod,2026-01-08,0,
ORD006625,CUST01505,PROD011,Fashion,299,44.85,254.15,2.3,2,4,standard,upi,2025-12-11,1,Changed Mind
ORD006626,CUST00621,PROD004,Books,499,149.7,349.3,4.1,1,11,economy,card,2026-01-31,1,Product Not as Expected
ORD006627,CUST00184,PROD013,Home & Lifestyle,2999,749.75,2249.25,3.4,0,2,express,card,2025-11-08,0,
ORD006628,CUST00889,PROD009,Home & Lifestyle,1999,199.9,1799.1,4.0,3,5,standard,card,2026-08-25,0,
ORD006629,CUST00777,PROD012,Beauty,4999,499.9,4499.1,4.0,0,4,standard,upi,2026-02-12,0,
ORD006630,CUST00843,PROD017,Beauty,299,44.85,254.15,4.8,4,5,standard,card,2026-03-29,1,Wrong Size
ORD006631,CUST01569,PROD016,Beauty,499,149.7,349.3,3.4,0,8,economy,card,2026-09-04,1,Better Price Elsewhere
ORD006632,CUST01559,PROD006,Books,1299,194.85,1104.15,2.4,5,6,standard,card,2026-06-30,1,Damaged/Defective
ORD006633,CUST00444,PROD020,Books,4999,499.9,4499.1,3.1,1,3,standard,card,2026-06-08,0,
ORD006634,CUST01483,PROD008,Home & Lifestyle,1299,259.8,1039.2,3.4,2,3,standard,card,2026-02-15,0,
ORD006635,CUST01758,PROD007,Fashion,1299,129.9,1169.1,4.7,2,3,standard,card,2026-07-21,0,
ORD006636,CUST00228,PROD010,Fashion,1299,324.75,974.25,4.9,0,3,standard,cod,2025-09-15,0,
ORD006637,CUST01217,PROD008,Home & Lifestyle,1299,389.7,909.3,3.9,1,5,standard,upi,2026-03-15,1,Product Not as Expected
ORD006638,CUST01842,PROD019,Electronics,1299,389.7,909.3,3.9,3,4,standard,card,2026-06-12,1,Product Not as Expected
ORD006639,CUST01188,PROD018,Books,499,124.75,374.25,3.7,0,1,express,upi,2026-02-16,1,Wrong Size
ORD006640,CUST00071,PROD005,Fashion,1299,194.85,1104.15,2.9,2,6,standard,upi,2025-10-05,1,Ordered by Mistake
ORD006641,CUST00013,PROD005,Fashion,1299,259.8,1039.2,2.8,4,1,express,upi,2026-01-18,0,
ORD006642,CUST01357,PROD008,Home & Lifestyle,1299,0.0,1299.0,3.9,1,1,express,card,2026-08-07,0,
ORD006643,CUST01229,PROD009,Home & Lifestyle,1999,0.0,1999.0,4.0,6,2,express,upi,2026-04-16,0,
ORD006644,CUST01134,PROD019,Electronics,1299,259.8,1039.2,3.8,4,2,express,cod,2026-06-14,1,Better Price Elsewhere
ORD006645,CUST01427,PROD012,Beauty,4999,499.9,4499.1,3.9,0,6,standard,card,2025-10-08,0,
ORD006646,CUST00812,PROD017,Beauty,299,29.9,269.1,4.7,4,3,standard,card,2026-02-20,1,Quality Issues
ORD006647,CUST00162,PROD001,Beauty,1999,0.0,1999.0,2.6,0,5,standard,card,2026-02-03,1,Quality Issues
ORD006648,CUST01668,PROD008,Home & Lifestyle,1299,0.0,1299.0,3.8,6,4,standard,upi,2025-12-13,0,
ORD006649,CUST01014,PROD017,Beauty,299,29.9,269.1,4.8,1,3,standard,card,2026-07-07,0,
ORD006650,CUST01561,PROD004,Books,499,49.9,449.1,4.4,0,5,standard,upi,2025-09-19,1,Damaged/Defective
ORD006651,CUST00120,PROD013,Home & Lifestyle,2999,599.8,2399.2,3.6,2,1,express,upi,2025-09-30,0,
ORD006652,CUST00762,PROD004,Books,499,199.6,299.4,4.2,1,3,standard,upi,2026-04-27,1,Ordered by Mistake
ORD006653,CUST00192,PROD002,Books,4999,1249.75,3749.25,3.3,0,4,standard,upi,2026-03-02,0,
ORD006654,CUST00046,PROD005,Fashion,1299,194.85,1104.15,3.0,4,1,express,upi,2026-07-23,1,Product Not as Expected
ORD006655,CUST00203,PROD019,Electronics,1299,324.75,974.25,3.9,4,4,standard,card,2025-09-29,0,
ORD006656,CUST00061,PROD016,Beauty,499,124.75,374.25,3.2,5,1,express,cod,2026-06-22,1,Late Delivery
ORD006657,CUST01011,PROD002,Books,4999,749.85,4249.15,3.4,4,2,express,card,2026-06-16,0,
ORD006658,CUST00240,PROD015,Beauty,2999,0.0,2999.0,2.4,4,2,express,card,2026-03-23,0,
ORD006659,CUST01884,PROD007,Fashion,1299,389.7,909.3,4.9,0,4,standard,wallet,2026-01-31,0,
ORD006660,CUST00481,PROD018,Books,499,74.85,424.15,3.9,0,6,standard,card,2026-01-02,0,
ORD006661,CUST00359,PROD008,Home & Lifestyle,1299,389.7,909.3,3.5,4,2,express,upi,2026-05-07,0,
ORD006662,CUST01072,PROD007,Fashion,1299,129.9,1169.1,5.0,4,8,economy,card,2026-07-06,0,
ORD006663,CUST01890,PROD013,Home & Lifestyle,2999,0.0,2999.0,3.6,3,4,standard,card,2025-11-29,0,
ORD006664,CUST01042,PROD011,Fashion,299,0.0,299.0,2.3,0,6,standard,card,2025-11-11,0,
ORD006665,CUST00118,PROD012,Beauty,4999,749.85,4249.15,4.0,2,2,express,cod,2026-05-01,0,
ORD006666,CUST01231,PROD006,Books,1299,259.8,1039.2,2.7,5,3,standard,card,2026-02-21,0,
ORD006667,CUST00115,PROD013,Home & Lifestyle,2999,599.8,2399.2,3.2,1,1,express,cod,2026-06-03,0,
ORD006668,CUST00029,PROD006,Books,1299,129.9,1169.1,2.9,5,2,express,card,2025-10-03,1,Late Delivery
ORD006669,CUST00514,PROD006,Books,1299,0.0,1299.0,2.7,0,1,express,card,2026-03-02,0,
ORD006670,CUST01890,PROD008,Home & Lifestyle,1299,129.9,1169.1,4.0,0,11,economy,upi,2026-06-15,0,
ORD006671,CUST00660,PROD015,Beauty,2999,599.8,2399.2,2.7,1,1,express,upi,2026-04-28,1,Quality Issues
ORD006672,CUST01966,PROD007,Fashion,1299,519.6,779.4,4.9,0,6,standard,card,2026-08-19,1,Better Price Elsewhere
ORD006673,CUST01641,PROD014,Beauty,499,74.85,424.15,3.6,0,4,standard,cod,2026-08-10,1,Damaged/Defective
ORD006674,CUST00836,PROD008,Home & Lifestyle,1299,129.9,1169.1,4.0,2,1,express,card,2025-12-31,0,
ORD006675,CUST00163,PROD020,Books,4999,1249.75,3749.25,2.8,0,4,standard,card,2025-09-12,0,
ORD006676,CUST00905,PROD019,Electronics,1299,519.6,779.4,3.8,1,1,express,upi,2026-03-23,0,
ORD006677,CUST01375,PROD020,Books,4999,1499.7,3499.3,3.1,0,5,standard,cod,2025-09-28,1,Ordered by Mistake
ORD006678,CUST00298,PROD005,Fashion,1299,259.8,1039.2,3.1,1,6,standard,card,2026-03-23,0,
ORD006679,CUST00915,PROD017,Beauty,299,0.0,299.0,4.6,1,3,standard,cod,2026-04-07,1,Better Price Elsewhere
ORD006680,CUST00447,PROD012,Beauty,4999,499.9,4499.1,4.1,2,6,standard,cod,2026-02-02,1,Ordered by Mistake
ORD006681,CUST00749,PROD006,Books,1299,129.9,1169.1,2.8,0,5,standard,card,2025-12-11,1,Damaged/Defective
ORD006682,CUST00999,PROD004,Books,499,124.75,374.25,4.0,1,3,standard,card,2026-07-13,1,Product Not as Expected
ORD006683,CUST01357,PROD012,Beauty,4999,0.0,4999.0,3.8,2,7,economy,cod,2026-03-08,1,Ordered by Mistake
ORD006684,CUST00711,PROD017,Beauty,299,119.6,179.4,4.9,0,11,economy,card,2026-03-26,1,Ordered by Mistake
ORD006685,CUST00972,PROD008,Home & Lifestyle,1299,324.75,974.25,3.4,5,4,standard,upi,2025-10-31,0,
ORD006686,CUST00878,PROD003,Home & Lifestyle,1999,0.0,1999.0,3.7,0,7,economy,upi,2026-06-03,1,Ordered by Mistake
ORD006687,CUST01479,PROD009,Home & Lifestyle,1999,599.7,1399.3,4.1,4,2,express,upi,2026-07-24,0,
ORD006688,CUST00964,PROD019,Electronics,1299,0.0,1299.0,4.0,2,5,standard,cod,2025-10-07,0,
ORD006689,CUST00442,PROD020,Books,4999,999.8,3999.2,2.8,2,2,express,card,2026-08-07,0,
ORD006690,CUST01763,PROD016,Beauty,499,49.9,449.1,3.5,3,1,express,wallet,2026-06-12,0,
ORD006691,CUST00960,PROD014,Beauty,499,149.7,349.3,3.5,3,2,express,card,2026-02-05,0,
ORD006692,CUST00507,PROD006,Books,1299,259.8,1039.2,2.5,1,8,economy,card,2026-08-20,1,Late Delivery
ORD006693,CUST01562,PROD002,Books,4999,749.85,4249.15,3.4,3,9,economy,cod,2026-01-29,1,Quality Issues
ORD006694,CUST00497,PROD012,Beauty,4999,0.0,4999.0,4.1,2,2,express,upi,2026-07-19,0,
ORD006695,CUST01814,PROD006,Books,1299,129.9,1169.1,2.7,0,5,standard,cod,2025-10-28,0,
ORD006696,CUST00170,PROD011,Fashion,299,29.9,269.1,2.5,4,4,standard,card,2026-06-27,1,Ordered by Mistake
ORD006697,CUST01296,PROD016,Beauty,499,124.75,374.25,3.5,1,4,standard,card,2026-04-11,1,Changed Mind
ORD006698,CUST01391,PROD009,Home & Lifestyle,1999,0.0,1999.0,3.8,0,4,standard,card,2025-12-10,0,
ORD006699,CUST01265,PROD005,Fashion,1299,519.6,779.4,3.1,1,4,standard,cod,2025-10-08,0,
ORD006700,CUST00716,PROD007,Fashion,1299,0.0,1299.0,4.5,1,2,express,upi,2025-12-13,0,
ORD006701,CUST00167,PROD017,Beauty,299,0.0,299.0,4.5,0,3,standard,card,2026-08-03,0,
ORD006702,CUST00712,PROD020,Books,4999,749.85,4249.15,2.9,0,5,standard,card,2026-03-06,1,Changed Mind
ORD006703,CUST01174,PROD002,Books,4999,0.0,4999.0,3.6,1,5,standard,card,2026-02-16,0,
ORD006704,CUST00326,PROD017,Beauty,299,0.0,299.0,5.0,0,2,express,wallet,2026-07-23,0,
ORD006705,CUST01599,PROD012,Beauty,4999,1249.75,3749.25,4.3,1,2,express,card,2026-07-17,0,
ORD006706,CUST01577,PROD010,Fashion,1299,0.0,1299.0,4.5,8,2,express,card,2025-12-04,1,Product Not as Expected
ORD006707,CUST01777,PROD018,Books,499,49.9,449.1,3.8,3,2,express,upi,2026-07-01,0,
ORD006708,CUST00533,PROD011,Fashion,299,29.9,269.1,2.8,0,3,standard,card,2025-12-12,0,
ORD006709,CUST00265,PROD014,Beauty,499,74.85,424.15,3.5,5,3,standard,card,2026-06-23,0,
ORD006710,CUST01611,PROD010,Fashion,1299,0.0,1299.0,4.8,3,7,economy,card,2026-05-11,1,Damaged/Defective
ORD006711,CUST00162,PROD016,Beauty,499,74.85,424.15,3.6,0,6,standard,card,2025-12-13,1,Damaged/Defective
ORD006712,CUST01810,PROD010,Fashion,1299,519.6,779.4,4.5,1,6,standard,card,2026-03-01,1,Better Price Elsewhere
ORD006713,CUST00555,PROD007,Fashion,1299,259.8,1039.2,4.6,3,6,standard,card,2026-05-13,0,
ORD006714,CUST01751,PROD001,Beauty,1999,199.9,1799.1,3.0,5,3,standard,cod,2025-11-16,1,Changed Mind
ORD006715,CUST01465,PROD003,Home & Lifestyle,1999,599.7,1399.3,4.2,0,5,standard,upi,2026-08-24,0,
ORD006716,CUST01242,PROD016,Beauty,499,74.85,424.15,3.2,0,3,standard,card,2026-05-10,1,Changed Mind
ORD006717,CUST00304,PROD003,Home & Lifestyle,1999,299.85,1699.15,3.8,2,4,standard,card,2025-11-18,0,
ORD006718,CUST00343,PROD019,Electronics,1299,259.8,1039.2,3.9,0,3,standard,card,2026-07-24,0,
ORD006719,CUST00548,PROD008,Home & Lifestyle,1299,129.9,1169.1,3.9,1,6,standard,card,2025-10-30,1,Quality Issues
ORD006720,CUST01598,PROD009,Home & Lifestyle,1999,0.0,1999.0,4.0,4,4,standard,upi,2025-11-08,0,
ORD006721,CUST00393,PROD010,Fashion,1299,324.75,974.25,4.7,0,1,express,upi,2026-08-09,0,
ORD006722,CUST01757,PROD012,Beauty,4999,749.85,4249.15,4.3,2,2,express,cod,2026-06-15,0,
ORD006723,CUST01567,PROD003,Home & Lifestyle,1999,299.85,1699.15,4.0,2,1,express,cod,2026-08-13,0,
ORD006724,CUST01488,PROD006,Books,1299,0.0,1299.0,2.7,3,5,standard,upi,2026-03-24,1,Ordered by Mistake
ORD006725,CUST01750,PROD014,Beauty,499,49.9,449.1,3.3,0,10,economy,card,2026-04-26,1,Wrong Size
ORD006726,CUST00634,PROD005,Fashion,1299,519.6,779.4,3.1,0,6,standard,upi,2026-08-31,0,
ORD006727,CUST00390,PROD014,Beauty,499,0.0,499.0,3.7,1,1,express,card,2026-03-06,0,
ORD006728,CUST00304,PROD020,Books,4999,499.9,4499.1,3.1,1,5,standard,cod,2026-05-26,0,
ORD006729,CUST00299,PROD015,Beauty,2999,449.85,2549.15,2.5,0,1,express,card,2026-04-17,0,
ORD006730,CUST00399,PROD017,Beauty,299,29.9,269.1,4.8,3,6,standard,card,2026-05-20,1,Wrong Size
ORD006731,CUST01950,PROD008,Home & Lifestyle,1299,194.85,1104.15,3.7,0,1,express,card,2026-08-23,0,
ORD006732,CUST00552,PROD016,Beauty,499,49.9,449.1,3.5,2,2,express,upi,2026-02-17,1,Late Delivery
ORD006733,CUST01036,PROD006,Books,1299,129.9,1169.1,2.7,7,5,standard,card,2025-12-26,0,
ORD006734,CUST00543,PROD020,Books,4999,499.9,4499.1,2.8,3,3,standard,card,2026-04-06,0,
ORD006735,CUST00685,PROD007,Fashion,1299,0.0,1299.0,4.7,6,8,economy,cod,2025-11-04,1,Better Price Elsewhere
ORD006736,CUST01720,PROD011,Fashion,299,59.8,239.2,2.6,3,1,express,upi,2025-09-13,0,
ORD006737,CUST00042,PROD001,Beauty,1999,0.0,1999.0,2.8,6,5,standard,card,2025-12-16,0,
ORD006738,CUST01731,PROD014,Beauty,499,149.7,349.3,3.2,0,2,express,card,2026-03-13,0,
ORD006739,CUST00690,PROD014,Beauty,499,99.8,399.2,3.5,4,2,express,upi,2026-07-01,0,
ORD006740,CUST00065,PROD005,Fashion,1299,259.8,1039.2,2.8,4,4,standard,card,2026-01-27,1,Damaged/Defective
ORD006741,CUST01519,PROD007,Fashion,1299,324.75,974.25,4.5,2,6,standard,upi,2026-08-23,0,
ORD006742,CUST01957,PROD015,Beauty,2999,299.9,2699.1,2.5,0,4,standard,upi,2026-07-11,1,Damaged/Defective
ORD006743,CUST00903,PROD018,Books,499,0.0,499.0,3.9,0,4,standard,card,2026-08-29,1,Damaged/Defective
ORD006744,CUST00399,PROD014,Beauty,499,0.0,499.0,3.8,3,6,standard,wallet,2025-12-12,0,
ORD006745,CUST00881,PROD017,Beauty,299,44.85,254.15,4.7,4,6,standard,wallet,2026-03-11,1,Better Price Elsewhere
ORD006746,CUST01290,PROD004,Books,499,74.85,424.15,4.2,6,10,economy,upi,2026-04-26,1,Late Delivery
ORD006747,CUST00617,PROD001,Beauty,1999,0.0,1999.0,3.1,4,1,express,upi,2026-08-26,0,
ORD006748,CUST01835,PROD006,Books,1299,129.9,1169.1,2.8,1,5,standard,wallet,2025-11-19,1,Product Not as Expected
ORD006749,CUST01147,PROD009,Home & Lifestyle,1999,399.8,1599.2,4.0,1,4,standard,card,2026-08-29,0,
ORD006750,CUST01683,PROD017,Beauty,299,59.8,239.2,4.5,0,3,standard,card,2025-10-09,1,Damaged/Defective
ORD006751,CUST01336,PROD007,Fashion,1299,0.0,1299.0,4.6,0,4,standard,upi,2026-08-23,0,
ORD006752,CUST01794,PROD017,Beauty,299,74.75,224.25,4.8,0,6,standard,card,2026-06-01,1,Changed Mind
ORD006753,CUST00026,PROD009,Home & Lifestyle,1999,0.0,1999.0,3.8,1,4,standard,cod,2026-05-18,0,
ORD006754,CUST00607,PROD008,Home & Lifestyle,1299,259.8,1039.2,3.7,5,5,standard,cod,2026-04-14,1,Damaged/Defective
ORD006755,CUST00158,PROD004,Books,499,74.85,424.15,4.2,2,4,standard,upi,2026-03-20,0,
ORD006756,CUST00784,PROD006,Books,1299,129.9,1169.1,2.5,0,4,standard,upi,2026-04-02,0,
ORD006757,CUST01274,PROD003,Home & Lifestyle,1999,199.9,1799.1,4.0,5,6,standard,card,2026-05-13,1,Quality Issues
ORD006758,CUST00469,PROD005,Fashion,1299,194.85,1104.15,2.7,0,1,express,upi,2026-06-06,0,
ORD006759,CUST01336,PROD002,Books,4999,999.8,3999.2,3.7,0,6,standard,card,2026-05-16,1,Product Not as Expected
ORD006760,CUST00527,PROD015,Beauty,2999,0.0,2999.0,2.8,0,3,standard,upi,2026-06-14,1,Quality Issues
ORD006761,CUST00500,PROD011,Fashion,299,29.9,269.1,2.8,1,2,express,card,2026-03-20,1,Damaged/Defective
ORD006762,CUST00304,PROD004,Books,499,199.6,299.4,4.3,0,2,express,card,2026-02-02,1,Changed Mind
ORD006763,CUST01410,PROD006,Books,1299,0.0,1299.0,2.6,8,5,standard,card,2026-04-25,0,
ORD006764,CUST00516,PROD015,Beauty,2999,449.85,2549.15,2.7,0,11,economy,card,2026-05-26,0,
ORD006765,CUST00695,PROD020,Books,4999,499.9,4499.1,2.8,3,6,standard,card,2026-05-02,1,Product Not as Expected
ORD006766,CUST01422,PROD005,Fashion,1299,389.7,909.3,2.7,0,5,standard,wallet,2026-03-03,0,
ORD006767,CUST01029,PROD016,Beauty,499,74.85,424.15,3.6,0,3,standard,cod,2025-12-04,0,
ORD006768,CUST00503,PROD011,Fashion,299,29.9,269.1,2.5,0,6,standard,upi,2025-10-22,1,Late Delivery
ORD006769,CUST01374,PROD012,Beauty,4999,0.0,4999.0,4.3,3,4,standard,card,2026-01-21,1,Changed Mind
ORD006770,CUST01552,PROD006,Books,1299,259.8,1039.2,2.4,1,2,express,upi,2025-12-11,1,Ordered by Mistake
ORD006771,CUST01279,PROD002,Books,4999,1999.6,2999.4,3.4,5,6,standard,upi,2026-07-16,1,Changed Mind
ORD006772,CUST01651,PROD015,Beauty,2999,0.0,2999.0,2.6,0,1,express,upi,2026-07-16,0,
ORD006773,CUST00409,PROD010,Fashion,1299,0.0,1299.0,4.8,2,1,express,cod,2026-02-14,0,
ORD006774,CUST00181,PROD007,Fashion,1299,0.0,1299.0,4.8,3,3,standard,upi,2026-03-15,1,Ordered by Mistake
ORD006775,CUST00738,PROD004,Books,499,99.8,399.2,4.4,5,2,express,upi,2026-05-29,0,
ORD006776,CUST00970,PROD009,Home & Lifestyle,1999,399.8,1599.2,3.6,3,6,standard,upi,2026-07-08,0,
ORD006777,CUST00329,PROD004,Books,499,149.7,349.3,4.0,4,4,standard,card,2026-08-06,1,Better Price Elsewhere
ORD006778,CUST00470,PROD007,Fashion,1299,0.0,1299.0,4.4,0,2,express,upi,2026-05-01,0,
ORD006779,CUST00019,PROD002,Books,4999,999.8,3999.2,3.4,4,4,standard,wallet,2026-01-29,0,
ORD006780,CUST00650,PROD011,Fashion,299,0.0,299.0,2.4,2,1,express,cod,2026-06-04,0,
ORD006781,CUST01670,PROD008,Home & Lifestyle,1299,324.75,974.25,3.7,2,5,standard,card,2025-11-28,1,Damaged/Defective
ORD006782,CUST00874,PROD005,Fashion,1299,259.8,1039.2,3.0,5,1,express,card,2026-01-06,0,
ORD006783,CUST01741,PROD007,Fashion,1299,324.75,974.25,4.6,2,3,standard,upi,2025-11-04,0,
ORD006784,CUST01355,PROD003,Home & Lifestyle,1999,299.85,1699.15,4.2,0,2,express,card,2026-06-02,1,Late Delivery
ORD006785,CUST01154,PROD020,Books,4999,0.0,4999.0,3.2,1,5,standard,cod,2026-02-18,0,
ORD006786,CUST00635,PROD020,Books,4999,0.0,4999.0,3.0,2,3,standard,card,2026-05-18,0,
ORD006787,CUST00063,PROD008,Home & Lifestyle,1299,0.0,1299.0,3.7,4,6,standard,cod,2026-05-19,1,Late Delivery
ORD006788,CUST00987,PROD002,Books,4999,1249.75,3749.25,3.3,1,6,standard,cod,2026-04-07,0,
ORD006789,CUST01146,PROD020,Books,4999,0.0,4999.0,3.0,3,4,standard,card,2025-09-21,0,
ORD006790,CUST01259,PROD005,Fashion,1299,324.75,974.25,3.1,2,5,standard,card,2025-12-26,0,
ORD006791,CUST01256,PROD003,Home & Lifestyle,1999,0.0,1999.0,4.0,2,1,express,card,2025-12-16,0,
ORD006792,CUST00406,PROD017,Beauty,299,44.85,254.15,4.9,2,2,express,card,2025-12-12,0,
ORD006793,CUST01834,PROD010,Fashion,1299,0.0,1299.0,4.5,0,1,express,card,2025-11-26,0,
ORD006794,CUST00202,PROD002,Books,4999,0.0,4999.0,3.5,0,1,express,wallet,2026-07-08,0,
ORD006795,CUST01954,PROD014,Beauty,499,149.7,349.3,3.4,0,5,standard,cod,2025-11-06,1,Product Not as Expected
ORD006796,CUST00460,PROD011,Fashion,299,44.85,254.15,2.5,0,1,express,upi,2026-04-25,0,
ORD006797,CUST01528,PROD020,Books,4999,499.9,4499.1,2.6,0,3,standard,card,2026-05-22,0,
ORD006798,CUST01849,PROD007,Fashion,1299,389.7,909.3,4.7,0,7,economy,card,2026-05-10,0,
ORD006799,CUST00192,PROD007,Fashion,1299,0.0,1299.0,5.0,0,6,standard,cod,2026-08-09,0,
ORD006800,CUST00413,PROD003,Home & Lifestyle,1999,299.85,1699.15,4.1,1,2,express,card,2026-04-12,1,Late Delivery
ORD006801,CUST01611,PROD003,Home & Lifestyle,1999,499.75,1499.25,4.1,1,2,express,upi,2025-10-13,1,Late Delivery
ORD006802,CUST01512,PROD009,Home & Lifestyle,1999,0.0,1999.0,3.7,3,5,standard,upi,2026-06-14,0,
ORD006803,CUST01674,PROD008,Home & Lifestyle,1299,129.9,1169.1,3.6,0,1,express,card,2025-11-13,1,Better Price Elsewhere
ORD006804,CUST01238,PROD016,Beauty,499,0.0,499.0,3.5,3,4,standard,card,2026-07-09,1,Product Not as Expected
ORD006805,CUST01725,PROD016,Beauty,499,49.9,449.1,3.4,1,1,express,cod,2026-09-05,1,Ordered by Mistake
ORD006806,CUST01390,PROD003,Home & Lifestyle,1999,199.9,1799.1,3.8,0,5,standard,upi,2026-04-21,0,
ORD006807,CUST01223,PROD016,Beauty,499,0.0,499.0,3.2,1,1,express,upi,2025-12-03,0,
ORD006808,CUST01054,PROD011,Fashion,299,0.0,299.0,2.7,0,2,express,wallet,2026-06-05,0,
ORD006809,CUST00195,PROD008,Home & Lifestyle,1299,0.0,1299.0,3.6,4,4,standard,card,2026-05-29,1,Product Not as Expected
ORD006810,CUST01117,PROD004,Books,499,0.0,499.0,3.9,1,3,standard,card,2026-06-21,0,
ORD006811,CUST01147,PROD013,Home & Lifestyle,2999,0.0,2999.0,3.4,3,2,express,card,2026-04-08,1,Late Delivery
ORD006812,CUST01058,PROD019,Electronics,1299,519.6,779.4,4.0,0,1,express,card,2026-07-17,0,
ORD006813,CUST00905,PROD020,Books,4999,0.0,4999.0,2.7,4,2,express,upi,2026-06-02,0,
ORD006814,CUST00439,PROD016,Beauty,499,0.0,499.0,3.5,0,2,express,upi,2026-08-06,0,
ORD006815,CUST01700,PROD015,Beauty,2999,449.85,2549.15,2.3,0,5,standard,card,2025-11-17,1,Product Not as Expected
ORD006816,CUST01331,PROD005,Fashion,1299,129.9,1169.1,2.9,0,3,standard,upi,2026-04-19,0,
ORD006817,CUST01194,PROD001,Beauty,1999,399.8,1599.2,2.6,0,4,standard,card,2026-06-05,0,
ORD006818,CUST01489,PROD007,Fashion,1299,194.85,1104.15,5.0,1,6,standard,card,2026-02-25,1,Late Delivery
ORD006819,CUST01918,PROD007,Fashion,1299,259.8,1039.2,4.6,5,1,express,card,2025-12-18,0,
ORD006820,CUST00423,PROD015,Beauty,2999,0.0,2999.0,2.6,0,4,standard,card,2025-12-20,1,Changed Mind
ORD006821,CUST00870,PROD016,Beauty,499,0.0,499.0,3.7,3,2,express,upi,2026-01-22,0,
ORD006822,CUST01709,PROD011,Fashion,299,44.85,254.15,2.8,1,4,standard,upi,2026-08-30,0,
ORD006823,CUST00509,PROD009,Home & Lifestyle,1999,0.0,1999.0,4.1,9,1,express,upi,2026-05-14,0,
ORD006824,CUST01172,PROD012,Beauty,4999,1999.6,2999.4,3.8,3,2,express,card,2025-09-19,0,
ORD006825,CUST00263,PROD013,Home & Lifestyle,2999,749.75,2249.25,3.7,5,1,express,card,2025-09-15,1,Changed Mind
ORD006826,CUST00169,PROD013,Home & Lifestyle,2999,0.0,2999.0,3.6,6,7,economy,cod,2026-03-03,0,
ORD006827,CUST01732,PROD003,Home & Lifestyle,1999,199.9,1799.1,4.1,0,1,express,cod,2025-12-28,1,Product Not as Expected
ORD006828,CUST01784,PROD012,Beauty,4999,999.8,3999.2,4.1,5,5,standard,card,2026-03-05,0,
ORD006829,CUST00296,PROD009,Home & Lifestyle,1999,599.7,1399.3,4.0,5,3,standard,cod,2026-05-27,0,
ORD006830,CUST00794,PROD013,Home & Lifestyle,2999,299.9,2699.1,3.3,5,11,economy,card,2026-05-30,0,
ORD006831,CUST01395,PROD016,Beauty,499,124.75,374.25,3.5,6,4,standard,card,2025-12-19,0,
ORD006832,CUST01931,PROD009,Home & Lifestyle,1999,0.0,1999.0,3.7,5,2,express,cod,2026-06-15,0,
ORD006833,CUST01200,PROD015,Beauty,2999,299.9,2699.1,2.5,2,6,standard,card,2026-03-06,1,Quality Issues
ORD006834,CUST01046,PROD008,Home & Lifestyle,1299,0.0,1299.0,3.8,2,5,standard,card,2026-01-18,1,Better Price Elsewhere
ORD006835,CUST01748,PROD003,Home & Lifestyle,1999,199.9,1799.1,3.7,0,6,standard,upi,2026-05-22,0,
ORD006836,CUST00206,PROD002,Books,4999,999.8,3999.2,3.5,1,4,standard,cod,2026-08-13,1,Product Not as Expected
ORD006837,CUST01515,PROD011,Fashion,299,74.75,224.25,2.4,0,5,standard,card,2025-11-03,1,Ordered by Mistake
ORD006838,CUST01261,PROD012,Beauty,4999,0.0,4999.0,3.9,4,6,standard,cod,2026-05-16,1,Better Price Elsewhere
ORD006839,CUST00234,PROD020,Books,4999,0.0,4999.0,3.2,1,3,standard,card,2026-07-13,0,
ORD006840,CUST00718,PROD005,Fashion,1299,0.0,1299.0,3.1,0,1,express,card,2026-05-27,1,Ordered by Mistake
ORD006841,CUST00358,PROD004,Books,499,99.8,399.2,4.0,0,6,standard,upi,2026-02-02,0,
ORD006842,CUST00761,PROD014,Beauty,499,74.85,424.15,3.3,0,2,express,card,2025-11-13,1,Damaged/Defective
ORD006843,CUST00952,PROD002,Books,4999,749.85,4249.15,3.2,1,9,economy,upi,2025-10-19,0,
ORD006844,CUST01585,PROD013,Home & Lifestyle,2999,449.85,2549.15,3.6,0,1,express,cod,2026-05-03,0,
ORD006845,CUST00916,PROD013,Home & Lifestyle,2999,599.8,2399.2,3.3,1,5,standard,card,2026-08-08,0,
ORD006846,CUST01857,PROD015,Beauty,2999,599.8,2399.2,2.7,1,2,express,wallet,2025-12-06,1,Better Price Elsewhere
ORD006847,CUST01238,PROD005,Fashion,1299,0.0,1299.0,3.0,1,4,standard,card,2026-03-15,0,
ORD006848,CUST00154,PROD013,Home & Lifestyle,2999,449.85,2549.15,3.5,1,6,standard,cod,2026-08-10,0,
ORD006849,CUST01406,PROD020,Books,4999,999.8,3999.2,2.7,0,11,economy,upi,2026-03-16,0,
ORD006850,CUST00120,PROD014,Beauty,499,49.9,449.1,3.5,0,5,standard,cod,2026-07-31,0,
ORD006851,CUST00291,PROD012,Beauty,4999,999.8,3999.2,4.1,4,1,express,card,2026-04-23,0,
ORD006852,CUST00041,PROD009,Home & Lifestyle,1999,799.6,1199.4,3.7,7,2,express,upi,2025-10-06,0,
ORD006853,CUST01857,PROD020,Books,4999,0.0,4999.0,3.2,2,5,standard,card,2026-07-14,0,
ORD006854,CUST01335,PROD002,Books,4999,1249.75,3749.25,3.7,8,6,standard,upi,2026-02-10,1,Better Price Elsewhere
ORD006855,CUST00095,PROD016,Beauty,499,74.85,424.15,3.1,0,3,standard,upi,2026-08-19,1,Ordered by Mistake
ORD006856,CUST00312,PROD003,Home & Lifestyle,1999,299.85,1699.15,3.7,0,3,standard,upi,2026-01-16,0,
ORD006857,CUST00249,PROD014,Beauty,499,0.0,499.0,3.6,1,5,standard,card,2026-03-20,0,
ORD006858,CUST00432,PROD008,Home & Lifestyle,1299,194.85,1104.15,4.0,2,3,standard,card,2025-11-17,0,
ORD006859,CUST00363,PROD014,Beauty,499,99.8,399.2,3.6,5,1,express,card,2025-09-25,0,
ORD006860,CUST01329,PROD020,Books,4999,749.85,4249.15,3.0,3,7,economy,cod,2026-08-27,0,
ORD006861,CUST00090,PROD015,Beauty,2999,899.7,2099.3,2.6,1,2,express,upi,2026-03-28,1,Better Price Elsewhere
ORD006862,CUST00878,PROD009,Home & Lifestyle,1999,499.75,1499.25,4.0,3,11,economy,cod,2026-06-03,1,Better Price Elsewhere
ORD006863,CUST01764,PROD012,Beauty,4999,499.9,4499.1,3.9,2,2,express,cod,2026-08-07,1,Quality Issues
ORD006864,CUST00245,PROD011,Fashion,299,0.0,299.0,2.8,2,5,standard,upi,2026-02-28,0,
ORD006865,CUST01210,PROD015,Beauty,2999,449.85,2549.15,2.4,4,6,standard,card,2026-01-21,1,Damaged/Defective
ORD006866,CUST01371,PROD003,Home & Lifestyle,1999,399.8,1599.2,4.0,0,3,standard,card,2025-12-23,1,Late Delivery
ORD006867,CUST01449,PROD018,Books,499,99.8,399.2,3.7,1,2,express,upi,2025-11-14,0,
ORD006868,CUST01852,PROD006,Books,1299,194.85,1104.15,2.7,1,9,economy,card,2026-08-03,1,Quality Issues
ORD006869,CUST00157,PROD009,Home & Lifestyle,1999,0.0,1999.0,3.7,1,2,express,card,2026-03-04,0,
ORD006870,CUST01815,PROD007,Fashion,1299,0.0,1299.0,4.7,2,3,standard,cod,2026-04-15,0,
ORD006871,CUST01402,PROD012,Beauty,4999,749.85,4249.15,4.0,7,4,standard,card,2025-09-16,1,Damaged/Defective
ORD006872,CUST01053,PROD013,Home & Lifestyle,2999,449.85,2549.15,3.3,5,5,standard,cod,2026-08-09,1,Changed Mind
ORD006873,CUST00606,PROD015,Beauty,2999,749.75,2249.25,2.4,5,10,economy,upi,2025-09-11,1,Better Price Elsewhere
ORD006874,CUST00539,PROD001,Beauty,1999,199.9,1799.1,2.8,0,5,standard,card,2026-03-02,0,
ORD006875,CUST01570,PROD003,Home & Lifestyle,1999,0.0,1999.0,4.0,3,8,economy,cod,2026-07-06,1,Ordered by Mistake
ORD006876,CUST01609,PROD012,Beauty,4999,1249.75,3749.25,3.9,3,4,standard,upi,2025-12-12,0,
ORD006877,CUST01324,PROD009,Home & Lifestyle,1999,0.0,1999.0,3.9,1,6,standard,card,2026-05-27,1,Damaged/Defective
ORD006878,CUST00807,PROD004,Books,499,124.75,374.25,4.1,0,2,express,card,2026-09-01,1,Product Not as Expected
ORD006879,CUST00126,PROD009,Home & Lifestyle,1999,199.9,1799.1,4.2,1,6,standard,card,2026-08-28,1,Damaged/Defective
ORD006880,CUST01886,PROD014,Beauty,499,99.8,399.2,3.3,0,3,standard,upi,2025-12-19,1,Damaged/Defective
ORD006881,CUST01268,PROD004,Books,499,0.0,499.0,4.5,0,6,standard,card,2026-03-27,0,
ORD006882,CUST01818,PROD003,Home & Lifestyle,1999,399.8,1599.2,4.1,6,4,standard,card,2026-04-04,0,
ORD006883,CUST01838,PROD012,Beauty,4999,749.85,4249.15,4.1,0,1,express,card,2025-12-31,0,
ORD006884,CUST00794,PROD014,Beauty,499,49.9,449.1,3.2,6,5,standard,upi,2026-05-27,0,
ORD006885,CUST00470,PROD001,Beauty,1999,0.0,1999.0,3.1,3,4,standard,cod,2025-11-17,1,Late Delivery
ORD006886,CUST00233,PROD003,Home & Lifestyle,1999,199.9,1799.1,4.1,1,5,standard,card,2025-10-31,1,Ordered by Mistake
ORD006887,CUST01168,PROD011,Fashion,299,89.7,209.3,2.5,7,7,economy,card,2026-05-28,0,
ORD006888,CUST00617,PROD017,Beauty,299,119.6,179.4,4.7,5,6,standard,upi,2026-06-28,1,Changed Mind
ORD006889,CUST01060,PROD015,Beauty,2999,1199.6,1799.4,2.4,1,8,economy,cod,2026-01-29,0,
ORD006890,CUST01239,PROD009,Home & Lifestyle,1999,299.85,1699.15,3.8,0,3,standard,card,2026-03-27,0,
ORD006891,CUST00246,PROD010,Fashion,1299,194.85,1104.15,4.7,0,2,express,card,2026-05-26,1,Better Price Elsewhere
ORD006892,CUST00838,PROD005,Fashion,1299,194.85,1104.15,2.7,0,1,express,upi,2026-06-30,1,Ordered by Mistake
ORD006893,CUST00548,PROD012,Beauty,4999,0.0,4999.0,3.8,5,5,standard,card,2026-05-16,1,Late Delivery
ORD006894,CUST00149,PROD018,Books,499,99.8,399.2,3.4,0,5,standard,cod,2025-11-23,0,
ORD006895,CUST00965,PROD003,Home & Lifestyle,1999,199.9,1799.1,4.0,0,9,economy,cod,2026-04-20,0,
ORD006896,CUST00529,PROD003,Home & Lifestyle,1999,799.6,1199.4,3.7,0,6,standard,card,2025-11-27,1,Changed Mind
ORD006897,CUST00851,PROD011,Fashion,299,0.0,299.0,2.3,1,1,express,upi,2026-08-10,0,
ORD006898,CUST01016,PROD015,Beauty,2999,449.85,2549.15,2.4,2,6,standard,upi,2026-06-23,1,Late Delivery
ORD006899,CUST01087,PROD003,Home & Lifestyle,1999,0.0,1999.0,4.2,1,2,express,upi,2026-06-17,1,Wrong Size
ORD006900,CUST01967,PROD018,Books,499,124.75,374.25,3.9,2,5,standard,card,2026-03-14,0,
ORD006901,CUST00157,PROD016,Beauty,499,49.9,449.1,3.5,1,6,standard,card,2025-11-13,1,Product Not as Expected
ORD006902,CUST01695,PROD012,Beauty,4999,999.8,3999.2,3.8,7,5,standard,card,2026-07-01,0,
ORD006903,CUST00703,PROD002,Books,4999,499.9,4499.1,3.3,0,4,standard,card,2025-09-15,0,
ORD006904,CUST00761,PROD014,Beauty,499,149.7,349.3,3.3,2,1,express,card,2026-02-24,1,Wrong Size
ORD006905,CUST01834,PROD002,Books,4999,0.0,4999.0,3.7,2,11,economy,cod,2025-10-19,0,
ORD006906,CUST01395,PROD008,Home & Lifestyle,1299,324.75,974.25,3.6,2,1,express,upi,2026-03-30,0,
ORD006907,CUST01469,PROD015,Beauty,2999,0.0,2999.0,2.6,6,2,express,upi,2025-10-29,0,
ORD006908,CUST01087,PROD014,Beauty,499,124.75,374.25,3.4,3,6,standard,card,2025-10-24,1,Changed Mind
ORD006909,CUST00536,PROD017,Beauty,299,74.75,224.25,4.6,0,1,express,upi,2025-10-14,0,
ORD006910,CUST01752,PROD003,Home & Lifestyle,1999,0.0,1999.0,4.0,3,4,standard,upi,2026-03-17,1,Better Price Elsewhere
ORD006911,CUST01376,PROD012,Beauty,4999,0.0,4999.0,4.3,6,5,standard,card,2026-06-15,1,Product Not as Expected
ORD006912,CUST00255,PROD018,Books,499,149.7,349.3,3.6,8,4,standard,upi,2026-05-24,1,Ordered by Mistake
ORD006913,CUST00626,PROD010,Fashion,1299,259.8,1039.2,4.9,0,6,standard,card,2026-05-30,0,
ORD006914,CUST00244,PROD001,Beauty,1999,199.9,1799.1,3.1,8,6,standard,upi,2026-05-21,0,
ORD006915,CUST00335,PROD011,Fashion,299,0.0,299.0,2.5,1,5,standard,card,2025-12-23,1,Wrong Size
ORD006916,CUST00797,PROD011,Fashion,299,0.0,299.0,2.6,0,1,express,cod,2026-05-10,1,Changed Mind
ORD006917,CUST00110,PROD008,Home & Lifestyle,1299,0.0,1299.0,4.0,0,9,economy,card,2025-09-22,0,
ORD006918,CUST01831,PROD015,Beauty,2999,0.0,2999.0,2.9,2,1,express,cod,2026-07-14,0,
ORD006919,CUST01478,PROD018,Books,499,49.9,449.1,3.5,4,1,express,cod,2026-07-25,0,
ORD006920,CUST00924,PROD010,Fashion,1299,129.9,1169.1,4.6,7,5,standard,card,2026-03-04,1,Quality Issues
ORD006921,CUST00468,PROD003,Home & Lifestyle,1999,799.6,1199.4,3.9,4,1,express,cod,2026-07-13,0,
ORD006922,CUST00857,PROD020,Books,4999,1249.75,3749.25,3.1,0,6,standard,card,2026-02-11,1,Changed Mind
ORD006923,CUST01418,PROD018,Books,499,49.9,449.1,3.9,5,1,express,wallet,2026-03-02,1,Better Price Elsewhere
ORD006924,CUST01194,PROD018,Books,499,74.85,424.15,3.7,7,1,express,card,2025-11-20,0,
ORD006925,CUST00517,PROD018,Books,499,99.8,399.2,3.5,0,3,standard,upi,2026-07-22,0,
ORD006926,CUST01906,PROD009,Home & Lifestyle,1999,399.8,1599.2,3.6,8,2,express,cod,2026-04-03,0,
ORD006927,CUST01167,PROD002,Books,4999,999.8,3999.2,3.3,0,1,express,card,2026-02-02,0,
ORD006928,CUST00165,PROD003,Home & Lifestyle,1999,399.8,1599.2,3.9,8,4,standard,card,2026-03-12,0,
ORD006929,CUST00204,PROD002,Books,4999,0.0,4999.0,3.8,3,2,express,upi,2026-05-22,0,
ORD006930,CUST01271,PROD015,Beauty,2999,449.85,2549.15,2.8,2,1,express,upi,2025-10-07,1,Changed Mind
ORD006931,CUST00135,PROD013,Home & Lifestyle,2999,299.9,2699.1,3.5,0,6,standard,cod,2025-09-11,0,
ORD006932,CUST01960,PROD008,Home & Lifestyle,1299,259.8,1039.2,3.5,0,4,standard,wallet,2026-04-24,0,
ORD006933,CUST00372,PROD003,Home & Lifestyle,1999,0.0,1999.0,4.0,5,4,standard,card,2026-05-10,1,Better Price Elsewhere
ORD006934,CUST01267,PROD018,Books,499,49.9,449.1,3.7,3,1,express,wallet,2026-01-13,0,
ORD006935,CUST00163,PROD009,Home & Lifestyle,1999,0.0,1999.0,4.1,1,2,express,card,2025-10-09,0,
ORD006936,CUST01575,PROD004,Books,499,49.9,449.1,4.3,3,2,express,card,2026-02-01,1,Wrong Size
ORD006937,CUST01948,PROD009,Home & Lifestyle,1999,599.7,1399.3,3.7,1,5,standard,card,2026-07-03,1,Damaged/Defective
ORD006938,CUST00217,PROD003,Home & Lifestyle,1999,199.9,1799.1,4.0,1,11,economy,upi,2026-02-21,1,Wrong Size
ORD006939,CUST01736,PROD001,Beauty,1999,199.9,1799.1,2.6,0,2,express,card,2025-10-06,0,
ORD006940,CUST00463,PROD020,Books,4999,0.0,4999.0,3.0,4,2,express,card,2026-04-29,0,
ORD006941,CUST00202,PROD001,Beauty,1999,499.75,1499.25,2.7,3,1,express,card,2025-11-30,1,Changed Mind
ORD006942,CUST00212,PROD019,Electronics,1299,194.85,1104.15,3.8,1,4,standard,upi,2026-07-22,0,
ORD006943,CUST01476,PROD013,Home & Lifestyle,2999,599.8,2399.2,3.3,0,3,standard,card,2026-05-08,0,
ORD006944,CUST01227,PROD006,Books,1299,0.0,1299.0,2.3,2,5,standard,card,2026-01-01,0,
ORD006945,CUST00131,PROD003,Home & Lifestyle,1999,399.8,1599.2,3.9,1,3,standard,card,2025-09-10,0,
ORD006946,CUST01009,PROD009,Home & Lifestyle,1999,399.8,1599.2,3.9,0,6,standard,card,2026-01-20,1,Damaged/Defective
ORD006947,CUST01043,PROD016,Beauty,499,49.9,449.1,3.2,2,4,standard,upi,2026-08-14,1,Late Delivery
ORD006948,CUST01617,PROD011,Fashion,299,0.0,299.0,2.3,5,3,standard,upi,2025-12-12,1,Late Delivery
ORD006949,CUST01028,PROD013,Home & Lifestyle,2999,299.9,2699.1,3.2,6,1,express,upi,2025-09-17,1,Changed Mind
ORD006950,CUST01937,PROD017,Beauty,299,0.0,299.0,4.7,2,11,economy,upi,2026-09-03,0,
ORD006951,CUST01723,PROD012,Beauty,4999,999.8,3999.2,4.4,4,1,express,cod,2026-03-21,1,Changed Mind
ORD006952,CUST01506,PROD005,Fashion,1299,259.8,1039.2,2.9,1,4,standard,card,2025-10-07,0,
ORD006953,CUST00067,PROD005,Fashion,1299,0.0,1299.0,3.0,4,2,express,cod,2026-08-22,1,Better Price Elsewhere
ORD006954,CUST01409,PROD010,Fashion,1299,259.8,1039.2,4.6,0,6,standard,cod,2026-05-04,0,
ORD006955,CUST01398,PROD013,Home & Lifestyle,2999,0.0,2999.0,3.2,2,1,express,card,2026-04-03,0,
ORD006956,CUST01462,PROD003,Home & Lifestyle,1999,599.7,1399.3,4.0,1,1,express,upi,2026-08-26,0,
ORD006957,CUST00636,PROD019,Electronics,1299,194.85,1104.15,4.0,0,2,express,card,2025-10-16,0,
ORD006958,CUST00193,PROD014,Beauty,499,49.9,449.1,3.2,0,1,express,upi,2026-08-27,0,
ORD006959,CUST01766,PROD019,Electronics,1299,259.8,1039.2,4.2,1,4,standard,upi,2026-05-20,0,
ORD006960,CUST01589,PROD007,Fashion,1299,0.0,1299.0,4.8,8,6,standard,card,2026-07-13,0,
ORD006961,CUST01318,PROD011,Fashion,299,59.8,239.2,2.7,1,1,express,card,2026-01-26,1,Quality Issues
ORD006962,CUST01204,PROD011,Fashion,299,59.8,239.2,2.3,0,1,express,card,2026-04-22,1,Wrong Size
ORD006963,CUST01761,PROD012,Beauty,4999,1499.7,3499.3,4.4,4,3,standard,upi,2026-02-23,1,Product Not as Expected
ORD006964,CUST00047,PROD009,Home & Lifestyle,1999,299.85,1699.15,3.9,3,2,express,card,2026-09-04,0,
ORD006965,CUST00531,PROD005,Fashion,1299,129.9,1169.1,3.1,0,2,express,card,2026-03-07,1,Damaged/Defective
ORD006966,CUST01476,PROD004,Books,499,99.8,399.2,4.0,0,6,standard,card,2026-05-27,1,Quality Issues
ORD006967,CUST00690,PROD004,Books,499,0.0,499.0,4.2,0,4,standard,card,2026-08-10,1,Changed Mind
ORD006968,CUST01079,PROD014,Beauty,499,0.0,499.0,3.3,0,4,standard,card,2026-07-13,0,
ORD006969,CUST01323,PROD011,Fashion,299,0.0,299.0,2.5,0,1,express,upi,2026-01-07,1,Product Not as Expected
ORD006970,CUST00403,PROD018,Books,499,124.75,374.25,3.5,1,5,standard,upi,2026-05-25,0,
ORD006971,CUST00103,PROD003,Home & Lifestyle,1999,199.9,1799.1,4.0,2,1,express,card,2026-01-27,0,
ORD006972,CUST00104,PROD006,Books,1299,259.8,1039.2,2.8,0,3,standard,card,2026-02-06,0,
ORD006973,CUST00367,PROD017,Beauty,299,0.0,299.0,4.8,3,2,express,card,2025-11-28,1,Quality Issues
ORD006974,CUST01861,PROD014,Beauty,499,0.0,499.0,3.3,2,5,standard,cod,2026-01-06,0,
ORD006975,CUST01839,PROD010,Fashion,1299,129.9,1169.1,4.5,1,7,economy,upi,2025-12-01,1,Changed Mind
ORD006976,CUST01323,PROD015,Beauty,2999,0.0,2999.0,2.3,0,1,express,card,2025-10-21,0,
ORD006977,CUST01000,PROD002,Books,4999,0.0,4999.0,3.7,1,1,express,upi,2025-09-19,0,
ORD006978,CUST01613,PROD017,Beauty,299,44.85,254.15,4.6,0,3,standard,card,2025-11-27,0,
ORD006979,CUST01829,PROD001,Beauty,1999,299.85,1699.15,3.0,1,2,express,wallet,2026-06-16,1,Wrong Size
ORD006980,CUST00518,PROD015,Beauty,2999,0.0,2999.0,2.3,1,2,express,card,2026-05-10,1,Wrong Size
ORD006981,CUST00758,PROD011,Fashion,299,44.85,254.15,2.7,0,1,express,upi,2025-10-21,0,
ORD006982,CUST00239,PROD012,Beauty,4999,749.85,4249.15,4.3,2,10,economy,upi,2025-11-08,1,Wrong Size
ORD006983,CUST00262,PROD012,Beauty,4999,499.9,4499.1,3.9,0,8,economy,upi,2026-01-29,0,
ORD006984,CUST00068,PROD008,Home & Lifestyle,1299,324.75,974.25,3.8,1,2,express,card,2025-12-19,0,
ORD006985,CUST01282,PROD017,Beauty,299,44.85,254.15,4.6,5,5,standard,card,2026-02-18,0,
ORD006986,CUST01002,PROD017,Beauty,299,0.0,299.0,4.6,3,6,standard,wallet,2025-11-07,1,Quality Issues
ORD006987,CUST01111,PROD004,Books,499,0.0,499.0,4.4,0,1,express,card,2026-04-25,0,
ORD006988,CUST00384,PROD020,Books,4999,0.0,4999.0,3.1,4,6,standard,card,2026-01-29,1,Damaged/Defective
ORD006989,CUST01238,PROD013,Home & Lifestyle,2999,599.8,2399.2,3.5,5,4,standard,card,2026-04-16,0,
ORD006990,CUST00610,PROD011,Fashion,299,74.75,224.25,2.3,5,1,express,cod,2026-01-14,0,
ORD006991,CUST01566,PROD007,Fashion,1299,0.0,1299.0,4.8,0,6,standard,upi,2025-09-23,0,
ORD006992,CUST00488,PROD014,Beauty,499,124.75,374.25,3.2,4,3,standard,upi,2026-02-04,0,
ORD006993,CUST00555,PROD018,Books,499,0.0,499.0,3.7,0,7,economy,upi,2026-08-08,1,Damaged/Defective
ORD006994,CUST01815,PROD001,Beauty,1999,599.7,1399.3,3.2,0,7,economy,upi,2025-12-16,0,
ORD006995,CUST00987,PROD007,Fashion,1299,0.0,1299.0,4.5,0,2,express,upi,2025-09-30,0,
ORD006996,CUST01666,PROD018,Books,499,49.9,449.1,3.8,0,2,express,cod,2025-10-14,1,Better Price Elsewhere
ORD006997,CUST01731,PROD015,Beauty,2999,599.8,2399.2,2.9,6,6,standard,upi,2026-07-31,1,Changed Mind
ORD006998,CUST00417,PROD020,Books,4999,0.0,4999.0,2.7,3,3,standard,card,2026-01-19,0,
ORD006999,CUST01148,PROD003,Home & Lifestyle,1999,299.85,1699.15,3.6,2,5,standard,cod,2026-02-17,0,
ORD007000,CUST00629,PROD012,Beauty,4999,1499.7,3499.3,4.3,0,4,standard,upi,2025-11-21,0,
ORD007001,CUST00679,PROD015,Beauty,2999,0.0,2999.0,2.5,0,7,economy,upi,2026-03-02,0,
ORD007002,CUST00727,PROD005,Fashion,1299,0.0,1299.0,2.8,1,6,standard,cod,2025-11-26,0,
ORD007003,CUST01816,PROD007,Fashion,1299,0.0,1299.0,4.9,0,1,express,upi,2026-06-09,0,
ORD007004,CUST01137,PROD007,Fashion,1299,324.75,974.25,5.0,2,5,standard,card,2026-08-22,0,
ORD007005,CUST01005,PROD016,Beauty,499,0.0,499.0,3.4,0,3,standard,upi,2025-09-12,0,
ORD007006,CUST01943,PROD002,Books,4999,1499.7,3499.3,3.8,0,4,standard,cod,2026-07-20,0,
ORD007007,CUST01943,PROD020,Books,4999,1249.75,3749.25,2.9,0,10,economy,card,2026-07-15,0,
ORD007008,CUST01240,PROD016,Beauty,499,99.8,399.2,3.4,4,3,standard,cod,2026-07-21,1,Ordered by Mistake
ORD007009,CUST01151,PROD014,Beauty,499,0.0,499.0,3.7,0,1,express,upi,2025-11-15,0,
ORD007010,CUST00062,PROD001,Beauty,1999,599.7,1399.3,2.8,8,3,standard,card,2025-10-03,1,Wrong Size
ORD007011,CUST00194,PROD020,Books,4999,499.9,4499.1,2.7,4,1,express,card,2026-03-21,1,Damaged/Defective
ORD007012,CUST01760,PROD001,Beauty,1999,399.8,1599.2,3.1,6,1,express,card,2026-09-02,1,Changed Mind
ORD007013,CUST00375,PROD003,Home & Lifestyle,1999,0.0,1999.0,3.6,6,6,standard,card,2026-05-06,0,
ORD007014,CUST01155,PROD004,Books,499,49.9,449.1,4.3,1,2,express,card,2026-04-03,0,
ORD007015,CUST00942,PROD016,Beauty,499,99.8,399.2,3.6,3,5,standard,upi,2026-03-15,0,
ORD007016,CUST00985,PROD006,Books,1299,129.9,1169.1,2.4,4,5,standard,upi,2026-06-08,0,
ORD007017,CUST00221,PROD005,Fashion,1299,0.0,1299.0,2.8,0,2,express,cod,2026-07-07,0,
ORD007018,CUST00385,PROD011,Fashion,299,29.9,269.1,2.6,3,9,economy,card,2026-05-15,1,Late Delivery
ORD007019,CUST01788,PROD004,Books,499,74.85,424.15,3.9,2,9,economy,card,2025-09-25,0,
ORD007020,CUST00768,PROD017,Beauty,299,0.0,299.0,5.0,4,6,standard,upi,2025-12-25,0,
ORD007021,CUST00136,PROD011,Fashion,299,0.0,299.0,2.5,0,5,standard,cod,2026-02-05,0,
ORD007022,CUST01437,PROD011,Fashion,299,29.9,269.1,2.8,1,6,standard,upi,2025-12-01,0,
ORD007023,CUST01266,PROD012,Beauty,4999,999.8,3999.2,4.2,2,1,express,card,2026-06-23,0,
ORD007024,CUST00185,PROD018,Books,499,49.9,449.1,3.8,1,5,standard,card,2025-11-05,0,
ORD007025,CUST00469,PROD007,Fashion,1299,389.7,909.3,4.8,0,7,economy,upi,2025-09-19,0,
ORD007026,CUST00063,PROD013,Home & Lifestyle,2999,599.8,2399.2,3.4,0,1,express,card,2026-02-17,1,Better Price Elsewhere
ORD007027,CUST01493,PROD010,Fashion,1299,259.8,1039.2,4.5,2,2,express,wallet,2026-04-16,1,Changed Mind
ORD007028,CUST01343,PROD010,Fashion,1299,259.8,1039.2,4.7,4,1,express,cod,2026-04-22,1,Damaged/Defective
ORD007029,CUST01830,PROD018,Books,499,49.9,449.1,3.4,0,6,standard,upi,2026-01-19,1,Better Price Elsewhere
ORD007030,CUST00779,PROD018,Books,499,0.0,499.0,3.6,2,4,standard,card,2026-07-21,0,
ORD007031,CUST01676,PROD005,Fashion,1299,129.9,1169.1,2.8,5,6,standard,upi,2026-04-29,1,Product Not as Expected
ORD007032,CUST00465,PROD006,Books,1299,259.8,1039.2,2.5,2,6,standard,card,2026-08-17,0,
ORD007033,CUST01747,PROD014,Beauty,499,0.0,499.0,3.5,0,11,economy,upi,2026-07-24,1,Changed Mind
ORD007034,CUST01347,PROD010,Fashion,1299,259.8,1039.2,4.9,1,3,standard,wallet,2026-01-24,0,
ORD007035,CUST00194,PROD006,Books,1299,259.8,1039.2,2.4,2,3,standard,upi,2026-04-13,0,
ORD007036,CUST01658,PROD011,Fashion,299,29.9,269.1,2.4,3,2,express,card,2026-02-01,1,Wrong Size
ORD007037,CUST00162,PROD013,Home & Lifestyle,2999,749.75,2249.25,3.2,3,4,standard,cod,2026-04-17,1,Late Delivery
ORD007038,CUST01116,PROD011,Fashion,299,0.0,299.0,2.7,6,4,standard,card,2026-05-11,1,Changed Mind
ORD007039,CUST00164,PROD011,Fashion,299,44.85,254.15,2.8,0,3,standard,cod,2025-11-21,1,Changed Mind
ORD007040,CUST01771,PROD005,Fashion,1299,259.8,1039.2,2.9,5,5,standard,card,2026-01-06,1,Quality Issues
ORD007041,CUST00046,PROD003,Home & Lifestyle,1999,199.9,1799.1,3.9,2,3,standard,upi,2026-03-23,1,Ordered by Mistake
ORD007042,CUST00878,PROD013,Home & Lifestyle,2999,599.8,2399.2,3.2,5,8,economy,cod,2025-12-31,0,
ORD007043,CUST01545,PROD003,Home & Lifestyle,1999,399.8,1599.2,4.0,7,5,standard,upi,2026-04-21,0,
ORD007044,CUST01898,PROD019,Electronics,1299,0.0,1299.0,4.1,0,5,standard,upi,2025-11-03,0,
ORD007045,CUST00629,PROD004,Books,499,49.9,449.1,4.2,3,7,economy,upi,2026-05-01,0,
ORD007046,CUST01202,PROD010,Fashion,1299,194.85,1104.15,4.8,2,2,express,cod,2026-06-20,1,Product Not as Expected
ORD007047,CUST00093,PROD016,Beauty,499,49.9,449.1,3.2,1,1,express,upi,2026-01-24,0,
ORD007048,CUST01548,PROD011,Fashion,299,0.0,299.0,2.8,4,2,express,card,2026-01-01,1,Late Delivery
ORD007049,CUST00530,PROD016,Beauty,499,124.75,374.25,3.4,2,4,standard,upi,2026-03-30,1,Product Not as Expected
ORD007050,CUST00642,PROD017,Beauty,299,59.8,239.2,4.6,3,3,standard,upi,2026-05-19,1,Wrong Size
ORD007051,CUST00318,PROD017,Beauty,299,0.0,299.0,4.8,6,3,standard,upi,2026-03-24,1,Damaged/Defective
ORD007052,CUST01920,PROD015,Beauty,2999,449.85,2549.15,2.4,5,4,standard,upi,2026-01-04,1,Wrong Size
ORD007053,CUST01902,PROD010,Fashion,1299,0.0,1299.0,4.9,1,1,express,card,2025-09-18,1,Late Delivery
ORD007054,CUST01210,PROD011,Fashion,299,0.0,299.0,2.3,3,5,standard,upi,2026-08-17,1,Better Price Elsewhere
ORD007055,CUST01650,PROD011,Fashion,299,59.8,239.2,2.8,2,8,economy,card,2026-06-02,1,Late Delivery
ORD007056,CUST00728,PROD014,Beauty,499,0.0,499.0,3.2,1,1,express,card,2026-08-15,0,
ORD007057,CUST00006,PROD003,Home & Lifestyle,1999,0.0,1999.0,4.2,0,3,standard,upi,2026-07-21,0,
ORD007058,CUST01838,PROD009,Home & Lifestyle,1999,0.0,1999.0,4.0,3,3,standard,card,2026-06-06,0,
ORD007059,CUST00483,PROD012,Beauty,4999,999.8,3999.2,4.1,1,6,standard,card,2026-07-10,0,
ORD007060,CUST01289,PROD020,Books,4999,749.85,4249.15,2.6,2,2,express,upi,2026-06-16,0,
ORD007061,CUST00795,PROD007,Fashion,1299,0.0,1299.0,4.6,0,5,standard,card,2026-08-11,0,
ORD007062,CUST00181,PROD011,Fashion,299,29.9,269.1,2.4,0,3,standard,card,2026-06-17,0,
ORD007063,CUST01877,PROD008,Home & Lifestyle,1299,129.9,1169.1,3.8,1,3,standard,card,2026-08-31,1,Damaged/Defective
ORD007064,CUST00099,PROD009,Home & Lifestyle,1999,399.8,1599.2,4.1,1,10,economy,card,2026-02-03,0,
ORD007065,CUST00592,PROD003,Home & Lifestyle,1999,0.0,1999.0,4.0,1,3,standard,card,2025-09-26,0,
ORD007066,CUST00849,PROD009,Home & Lifestyle,1999,399.8,1599.2,3.7,4,6,standard,card,2026-09-03,1,Better Price Elsewhere
ORD007067,CUST01346,PROD002,Books,4999,499.9,4499.1,3.2,5,8,economy,card,2026-07-12,1,Quality Issues
ORD007068,CUST01953,PROD012,Beauty,4999,749.85,4249.15,4.3,2,2,express,card,2025-10-23,0,
ORD007069,CUST00597,PROD018,Books,499,0.0,499.0,3.7,0,2,express,card,2025-12-09,0,
ORD007070,CUST00574,PROD013,Home & Lifestyle,2999,0.0,2999.0,3.2,1,2,express,upi,2026-01-23,0,
ORD007071,CUST00540,PROD014,Beauty,499,74.85,424.15,3.4,2,6,standard,card,2026-02-15,0,
ORD007072,CUST01503,PROD009,Home & Lifestyle,1999,399.8,1599.2,4.0,0,6,standard,cod,2025-11-11,1,Quality Issues
ORD007073,CUST00514,PROD019,Electronics,1299,389.7,909.3,3.8,0,4,standard,upi,2026-02-06,0,
ORD007074,CUST01465,PROD018,Books,499,74.85,424.15,3.6,0,3,standard,card,2026-02-04,0,
ORD007075,CUST00784,PROD011,Fashion,299,74.75,224.25,2.3,3,2,express,cod,2026-03-04,0,
ORD007076,CUST01946,PROD009,Home & Lifestyle,1999,399.8,1599.2,3.9,2,3,standard,wallet,2026-03-24,0,
ORD007077,CUST01918,PROD009,Home & Lifestyle,1999,199.9,1799.1,4.1,3,3,standard,cod,2026-07-29,0,
ORD007078,CUST00513,PROD016,Beauty,499,74.85,424.15,3.2,3,2,express,card,2026-07-10,1,Wrong Size
ORD007079,CUST01961,PROD018,Books,499,49.9,449.1,3.8,1,4,standard,card,2026-05-22,1,Quality Issues
ORD007080,CUST00884,PROD006,Books,1299,519.6,779.4,2.5,6,3,standard,card,2026-01-29,1,Quality Issues
ORD007081,CUST00857,PROD009,Home & Lifestyle,1999,199.9,1799.1,3.8,6,9,economy,upi,2026-04-16,0,
ORD007082,CUST00944,PROD012,Beauty,4999,0.0,4999.0,3.8,2,6,standard,card,2025-12-21,0,
ORD007083,CUST01526,PROD016,Beauty,499,49.9,449.1,3.5,5,3,standard,card,2026-02-07,0,
ORD007084,CUST01154,PROD011,Fashion,299,29.9,269.1,2.6,1,1,express,upi,2026-01-25,1,Ordered by Mistake
ORD007085,CUST00070,PROD003,Home & Lifestyle,1999,799.6,1199.4,3.9,1,2,express,card,2025-11-13,0,
ORD007086,CUST00761,PROD020,Books,4999,499.9,4499.1,2.8,0,8,economy,card,2026-06-16,0,
ORD007087,CUST01066,PROD018,Books,499,149.7,349.3,3.9,0,1,express,upi,2026-05-18,0,
ORD007088,CUST00253,PROD019,Electronics,1299,194.85,1104.15,3.9,6,3,standard,card,2026-07-04,0,
ORD007089,CUST00341,PROD012,Beauty,4999,499.9,4499.1,4.3,2,2,express,cod,2025-09-20,0,
ORD007090,CUST01459,PROD015,Beauty,2999,1199.6,1799.4,2.6,0,4,standard,upi,2026-04-06,0,
ORD007091,CUST01759,PROD012,Beauty,4999,1249.75,3749.25,4.1,3,8,economy,card,2026-02-06,1,Ordered by Mistake
ORD007092,CUST01684,PROD019,Electronics,1299,0.0,1299.0,3.8,6,3,standard,cod,2026-06-14,1,Better Price Elsewhere
ORD007093,CUST01917,PROD005,Fashion,1299,324.75,974.25,2.7,1,5,standard,cod,2026-03-10,1,Better Price Elsewhere
ORD007094,CUST00957,PROD006,Books,1299,0.0,1299.0,2.8,3,2,express,card,2025-11-22,1,Quality Issues
ORD007095,CUST00290,PROD018,Books,499,124.75,374.25,3.6,1,5,standard,wallet,2025-10-11,0,
ORD007096,CUST00236,PROD007,Fashion,1299,194.85,1104.15,4.7,6,5,standard,upi,2025-12-29,0,
ORD007097,CUST00802,PROD016,Beauty,499,199.6,299.4,3.4,1,4,standard,upi,2025-10-21,0,
ORD007098,CUST01774,PROD007,Fashion,1299,259.8,1039.2,4.7,1,2,express,card,2026-06-22,1,Better Price Elsewhere
ORD007099,CUST01681,PROD008,Home & Lifestyle,1299,0.0,1299.0,4.0,0,9,economy,card,2026-06-04,1,Ordered by Mistake
ORD007100,CUST00188,PROD013,Home & Lifestyle,2999,449.85,2549.15,3.4,2,6,standard,card,2026-06-14,0,
ORD007101,CUST01180,PROD008,Home & Lifestyle,1299,0.0,1299.0,3.9,1,5,standard,card,2025-11-28,0,
ORD007102,CUST00657,PROD006,Books,1299,259.8,1039.2,2.6,5,6,standard,upi,2026-05-03,1,Damaged/Defective
ORD007103,CUST01355,PROD004,Books,499,124.75,374.25,3.9,1,3,standard,card,2026-08-14,0,
ORD007104,CUST01869,PROD015,Beauty,2999,299.9,2699.1,2.4,1,4,standard,upi,2026-04-12,1,Late Delivery
ORD007105,CUST01198,PROD005,Fashion,1299,129.9,1169.1,3.1,6,5,standard,card,2026-05-13,0,
ORD007106,CUST01801,PROD018,Books,499,99.8,399.2,3.5,2,3,standard,card,2026-04-24,0,
ORD007107,CUST01530,PROD017,Beauty,299,74.75,224.25,4.7,0,6,standard,card,2025-11-03,0,
ORD007108,CUST00675,PROD008,Home & Lifestyle,1299,259.8,1039.2,3.6,1,3,standard,upi,2025-09-22,0,
ORD007109,CUST00903,PROD016,Beauty,499,199.6,299.4,3.7,2,4,standard,card,2025-10-31,1,Changed Mind
ORD007110,CUST01189,PROD004,Books,499,0.0,499.0,4.2,0,1,express,upi,2025-10-24,0,
ORD007111,CUST01807,PROD013,Home & Lifestyle,2999,599.8,2399.2,3.4,3,4,standard,card,2026-01-03,0,
ORD007112,CUST00682,PROD005,Fashion,1299,324.75,974.25,3.0,9,2,express,card,2025-09-23,1,Product Not as Expected
ORD007113,CUST00502,PROD017,Beauty,299,74.75,224.25,4.5,2,1,express,upi,2026-02-13,0,
ORD007114,CUST00629,PROD018,Books,499,74.85,424.15,3.9,7,1,express,upi,2025-09-15,0,
ORD007115,CUST00794,PROD006,Books,1299,0.0,1299.0,2.5,1,2,express,cod,2026-01-09,1,Changed Mind
ORD007116,CUST00153,PROD013,Home & Lifestyle,2999,0.0,2999.0,3.6,5,5,standard,upi,2026-05-30,1,Wrong Size
ORD007117,CUST00781,PROD018,Books,499,49.9,449.1,3.8,0,3,standard,card,2025-10-18,0,
ORD007118,CUST01424,PROD009,Home & Lifestyle,1999,199.9,1799.1,3.7,1,4,standard,card,2026-08-28,0,
ORD007119,CUST00463,PROD014,Beauty,499,74.85,424.15,3.7,0,5,standard,upi,2026-01-01,0,
ORD007120,CUST01967,PROD006,Books,1299,324.75,974.25,2.3,1,5,standard,cod,2025-09-23,0,
ORD007121,CUST00821,PROD020,Books,4999,0.0,4999.0,2.9,0,3,standard,card,2026-07-10,0,
ORD007122,CUST00035,PROD013,Home & Lifestyle,2999,449.85,2549.15,3.2,0,1,express,upi,2026-06-22,0,
ORD007123,CUST00053,PROD004,Books,499,99.8,399.2,4.1,1,2,express,card,2026-01-31,0,
ORD007124,CUST01037,PROD003,Home & Lifestyle,1999,499.75,1499.25,4.0,5,4,standard,upi,2026-05-28,0,
ORD007125,CUST00887,PROD012,Beauty,4999,499.9,4499.1,4.2,4,1,express,wallet,2025-11-09,0,
ORD007126,CUST01865,PROD015,Beauty,2999,449.85,2549.15,2.5,3,1,express,wallet,2026-02-19,0,
ORD007127,CUST00366,PROD009,Home & Lifestyle,1999,0.0,1999.0,3.6,0,1,express,cod,2026-01-30,0,
ORD007128,CUST00559,PROD002,Books,4999,0.0,4999.0,3.3,2,4,standard,card,2026-03-03,0,
ORD007129,CUST00691,PROD001,Beauty,1999,799.6,1199.4,2.9,3,5,standard,upi,2026-06-30,0,
ORD007130,CUST00349,PROD011,Fashion,299,0.0,299.0,2.4,3,6,standard,card,2026-08-20,1,Better Price Elsewhere
ORD007131,CUST01676,PROD017,Beauty,299,44.85,254.15,4.5,2,1,express,upi,2026-02-07,0,
ORD007132,CUST00266,PROD008,Home & Lifestyle,1299,129.9,1169.1,3.9,1,6,standard,upi,2026-02-11,0,
ORD007133,CUST00428,PROD020,Books,4999,749.85,4249.15,2.9,2,6,standard,card,2026-08-30,0,
ORD007134,CUST01952,PROD018,Books,499,74.85,424.15,3.5,0,4,standard,upi,2025-10-14,1,Late Delivery
ORD007135,CUST00137,PROD009,Home & Lifestyle,1999,499.75,1499.25,4.2,6,5,standard,cod,2025-12-20,0,
ORD007136,CUST01840,PROD005,Fashion,1299,194.85,1104.15,2.8,4,3,standard,card,2025-12-25,1,Product Not as Expected
ORD007137,CUST00449,PROD008,Home & Lifestyle,1299,129.9,1169.1,3.7,1,1,express,upi,2026-03-18,0,
ORD007138,CUST00917,PROD005,Fashion,1299,129.9,1169.1,2.8,0,3,standard,upi,2026-03-06,0,
ORD007139,CUST01912,PROD003,Home & Lifestyle,1999,0.0,1999.0,3.7,2,5,standard,cod,2026-01-31,0,
ORD007140,CUST01290,PROD020,Books,4999,1249.75,3749.25,3.0,2,1,express,card,2026-04-01,0,
ORD007141,CUST00071,PROD020,Books,4999,999.8,3999.2,3.0,2,6,standard,card,2025-10-26,0,
ORD007142,CUST00089,PROD006,Books,1299,0.0,1299.0,2.8,0,5,standard,cod,2025-09-22,1,Changed Mind
ORD007143,CUST00883,PROD009,Home & Lifestyle,1999,199.9,1799.1,3.7,3,4,standard,card,2025-10-07,0,
ORD007144,CUST01164,PROD008,Home & Lifestyle,1299,0.0,1299.0,3.7,0,5,standard,card,2026-08-04,1,Product Not as Expected
ORD007145,CUST00051,PROD003,Home & Lifestyle,1999,0.0,1999.0,4.1,1,6,standard,cod,2026-02-05,0,
ORD007146,CUST00235,PROD002,Books,4999,999.8,3999.2,3.4,4,6,standard,card,2025-12-16,0,
ORD007147,CUST00271,PROD015,Beauty,2999,299.9,2699.1,2.5,2,6,standard,card,2025-11-23,1,Late Delivery
ORD007148,CUST01209,PROD011,Fashion,299,0.0,299.0,2.2,4,4,standard,card,2025-12-15,0,
ORD007149,CUST01275,PROD011,Fashion,299,59.8,239.2,2.5,3,3,standard,card,2025-09-27,1,Quality Issues
ORD007150,CUST00553,PROD005,Fashion,1299,129.9,1169.1,3.0,2,5,standard,upi,2026-07-11,1,Late Delivery
ORD007151,CUST01399,PROD007,Fashion,1299,194.85,1104.15,4.7,5,2,express,card,2025-12-16,1,Quality Issues
ORD007152,CUST01980,PROD014,Beauty,499,199.6,299.4,3.4,0,5,standard,upi,2025-11-10,0,
ORD007153,CUST00535,PROD012,Beauty,4999,0.0,4999.0,4.3,1,10,economy,cod,2026-04-17,0,
ORD007154,CUST01946,PROD011,Fashion,299,59.8,239.2,2.8,0,8,economy,card,2026-06-18,1,Changed Mind
ORD007155,CUST01187,PROD004,Books,499,0.0,499.0,4.0,1,8,economy,card,2026-02-24,0,
ORD007156,CUST00925,PROD015,Beauty,2999,599.8,2399.2,2.6,4,3,standard,card,2026-06-07,0,
ORD007157,CUST01311,PROD015,Beauty,2999,1199.6,1799.4,2.5,2,4,standard,card,2026-05-29,0,
ORD007158,CUST00761,PROD003,Home & Lifestyle,1999,0.0,1999.0,3.8,0,8,economy,card,2026-07-01,0,
ORD007159,CUST01061,PROD020,Books,4999,0.0,4999.0,3.2,3,5,standard,cod,2026-05-25,0,
ORD007160,CUST00836,PROD007,Fashion,1299,389.7,909.3,4.6,0,8,economy,cod,2026-04-11,0,
ORD007161,CUST00039,PROD003,Home & Lifestyle,1999,199.9,1799.1,4.2,2,2,express,card,2026-04-30,0,
ORD007162,CUST01807,PROD016,Beauty,499,99.8,399.2,3.3,0,5,standard,upi,2025-11-04,0,
ORD007163,CUST00366,PROD014,Beauty,499,124.75,374.25,3.5,1,1,express,card,2026-04-17,0,
ORD007164,CUST01560,PROD013,Home & Lifestyle,2999,0.0,2999.0,3.6,1,3,standard,card,2026-04-12,0,
ORD007165,CUST01131,PROD016,Beauty,499,124.75,374.25,3.4,2,4,standard,upi,2026-01-29,1,Ordered by Mistake
ORD007166,CUST01965,PROD015,Beauty,2999,1199.6,1799.4,2.7,1,2,express,card,2026-02-25,1,Better Price Elsewhere
ORD007167,CUST01560,PROD003,Home & Lifestyle,1999,599.7,1399.3,4.1,1,10,economy,card,2026-03-15,0,
ORD007168,CUST01539,PROD019,Electronics,1299,129.9,1169.1,4.2,5,1,express,card,2026-08-02,0,
ORD007169,CUST01286,PROD013,Home & Lifestyle,2999,449.85,2549.15,3.3,0,5,standard,cod,2025-11-21,0,
ORD007170,CUST01334,PROD008,Home & Lifestyle,1299,259.8,1039.2,4.0,7,4,standard,cod,2026-07-06,0,
ORD007171,CUST01977,PROD015,Beauty,2999,299.9,2699.1,2.8,2,1,express,cod,2026-07-30,0,
ORD007172,CUST01142,PROD009,Home & Lifestyle,1999,399.8,1599.2,3.7,0,3,standard,upi,2026-07-05,0,
ORD007173,CUST01031,PROD014,Beauty,499,99.8,399.2,3.7,0,6,standard,upi,2025-12-06,0,
ORD007174,CUST00987,PROD008,Home & Lifestyle,1299,194.85,1104.15,3.9,2,2,express,card,2026-02-25,0,
ORD007175,CUST01966,PROD001,Beauty,1999,199.9,1799.1,2.8,3,6,standard,upi,2026-08-16,0,
ORD007176,CUST00276,PROD002,Books,4999,999.8,3999.2,3.6,1,3,standard,card,2026-04-13,0,
ORD007177,CUST01536,PROD012,Beauty,4999,749.85,4249.15,3.9,4,6,standard,cod,2026-04-22,0,
ORD007178,CUST01891,PROD019,Electronics,1299,129.9,1169.1,4.1,5,4,standard,card,2026-02-01,0,
ORD007179,CUST00635,PROD013,Home & Lifestyle,2999,0.0,2999.0,3.6,1,6,standard,upi,2026-06-29,0,
ORD007180,CUST01593,PROD011,Fashion,299,59.8,239.2,2.4,3,3,standard,card,2025-12-15,0,
ORD007181,CUST00725,PROD010,Fashion,1299,389.7,909.3,5.0,1,5,standard,card,2025-09-20,0,
ORD007182,CUST01062,PROD002,Books,4999,499.9,4499.1,3.6,3,4,standard,upi,2025-10-11,0,
ORD007183,CUST01517,PROD011,Fashion,299,29.9,269.1,2.5,2,5,standard,card,2025-09-27,0,
ORD007184,CUST00370,PROD019,Electronics,1299,389.7,909.3,3.9,7,8,economy,card,2026-04-26,1,Ordered by Mistake
ORD007185,CUST00980,PROD015,Beauty,2999,749.75,2249.25,2.3,1,1,express,card,2025-11-26,1,Damaged/Defective
ORD007186,CUST01834,PROD010,Fashion,1299,0.0,1299.0,4.9,7,1,express,upi,2025-11-22,1,Product Not as Expected
ORD007187,CUST01640,PROD019,Electronics,1299,389.7,909.3,4.2,0,1,express,card,2025-11-28,0,
ORD007188,CUST01032,PROD009,Home & Lifestyle,1999,199.9,1799.1,3.6,0,11,economy,upi,2026-08-25,1,Late Delivery
ORD007189,CUST00407,PROD004,Books,499,49.9,449.1,4.3,1,1,express,card,2026-05-10,1,Ordered by Mistake
ORD007190,CUST00486,PROD019,Electronics,1299,129.9,1169.1,4.2,0,2,express,card,2025-09-27,0,
ORD007191,CUST01618,PROD009,Home & Lifestyle,1999,0.0,1999.0,3.7,0,4,standard,upi,2026-02-16,0,
ORD007192,CUST01390,PROD006,Books,1299,0.0,1299.0,2.7,1,6,standard,card,2026-04-06,0,
ORD007193,CUST00715,PROD019,Electronics,1299,129.9,1169.1,3.9,2,5,standard,wallet,2026-04-21,0,
ORD007194,CUST00947,PROD014,Beauty,499,74.85,424.15,3.5,1,5,standard,cod,2026-08-06,0,
ORD007195,CUST00540,PROD013,Home & Lifestyle,2999,1199.6,1799.4,3.5,3,1,express,upi,2025-09-14,0,
ORD007196,CUST01515,PROD013,Home & Lifestyle,2999,899.7,2099.3,3.2,2,1,express,upi,2026-05-14,0,
ORD007197,CUST00828,PROD016,Beauty,499,199.6,299.4,3.4,0,2,express,card,2026-04-23,0,
ORD007198,CUST01509,PROD006,Books,1299,194.85,1104.15,2.6,8,6,standard,upi,2026-04-26,1,Product Not as Expected
ORD007199,CUST01914,PROD017,Beauty,299,59.8,239.2,4.9,4,2,express,card,2026-02-04,1,Late Delivery
ORD007200,CUST01097,PROD009,Home & Lifestyle,1999,399.8,1599.2,3.6,1,2,express,upi,2026-07-21,0,
ORD007201,CUST01190,PROD016,Beauty,499,49.9,449.1,3.3,1,9,economy,card,2025-12-24,0,
ORD007202,CUST00279,PROD002,Books,4999,0.0,4999.0,3.4,2,3,standard,card,2026-01-17,0,
ORD007203,CUST01031,PROD018,Books,499,99.8,399.2,3.4,4,10,economy,wallet,2025-10-30,1,Quality Issues
ORD007204,CUST00015,PROD017,Beauty,299,0.0,299.0,4.9,1,2,express,card,2025-09-18,0,
ORD007205,CUST01138,PROD005,Fashion,1299,0.0,1299.0,2.6,2,4,standard,card,2025-10-23,0,
ORD007206,CUST01569,PROD003,Home & Lifestyle,1999,599.7,1399.3,3.9,0,1,express,card,2026-07-06,0,
ORD007207,CUST01174,PROD010,Fashion,1299,194.85,1104.15,4.6,2,5,standard,upi,2026-07-09,1,Damaged/Defective
ORD007208,CUST00161,PROD006,Books,1299,129.9,1169.1,2.3,3,4,standard,card,2026-02-24,0,
ORD007209,CUST01208,PROD005,Fashion,1299,389.7,909.3,2.8,3,3,standard,cod,2026-04-23,0,
ORD007210,CUST00439,PROD018,Books,499,49.9,449.1,3.9,0,3,standard,card,2026-02-06,1,Better Price Elsewhere
ORD007211,CUST01166,PROD018,Books,499,199.6,299.4,4.0,0,4,standard,wallet,2026-06-03,1,Quality Issues
ORD007212,CUST01431,PROD013,Home & Lifestyle,2999,449.85,2549.15,3.3,5,2,express,upi,2026-03-03,0,
ORD007213,CUST00097,PROD018,Books,499,49.9,449.1,3.4,1,5,standard,card,2025-10-18,0,
ORD007214,CUST00362,PROD005,Fashion,1299,0.0,1299.0,3.1,1,4,standard,card,2026-02-27,0,
ORD007215,CUST01057,PROD009,Home & Lifestyle,1999,0.0,1999.0,3.8,3,2,express,card,2025-10-07,1,Changed Mind
ORD007216,CUST00691,PROD019,Electronics,1299,324.75,974.25,4.1,0,1,express,card,2026-03-29,0,
ORD007217,CUST01948,PROD020,Books,4999,499.9,4499.1,3.1,2,3,standard,card,2025-10-10,0,
ORD007218,CUST00806,PROD008,Home & Lifestyle,1299,259.8,1039.2,3.5,0,4,standard,card,2025-09-25,0,
ORD007219,CUST01682,PROD001,Beauty,1999,599.7,1399.3,2.6,0,6,standard,upi,2025-12-22,1,Better Price Elsewhere
ORD007220,CUST00326,PROD012,Beauty,4999,1499.7,3499.3,3.9,2,5,standard,card,2026-02-23,0,
ORD007221,CUST00821,PROD002,Books,4999,999.8,3999.2,3.3,5,1,express,wallet,2026-08-21,0,
ORD007222,CUST00266,PROD006,Books,1299,389.7,909.3,2.9,3,4,standard,cod,2026-07-06,0,
ORD007223,CUST01773,PROD019,Electronics,1299,129.9,1169.1,3.8,3,4,standard,wallet,2026-07-02,0,
ORD007224,CUST00049,PROD019,Electronics,1299,519.6,779.4,4.0,6,1,express,cod,2026-04-27,1,Wrong Size
ORD007225,CUST00772,PROD005,Fashion,1299,519.6,779.4,2.7,2,5,standard,upi,2026-05-27,0,
ORD007226,CUST00436,PROD014,Beauty,499,199.6,299.4,3.7,0,11,economy,upi,2026-01-21,0,
ORD007227,CUST01388,PROD005,Fashion,1299,259.8,1039.2,2.7,1,3,standard,upi,2026-05-08,0,
ORD007228,CUST00612,PROD019,Electronics,1299,194.85,1104.15,4.0,6,2,express,wallet,2026-07-31,0,
ORD007229,CUST00102,PROD014,Beauty,499,0.0,499.0,3.5,1,4,standard,upi,2026-04-26,0,
ORD007230,CUST00168,PROD006,Books,1299,194.85,1104.15,2.7,2,2,express,card,2025-11-02,0,
ORD007231,CUST00076,PROD006,Books,1299,0.0,1299.0,2.5,4,5,standard,card,2026-01-31,1,Late Delivery
ORD007232,CUST01802,PROD020,Books,4999,499.9,4499.1,3.2,1,4,standard,card,2026-02-19,0,
ORD007233,CUST00017,PROD002,Books,4999,749.85,4249.15,3.7,2,1,express,card,2026-06-10,0,
ORD007234,CUST00124,PROD003,Home & Lifestyle,1999,199.9,1799.1,3.7,1,6,standard,card,2026-04-10,1,Wrong Size
ORD007235,CUST00649,PROD007,Fashion,1299,259.8,1039.2,4.9,0,2,express,wallet,2026-04-10,0,
ORD007236,CUST00039,PROD019,Electronics,1299,259.8,1039.2,3.7,1,2,express,cod,2026-02-17,0,
ORD007237,CUST01678,PROD003,Home & Lifestyle,1999,0.0,1999.0,4.1,0,1,express,cod,2026-08-25,0,
ORD007238,CUST01485,PROD017,Beauty,299,0.0,299.0,4.9,5,5,standard,cod,2025-11-11,1,Product Not as Expected
ORD007239,CUST00884,PROD001,Beauty,1999,299.85,1699.15,2.7,6,2,express,card,2026-01-11,1,Changed Mind
ORD007240,CUST00643,PROD007,Fashion,1299,194.85,1104.15,4.6,1,3,standard,card,2026-03-18,0,
ORD007241,CUST00069,PROD006,Books,1299,519.6,779.4,2.8,3,5,standard,upi,2026-03-02,1,Product Not as Expected
ORD007242,CUST01585,PROD010,Fashion,1299,194.85,1104.15,4.7,0,3,standard,upi,2026-05-28,0,
ORD007243,CUST01706,PROD001,Beauty,1999,0.0,1999.0,3.1,2,2,express,card,2026-06-28,1,Ordered by Mistake
ORD007244,CUST01561,PROD010,Fashion,1299,259.8,1039.2,4.9,2,4,standard,card,2026-03-21,1,Wrong Size
ORD007245,CUST01094,PROD015,Beauty,2999,449.85,2549.15,2.5,4,5,standard,card,2025-09-19,1,Product Not as Expected
ORD007246,CUST01641,PROD017,Beauty,299,29.9,269.1,4.7,1,2,express,card,2025-09-10,0,
ORD007247,CUST00183,PROD005,Fashion,1299,0.0,1299.0,2.9,8,10,economy,upi,2026-06-18,0,
ORD007248,CUST00503,PROD009,Home & Lifestyle,1999,199.9,1799.1,3.8,2,4,standard,card,2026-01-10,0,
ORD007249,CUST01412,PROD004,Books,499,0.0,499.0,3.9,1,1,express,card,2026-03-11,0,
ORD007250,CUST01194,PROD007,Fashion,1299,129.9,1169.1,4.8,0,3,standard,card,2026-03-22,0,
ORD007251,CUST01685,PROD016,Beauty,499,74.85,424.15,3.5,4,1,express,card,2025-09-29,1,Wrong Size
ORD007252,CUST01043,PROD004,Books,499,0.0,499.0,4.0,6,1,express,upi,2026-04-25,1,Changed Mind
ORD007253,CUST00390,PROD006,Books,1299,0.0,1299.0,2.3,4,5,standard,cod,2026-02-25,1,Product Not as Expected
ORD007254,CUST00855,PROD020,Books,4999,499.9,4499.1,3.1,6,3,standard,cod,2025-11-26,1,Wrong Size
ORD007255,CUST01336,PROD007,Fashion,1299,129.9,1169.1,4.9,1,3,standard,card,2026-06-17,0,
ORD007256,CUST01345,PROD012,Beauty,4999,0.0,4999.0,4.3,2,6,standard,card,2025-09-15,1,Ordered by Mistake
ORD007257,CUST01838,PROD019,Electronics,1299,259.8,1039.2,3.9,0,6,standard,card,2026-04-03,1,Damaged/Defective
ORD007258,CUST00657,PROD012,Beauty,4999,749.85,4249.15,4.1,4,1,express,upi,2026-05-17,1,Quality Issues
ORD007259,CUST01689,PROD008,Home & Lifestyle,1299,194.85,1104.15,3.6,2,5,standard,upi,2026-04-05,0,
ORD007260,CUST00532,PROD017,Beauty,299,0.0,299.0,4.9,5,1,express,card,2025-09-27,0,
ORD007261,CUST01595,PROD012,Beauty,4999,0.0,4999.0,4.3,0,3,standard,upi,2026-09-09,1,Ordered by Mistake
ORD007262,CUST00752,PROD001,Beauty,1999,0.0,1999.0,2.9,1,6,standard,upi,2026-03-07,1,Damaged/Defective
ORD007263,CUST01800,PROD016,Beauty,499,0.0,499.0,3.5,1,3,standard,card,2026-05-31,0,
ORD007264,CUST00933,PROD012,Beauty,4999,999.8,3999.2,4.4,6,3,standard,card,2026-06-19,1,Quality Issues
ORD007265,CUST01955,PROD005,Fashion,1299,0.0,1299.0,2.9,1,6,standard,card,2025-12-21,0,
ORD007266,CUST01594,PROD013,Home & Lifestyle,2999,599.8,2399.2,3.6,0,2,express,cod,2026-08-16,1,Better Price Elsewhere
ORD007267,CUST01631,PROD005,Fashion,1299,194.85,1104.15,2.7,3,3,standard,card,2026-01-03,1,Late Delivery
ORD007268,CUST01646,PROD015,Beauty,2999,299.9,2699.1,2.6,2,1,express,upi,2026-06-11,0,
ORD007269,CUST01253,PROD015,Beauty,2999,299.9,2699.1,2.8,0,5,standard,upi,2026-07-07,0,
ORD007270,CUST01093,PROD010,Fashion,1299,0.0,1299.0,4.6,3,2,express,card,2026-07-25,1,Ordered by Mistake
ORD007271,CUST01617,PROD016,Beauty,499,199.6,299.4,3.4,1,2,express,card,2026-05-13,1,Late Delivery
ORD007272,CUST01495,PROD003,Home & Lifestyle,1999,0.0,1999.0,4.0,1,5,standard,cod,2026-03-12,0,
ORD007273,CUST00503,PROD012,Beauty,4999,749.85,4249.15,4.2,0,3,standard,card,2025-10-22,0,
ORD007274,CUST01074,PROD009,Home & Lifestyle,1999,199.9,1799.1,4.0,5,2,express,upi,2025-10-08,0,
ORD007275,CUST00512,PROD006,Books,1299,194.85,1104.15,2.7,1,3,standard,upi,2026-09-07,1,Product Not as Expected
ORD007276,CUST01964,PROD014,Beauty,499,149.7,349.3,3.6,0,6,standard,card,2025-11-23,0,
ORD007277,CUST00573,PROD009,Home & Lifestyle,1999,499.75,1499.25,3.8,1,3,standard,cod,2026-05-20,0,
ORD007278,CUST01693,PROD004,Books,499,124.75,374.25,4.3,3,6,standard,cod,2026-02-23,0,
ORD007279,CUST00876,PROD017,Beauty,299,29.9,269.1,4.5,2,2,express,card,2026-09-01,0,
ORD007280,CUST00440,PROD007,Fashion,1299,0.0,1299.0,4.6,5,6,standard,card,2025-10-12,0,
ORD007281,CUST00158,PROD015,Beauty,2999,0.0,2999.0,2.6,5,5,standard,upi,2026-07-08,1,Damaged/Defective
ORD007282,CUST00515,PROD003,Home & Lifestyle,1999,0.0,1999.0,4.0,8,1,express,upi,2026-06-14,0,
ORD007283,CUST01228,PROD006,Books,1299,519.6,779.4,2.4,2,5,standard,card,2026-01-12,1,Damaged/Defective
ORD007284,CUST00741,PROD001,Beauty,1999,399.8,1599.2,2.8,1,9,economy,card,2026-01-21,0,
ORD007285,CUST01322,PROD006,Books,1299,0.0,1299.0,2.3,0,2,express,wallet,2026-05-15,0,
ORD007286,CUST00588,PROD004,Books,499,99.8,399.2,4.4,3,2,express,upi,2025-09-15,1,Quality Issues
ORD007287,CUST01288,PROD016,Beauty,499,0.0,499.0,3.5,2,1,express,card,2026-07-23,1,Late Delivery
ORD007288,CUST00217,PROD003,Home & Lifestyle,1999,599.7,1399.3,3.6,4,2,express,card,2026-04-12,1,Changed Mind
ORD007289,CUST00795,PROD004,Books,499,0.0,499.0,4.4,7,6,standard,upi,2025-09-24,1,Product Not as Expected
ORD007290,CUST00037,PROD016,Beauty,499,124.75,374.25,3.5,5,9,economy,upi,2025-12-15,0,
ORD007291,CUST01090,PROD012,Beauty,4999,0.0,4999.0,4.2,0,4,standard,card,2026-01-15,1,Better Price Elsewhere
ORD007292,CUST00568,PROD011,Fashion,299,44.85,254.15,2.7,3,7,economy,upi,2026-04-02,1,Ordered by Mistake
ORD007293,CUST00755,PROD020,Books,4999,749.85,4249.15,3.2,1,8,economy,cod,2026-07-06,0,
ORD007294,CUST00312,PROD014,Beauty,499,74.85,424.15,3.7,2,2,express,cod,2025-12-01,0,
ORD007295,CUST01956,PROD001,Beauty,1999,299.85,1699.15,2.8,0,4,standard,card,2026-05-18,0,
ORD007296,CUST00037,PROD004,Books,499,0.0,499.0,4.2,4,3,standard,card,2026-01-29,0,
ORD007297,CUST00102,PROD006,Books,1299,129.9,1169.1,2.5,2,2,express,upi,2026-05-02,1,Ordered by Mistake
ORD007298,CUST00837,PROD017,Beauty,299,29.9,269.1,4.7,3,6,standard,card,2026-02-09,0,
ORD007299,CUST00307,PROD007,Fashion,1299,259.8,1039.2,4.7,3,1,express,card,2026-06-22,1,Late Delivery
ORD007300,CUST00462,PROD014,Beauty,499,0.0,499.0,3.3,3,5,standard,card,2025-12-19,0,
ORD007301,CUST01086,PROD006,Books,1299,194.85,1104.15,2.8,7,5,standard,upi,2026-08-12,0,
ORD007302,CUST01078,PROD020,Books,4999,499.9,4499.1,2.7,1,2,express,upi,2026-08-05,0,
ORD007303,CUST00107,PROD017,Beauty,299,0.0,299.0,4.9,4,1,express,cod,2025-11-21,0,
ORD007304,CUST01754,PROD017,Beauty,299,29.9,269.1,4.8,0,3,standard,upi,2026-04-24,0,
ORD007305,CUST00937,PROD010,Fashion,1299,0.0,1299.0,4.7,0,2,express,card,2026-01-15,0,
ORD007306,CUST00254,PROD017,Beauty,299,0.0,299.0,4.9,1,6,standard,wallet,2026-05-22,0,
ORD007307,CUST00008,PROD016,Beauty,499,124.75,374.25,3.2,1,3,standard,cod,2026-01-18,0,
ORD007308,CUST01154,PROD007,Fashion,1299,0.0,1299.0,4.6,0,3,standard,card,2026-03-19,0,
ORD007309,CUST00497,PROD020,Books,4999,1249.75,3749.25,2.7,2,1,express,card,2026-08-17,0,
ORD007310,CUST00561,PROD007,Fashion,1299,324.75,974.25,4.5,1,7,economy,card,2025-11-21,0,
ORD007311,CUST00379,PROD019,Electronics,1299,0.0,1299.0,4.0,4,3,standard,card,2025-11-04,0,
ORD007312,CUST01683,PROD009,Home & Lifestyle,1999,0.0,1999.0,4.0,3,5,standard,cod,2026-02-26,0,
ORD007313,CUST01687,PROD003,Home & Lifestyle,1999,199.9,1799.1,3.8,0,2,express,card,2026-05-21,0,
ORD007314,CUST00508,PROD010,Fashion,1299,194.85,1104.15,4.8,1,4,standard,upi,2026-05-11,0,
ORD007315,CUST01818,PROD014,Beauty,499,99.8,399.2,3.3,3,5,standard,card,2026-02-03,1,Changed Mind
ORD007316,CUST00689,PROD003,Home & Lifestyle,1999,0.0,1999.0,4.2,2,4,standard,card,2026-06-22,1,Better Price Elsewhere
ORD007317,CUST01215,PROD007,Fashion,1299,259.8,1039.2,4.5,0,4,standard,upi,2026-02-09,0,
ORD007318,CUST00878,PROD011,Fashion,299,44.85,254.15,2.3,1,3,standard,cod,2025-12-13,1,Ordered by Mistake
ORD007319,CUST00902,PROD006,Books,1299,0.0,1299.0,2.7,8,3,standard,card,2025-10-08,0,
ORD007320,CUST00445,PROD004,Books,499,149.7,349.3,4.2,2,1,express,upi,2026-09-06,0,
ORD007321,CUST00201,PROD001,Beauty,1999,499.75,1499.25,3.0,1,5,standard,card,2026-06-29,0,
ORD007322,CUST00887,PROD001,Beauty,1999,0.0,1999.0,3.0,2,4,standard,card,2025-11-10,0,
ORD007323,CUST01158,PROD017,Beauty,299,74.75,224.25,4.8,2,1,express,card,2026-03-07,1,Ordered by Mistake
ORD007324,CUST01303,PROD011,Fashion,299,44.85,254.15,2.3,2,9,economy,upi,2026-08-13,0,
ORD007325,CUST00261,PROD001,Beauty,1999,399.8,1599.2,2.9,3,2,express,wallet,2025-12-26,1,Damaged/Defective
ORD007326,CUST01401,PROD003,Home & Lifestyle,1999,0.0,1999.0,4.2,7,3,standard,card,2026-06-05,0,
ORD007327,CUST00024,PROD012,Beauty,4999,499.9,4499.1,4.2,4,3,standard,card,2026-08-31,0,
ORD007328,CUST00576,PROD016,Beauty,499,124.75,374.25,3.6,0,3,standard,cod,2026-01-13,1,Damaged/Defective
ORD007329,CUST00698,PROD019,Electronics,1299,259.8,1039.2,3.6,2,8,economy,upi,2025-09-25,0,
ORD007330,CUST01694,PROD018,Books,499,0.0,499.0,3.6,2,4,standard,card,2025-12-11,0,
ORD007331,CUST00805,PROD004,Books,499,49.9,449.1,4.3,1,2,express,wallet,2026-03-15,0,
ORD007332,CUST01780,PROD002,Books,4999,0.0,4999.0,3.8,3,6,standard,card,2025-10-05,0,
ORD007333,CUST01896,PROD011,Fashion,299,29.9,269.1,2.7,4,3,standard,card,2026-06-16,0,
ORD007334,CUST00844,PROD003,Home & Lifestyle,1999,499.75,1499.25,3.7,5,6,standard,card,2026-06-01,1,Ordered by Mistake
ORD007335,CUST00697,PROD002,Books,4999,1499.7,3499.3,3.6,4,8,economy,upi,2026-02-07,1,Better Price Elsewhere
ORD007336,CUST00674,PROD014,Beauty,499,0.0,499.0,3.4,5,5,standard,card,2026-07-18,0,
ORD007337,CUST00626,PROD016,Beauty,499,149.7,349.3,3.1,3,4,standard,card,2026-04-04,0,
ORD007338,CUST01282,PROD020,Books,4999,499.9,4499.1,3.0,0,2,express,upi,2026-02-17,1,Product Not as Expected
ORD007339,CUST01950,PROD010,Fashion,1299,0.0,1299.0,4.5,3,2,express,cod,2026-02-09,1,Damaged/Defective
ORD007340,CUST00979,PROD007,Fashion,1299,519.6,779.4,4.8,0,3,standard,card,2026-01-01,1,Changed Mind
ORD007341,CUST00407,PROD014,Beauty,499,49.9,449.1,3.3,0,2,express,card,2026-04-12,1,Ordered by Mistake
ORD007342,CUST00341,PROD011,Fashion,299,0.0,299.0,2.4,1,6,standard,upi,2025-10-08,1,Better Price Elsewhere
ORD007343,CUST00978,PROD019,Electronics,1299,194.85,1104.15,3.8,0,3,standard,cod,2026-08-11,0,
ORD007344,CUST00793,PROD018,Books,499,99.8,399.2,3.4,2,6,standard,upi,2025-12-11,1,Changed Mind
ORD007345,CUST01819,PROD003,Home & Lifestyle,1999,199.9,1799.1,3.7,5,5,standard,card,2026-02-13,1,Damaged/Defective
ORD007346,CUST00711,PROD003,Home & Lifestyle,1999,399.8,1599.2,3.6,0,2,express,card,2026-03-20,0,
ORD007347,CUST00108,PROD005,Fashion,1299,389.7,909.3,3.0,4,2,express,card,2025-10-18,1,Late Delivery
ORD007348,CUST00060,PROD011,Fashion,299,29.9,269.1,2.4,1,4,standard,card,2025-10-07,0,
ORD007349,CUST00696,PROD018,Books,499,0.0,499.0,3.6,4,3,standard,card,2026-06-05,0,
ORD007350,CUST00629,PROD010,Fashion,1299,259.8,1039.2,4.7,1,5,standard,card,2026-05-08,1,Better Price Elsewhere
ORD007351,CUST00678,PROD019,Electronics,1299,129.9,1169.1,4.0,7,2,express,card,2025-09-15,0,
ORD007352,CUST00660,PROD016,Beauty,499,0.0,499.0,3.1,7,4,standard,card,2026-06-06,0,
ORD007353,CUST01033,PROD013,Home & Lifestyle,2999,1199.6,1799.4,3.2,0,3,standard,card,2026-03-21,0,
ORD007354,CUST00683,PROD008,Home & Lifestyle,1299,129.9,1169.1,3.9,4,4,standard,upi,2026-03-12,0,
ORD007355,CUST01935,PROD007,Fashion,1299,194.85,1104.15,5.0,1,1,express,upi,2026-07-13,0,
ORD007356,CUST01652,PROD019,Electronics,1299,389.7,909.3,3.8,3,1,express,card,2026-07-03,0,
ORD007357,CUST01338,PROD014,Beauty,499,99.8,399.2,3.2,0,1,express,cod,2026-02-06,0,
ORD007358,CUST01897,PROD005,Fashion,1299,194.85,1104.15,2.6,2,6,standard,upi,2025-10-08,0,
ORD007359,CUST01495,PROD005,Fashion,1299,194.85,1104.15,2.6,0,2,express,upi,2025-10-20,0,
ORD007360,CUST00365,PROD002,Books,4999,0.0,4999.0,3.4,0,6,standard,cod,2026-07-11,1,Damaged/Defective
ORD007361,CUST01715,PROD011,Fashion,299,0.0,299.0,2.4,5,7,economy,card,2026-06-25,0,
ORD007362,CUST00958,PROD007,Fashion,1299,324.75,974.25,4.9,4,1,express,upi,2026-02-05,1,Damaged/Defective
ORD007363,CUST01186,PROD005,Fashion,1299,129.9,1169.1,3.2,0,10,economy,card,2025-11-07,0,
ORD007364,CUST01345,PROD017,Beauty,299,0.0,299.0,4.7,5,3,standard,upi,2026-07-25,0,
ORD007365,CUST01504,PROD005,Fashion,1299,259.8,1039.2,2.8,0,2,express,card,2026-01-03,1,Late Delivery
ORD007366,CUST01041,PROD019,Electronics,1299,129.9,1169.1,4.2,7,1,express,card,2026-01-26,0,
ORD007367,CUST01025,PROD015,Beauty,2999,0.0,2999.0,2.8,0,5,standard,upi,2025-12-19,1,Ordered by Mistake
ORD007368,CUST00052,PROD018,Books,499,149.7,349.3,3.9,4,4,standard,cod,2026-03-10,0,
ORD007369,CUST00673,PROD019,Electronics,1299,259.8,1039.2,3.7,5,3,standard,card,2026-06-15,0,
ORD007370,CUST01840,PROD013,Home & Lifestyle,2999,449.85,2549.15,3.2,4,2,express,wallet,2026-06-10,0,
ORD007371,CUST00495,PROD010,Fashion,1299,129.9,1169.1,4.9,0,2,express,upi,2025-11-12,1,Better Price Elsewhere
ORD007372,CUST00332,PROD002,Books,4999,1999.6,2999.4,3.5,1,5,standard,upi,2026-06-13,0,
ORD007373,CUST00686,PROD015,Beauty,2999,0.0,2999.0,2.6,2,2,express,upi,2026-01-20,0,
ORD007374,CUST00456,PROD020,Books,4999,499.9,4499.1,2.6,4,6,standard,card,2025-09-20,0,
ORD007375,CUST00911,PROD018,Books,499,99.8,399.2,3.8,3,6,standard,upi,2026-07-18,0,
ORD007376,CUST01514,PROD005,Fashion,1299,0.0,1299.0,2.8,3,3,standard,cod,2025-12-30,1,Late Delivery
ORD007377,CUST00521,PROD011,Fashion,299,119.6,179.4,2.3,0,4,standard,upi,2026-03-23,0,
ORD007378,CUST00071,PROD008,Home & Lifestyle,1299,389.7,909.3,4.0,2,3,standard,upi,2026-08-16,0,
ORD007379,CUST01147,PROD009,Home & Lifestyle,1999,399.8,1599.2,3.7,2,4,standard,cod,2026-06-01,0,
ORD007380,CUST01486,PROD006,Books,1299,0.0,1299.0,2.8,4,3,standard,upi,2026-02-18,1,Ordered by Mistake
ORD007381,CUST00491,PROD003,Home & Lifestyle,1999,0.0,1999.0,3.9,1,2,express,cod,2025-11-24,0,
ORD007382,CUST01744,PROD020,Books,4999,1249.75,3749.25,2.9,0,1,express,upi,2026-04-28,1,Wrong Size
ORD007383,CUST00755,PROD017,Beauty,299,119.6,179.4,4.4,1,6,standard,cod,2026-06-04,0,
ORD007384,CUST00035,PROD005,Fashion,1299,389.7,909.3,2.9,4,1,express,card,2025-11-04,1,Wrong Size
ORD007385,CUST00749,PROD003,Home & Lifestyle,1999,0.0,1999.0,4.1,0,4,standard,card,2025-11-10,1,Changed Mind
ORD007386,CUST00223,PROD009,Home & Lifestyle,1999,0.0,1999.0,3.8,0,10,economy,upi,2026-07-15,1,Product Not as Expected
ORD007387,CUST01248,PROD008,Home & Lifestyle,1299,194.85,1104.15,4.0,7,6,standard,card,2026-03-24,0,
ORD007388,CUST00411,PROD018,Books,499,74.85,424.15,3.8,0,5,standard,card,2026-05-26,0,
ORD007389,CUST00826,PROD005,Fashion,1299,519.6,779.4,3.0,1,4,standard,upi,2026-08-07,1,Damaged/Defective
ORD007390,CUST00123,PROD008,Home & Lifestyle,1299,0.0,1299.0,4.0,2,6,standard,card,2026-05-09,0,
ORD007391,CUST01972,PROD004,Books,499,0.0,499.0,4.4,7,4,standard,upi,2025-10-30,1,Wrong Size
ORD007392,CUST00254,PROD011,Fashion,299,0.0,299.0,2.6,5,5,standard,upi,2026-06-23,1,Product Not as Expected
ORD007393,CUST01080,PROD010,Fashion,1299,129.9,1169.1,5.0,2,4,standard,card,2026-05-12,1,Late Delivery
ORD007394,CUST01572,PROD005,Fashion,1299,129.9,1169.1,2.8,0,4,standard,card,2026-07-04,1,Damaged/Defective
ORD007395,CUST01354,PROD017,Beauty,299,0.0,299.0,4.5,0,6,standard,cod,2026-07-04,1,Late Delivery
ORD007396,CUST00135,PROD013,Home & Lifestyle,2999,899.7,2099.3,3.5,0,2,express,card,2026-03-17,0,
ORD007397,CUST01899,PROD017,Beauty,299,0.0,299.0,4.7,1,2,express,card,2026-07-13,0,
ORD007398,CUST00878,PROD014,Beauty,499,74.85,424.15,3.4,0,9,economy,upi,2025-12-17,0,
ORD007399,CUST00056,PROD001,Beauty,1999,499.75,1499.25,3.1,2,3,standard,wallet,2026-04-21,1,Ordered by Mistake
ORD007400,CUST00252,PROD013,Home & Lifestyle,2999,599.8,2399.2,3.5,2,6,standard,card,2025-10-20,0,
ORD007401,CUST01341,PROD014,Beauty,499,99.8,399.2,3.5,0,8,economy,card,2025-12-06,1,Product Not as Expected
ORD007402,CUST00306,PROD002,Books,4999,0.0,4999.0,3.3,4,4,standard,card,2026-08-14,1,Product Not as Expected
ORD007403,CUST00543,PROD006,Books,1299,194.85,1104.15,2.4,1,1,express,card,2025-09-15,0,
ORD007404,CUST00848,PROD019,Electronics,1299,0.0,1299.0,4.0,0,5,standard,upi,2025-11-21,0,
ORD007405,CUST01303,PROD004,Books,499,49.9,449.1,4.3,3,6,standard,upi,2026-03-03,0,
ORD007406,CUST01725,PROD007,Fashion,1299,0.0,1299.0,4.5,4,5,standard,card,2025-12-28,1,Changed Mind
ORD007407,CUST01877,PROD007,Fashion,1299,0.0,1299.0,4.9,6,1,express,cod,2026-01-14,0,
ORD007408,CUST00239,PROD013,Home & Lifestyle,2999,0.0,2999.0,3.6,0,6,standard,upi,2025-09-19,0,
ORD007409,CUST01891,PROD002,Books,4999,499.9,4499.1,3.6,0,2,express,card,2026-07-20,0,
ORD007410,CUST00020,PROD006,Books,1299,259.8,1039.2,2.4,2,4,standard,card,2025-12-05,0,
ORD007411,CUST00239,PROD010,Fashion,1299,389.7,909.3,4.7,0,2,express,cod,2025-11-14,0,
ORD007412,CUST00336,PROD008,Home & Lifestyle,1299,194.85,1104.15,3.9,0,4,standard,card,2026-01-01,0,
ORD007413,CUST00276,PROD019,Electronics,1299,0.0,1299.0,3.6,0,1,express,upi,2026-02-24,0,
ORD007414,CUST00916,PROD018,Books,499,74.85,424.15,4.0,1,2,express,upi,2026-05-19,0,
ORD007415,CUST01473,PROD014,Beauty,499,0.0,499.0,3.4,2,4,standard,upi,2026-07-16,0,
ORD007416,CUST01662,PROD010,Fashion,1299,0.0,1299.0,4.7,2,5,standard,card,2025-09-27,0,
ORD007417,CUST01375,PROD018,Books,499,124.75,374.25,3.7,4,1,express,upi,2026-02-27,0,
ORD007418,CUST00428,PROD002,Books,4999,499.9,4499.1,3.7,0,3,standard,card,2026-05-23,0,
ORD007419,CUST00148,PROD003,Home & Lifestyle,1999,0.0,1999.0,3.8,0,2,express,upi,2025-11-07,0,
ORD007420,CUST00154,PROD015,Beauty,2999,299.9,2699.1,2.7,5,5,standard,cod,2026-07-29,0,
ORD007421,CUST00586,PROD009,Home & Lifestyle,1999,199.9,1799.1,4.1,0,6,standard,card,2026-05-29,0,
ORD007422,CUST01038,PROD002,Books,4999,499.9,4499.1,3.6,2,3,standard,upi,2026-07-27,0,
ORD007423,CUST01605,PROD004,Books,499,49.9,449.1,4.3,0,5,standard,upi,2026-07-31,0,
ORD007424,CUST00574,PROD012,Beauty,4999,749.85,4249.15,4.0,3,5,standard,card,2025-10-27,1,Quality Issues
ORD007425,CUST01302,PROD018,Books,499,124.75,374.25,3.7,0,3,standard,upi,2025-12-06,0,
ORD007426,CUST01089,PROD006,Books,1299,0.0,1299.0,2.7,7,3,standard,upi,2026-03-24,0,
ORD007427,CUST01615,PROD015,Beauty,2999,0.0,2999.0,2.4,1,3,standard,upi,2025-10-19,0,
ORD007428,CUST01132,PROD018,Books,499,0.0,499.0,3.7,2,1,express,cod,2025-12-05,0,
ORD007429,CUST01596,PROD012,Beauty,4999,1499.7,3499.3,4.1,1,4,standard,card,2026-02-19,0,
ORD007430,CUST00474,PROD008,Home & Lifestyle,1299,0.0,1299.0,3.7,0,4,standard,card,2025-12-06,0,
ORD007431,CUST01888,PROD017,Beauty,299,59.8,239.2,4.7,0,8,economy,upi,2025-10-05,0,
ORD007432,CUST01549,PROD020,Books,4999,999.8,3999.2,2.8,2,2,express,card,2025-12-17,1,Ordered by Mistake
ORD007433,CUST01003,PROD015,Beauty,2999,449.85,2549.15,2.4,5,5,standard,cod,2026-08-30,1,Late Delivery
ORD007434,CUST00967,PROD007,Fashion,1299,194.85,1104.15,4.6,0,7,economy,upi,2026-01-14,0,
ORD007435,CUST00644,PROD019,Electronics,1299,519.6,779.4,3.7,3,1,express,card,2026-09-01,0,
ORD007436,CUST00556,PROD012,Beauty,4999,1249.75,3749.25,4.3,0,3,standard,upi,2025-11-29,1,Quality Issues
ORD007437,CUST00204,PROD010,Fashion,1299,324.75,974.25,4.6,5,1,express,card,2026-04-09,1,Product Not as Expected
ORD007438,CUST01417,PROD013,Home & Lifestyle,2999,449.85,2549.15,3.3,2,5,standard,card,2025-09-13,0,
ORD007439,CUST00632,PROD009,Home & Lifestyle,1999,199.9,1799.1,4.0,0,2,express,cod,2026-06-20,0,
ORD007440,CUST00939,PROD018,Books,499,99.8,399.2,3.9,5,2,express,upi,2026-05-02,0,
ORD007441,CUST00416,PROD006,Books,1299,0.0,1299.0,2.4,6,2,express,card,2026-06-09,0,
ORD007442,CUST01374,PROD013,Home & Lifestyle,2999,599.8,2399.2,3.3,2,1,express,upi,2026-07-31,0,
ORD007443,CUST01812,PROD013,Home & Lifestyle,2999,449.85,2549.15,3.6,0,9,economy,card,2026-07-18,1,Ordered by Mistake
ORD007444,CUST01820,PROD020,Books,4999,1249.75,3749.25,3.0,1,5,standard,card,2026-04-15,0,
ORD007445,CUST00424,PROD006,Books,1299,194.85,1104.15,2.6,0,1,express,card,2026-01-24,1,Better Price Elsewhere
ORD007446,CUST00039,PROD016,Beauty,499,0.0,499.0,3.6,4,2,express,card,2026-04-04,1,Changed Mind
ORD007447,CUST00100,PROD013,Home & Lifestyle,2999,449.85,2549.15,3.3,1,1,express,card,2026-08-09,0,
ORD007448,CUST00225,PROD013,Home & Lifestyle,2999,0.0,2999.0,3.2,1,5,standard,card,2025-11-03,0,
ORD007449,CUST00510,PROD001,Beauty,1999,399.8,1599.2,3.1,4,5,standard,cod,2025-09-21,1,Damaged/Defective
ORD007450,CUST01057,PROD010,Fashion,1299,259.8,1039.2,4.6,0,4,standard,card,2026-06-28,1,Product Not as Expected
ORD007451,CUST00473,PROD008,Home & Lifestyle,1299,259.8,1039.2,3.8,3,6,standard,upi,2025-12-14,1,Ordered by Mistake
ORD007452,CUST01111,PROD004,Books,499,49.9,449.1,4.2,0,1,express,upi,2025-12-01,1,Ordered by Mistake
ORD007453,CUST00723,PROD004,Books,499,99.8,399.2,3.9,1,3,standard,cod,2026-03-26,1,Wrong Size
ORD007454,CUST00978,PROD020,Books,4999,0.0,4999.0,2.8,7,3,standard,card,2026-06-26,1,Wrong Size
ORD007455,CUST00336,PROD012,Beauty,4999,1249.75,3749.25,4.1,1,1,express,upi,2025-09-26,1,Damaged/Defective
ORD007456,CUST00029,PROD016,Beauty,499,199.6,299.4,3.7,1,1,express,card,2026-07-08,0,
ORD007457,CUST00380,PROD002,Books,4999,0.0,4999.0,3.7,5,1,express,cod,2026-04-27,1,Ordered by Mistake
ORD007458,CUST01163,PROD003,Home & Lifestyle,1999,199.9,1799.1,4.1,3,1,express,card,2026-06-08,0,
ORD007459,CUST01237,PROD017,Beauty,299,0.0,299.0,4.8,2,3,standard,card,2026-02-15,0,
ORD007460,CUST01970,PROD015,Beauty,2999,0.0,2999.0,2.4,3,6,standard,card,2025-10-09,1,Damaged/Defective
ORD007461,CUST01947,PROD004,Books,499,74.85,424.15,4.4,0,8,economy,upi,2026-08-06,0,
ORD007462,CUST00409,PROD006,Books,1299,324.75,974.25,2.6,0,3,standard,wallet,2026-06-30,0,
ORD007463,CUST01103,PROD015,Beauty,2999,0.0,2999.0,2.7,0,5,standard,cod,2025-12-30,0,
ORD007464,CUST01046,PROD003,Home & Lifestyle,1999,299.85,1699.15,4.1,2,4,standard,cod,2026-02-07,1,Damaged/Defective
ORD007465,CUST00778,PROD011,Fashion,299,29.9,269.1,2.6,0,1,express,wallet,2026-04-23,0,
ORD007466,CUST00321,PROD002,Books,4999,749.85,4249.15,3.4,4,6,standard,card,2026-02-13,0,
ORD007467,CUST00664,PROD005,Fashion,1299,129.9,1169.1,3.2,0,2,express,card,2026-05-09,0,
ORD007468,CUST00476,PROD019,Electronics,1299,324.75,974.25,3.8,1,2,express,cod,2025-12-10,0,
ORD007469,CUST01391,PROD008,Home & Lifestyle,1299,259.8,1039.2,4.0,0,6,standard,card,2025-10-24,0,
ORD007470,CUST00961,PROD012,Beauty,4999,749.85,4249.15,4.0,2,8,economy,card,2026-03-10,0,
ORD007471,CUST00474,PROD002,Books,4999,499.9,4499.1,3.4,4,1,express,upi,2025-12-03,1,Better Price Elsewhere
ORD007472,CUST00990,PROD001,Beauty,1999,299.85,1699.15,2.9,7,1,express,card,2026-04-15,1,Late Delivery
ORD007473,CUST00692,PROD011,Fashion,299,0.0,299.0,2.8,1,2,express,upi,2026-01-17,0,
ORD007474,CUST00544,PROD011,Fashion,299,59.8,239.2,2.3,5,1,express,cod,2025-10-20,0,
ORD007475,CUST01597,PROD002,Books,4999,0.0,4999.0,3.6,0,3,standard,card,2026-06-02,0,
ORD007476,CUST00396,PROD011,Fashion,299,44.85,254.15,2.6,0,4,standard,card,2026-07-12,0,
ORD007477,CUST00876,PROD018,Books,499,49.9,449.1,3.4,2,1,express,card,2026-04-29,0,
ORD007478,CUST00970,PROD010,Fashion,1299,0.0,1299.0,4.7,0,2,express,card,2026-07-15,0,
ORD007479,CUST01614,PROD006,Books,1299,194.85,1104.15,2.4,6,1,express,card,2025-11-23,1,Ordered by Mistake
ORD007480,CUST01913,PROD008,Home & Lifestyle,1299,0.0,1299.0,3.6,0,5,standard,card,2026-06-04,0,
ORD007481,CUST01073,PROD017,Beauty,299,89.7,209.3,4.7,3,3,standard,wallet,2026-05-18,0,
ORD007482,CUST01721,PROD012,Beauty,4999,1999.6,2999.4,4.3,0,7,economy,card,2026-08-27,0,
ORD007483,CUST01955,PROD016,Beauty,499,0.0,499.0,3.4,3,6,standard,cod,2026-05-17,1,Ordered by Mistake
ORD007484,CUST00655,PROD005,Fashion,1299,0.0,1299.0,3.1,0,1,express,card,2026-04-29,1,Changed Mind
ORD007485,CUST01603,PROD010,Fashion,1299,0.0,1299.0,4.5,0,4,standard,card,2026-05-19,0,
ORD007486,CUST00153,PROD012,Beauty,4999,0.0,4999.0,3.8,7,3,standard,card,2026-05-04,1,Damaged/Defective
ORD007487,CUST00236,PROD009,Home & Lifestyle,1999,499.75,1499.25,3.8,4,2,express,card,2025-11-23,0,
ORD007488,CUST01941,PROD012,Beauty,4999,999.8,3999.2,4.3,4,5,standard,card,2026-05-29,0,
ORD007489,CUST01609,PROD002,Books,4999,0.0,4999.0,3.3,2,9,economy,cod,2026-03-08,0,
ORD007490,CUST00739,PROD005,Fashion,1299,0.0,1299.0,2.8,6,6,standard,wallet,2026-07-27,1,Late Delivery
ORD007491,CUST01369,PROD017,Beauty,299,29.9,269.1,4.5,0,11,economy,upi,2026-06-19,0,
ORD007492,CUST00593,PROD007,Fashion,1299,0.0,1299.0,4.7,1,3,standard,wallet,2025-09-24,0,
ORD007493,CUST00042,PROD015,Beauty,2999,0.0,2999.0,2.7,2,3,standard,card,2026-05-11,1,Product Not as Expected
ORD007494,CUST01607,PROD014,Beauty,499,74.85,424.15,3.4,1,1,express,card,2026-03-02,0,
ORD007495,CUST00681,PROD009,Home & Lifestyle,1999,399.8,1599.2,3.7,5,4,standard,card,2025-09-27,0,
ORD007496,CUST01557,PROD009,Home & Lifestyle,1999,299.85,1699.15,3.6,2,1,express,cod,2026-07-11,0,
ORD007497,CUST00801,PROD006,Books,1299,129.9,1169.1,2.9,4,2,express,card,2025-09-18,1,Wrong Size
ORD007498,CUST01244,PROD019,Electronics,1299,0.0,1299.0,4.1,1,6,standard,card,2026-02-15,0,
ORD007499,CUST00927,PROD006,Books,1299,0.0,1299.0,2.9,0,6,standard,card,2026-05-18,0,
ORD007500,CUST00049,PROD015,Beauty,2999,749.75,2249.25,2.6,1,1,express,card,2026-01-04,0,
ORD007501,CUST00268,PROD018,Books,499,0.0,499.0,3.9,0,6,standard,card,2026-04-28,0,
ORD007502,CUST00179,PROD019,Electronics,1299,324.75,974.25,4.2,0,1,express,card,2026-07-01,1,Damaged/Defective
ORD007503,CUST00584,PROD017,Beauty,299,119.6,179.4,4.6,0,2,express,cod,2026-05-14,1,Product Not as Expected
ORD007504,CUST00308,PROD014,Beauty,499,149.7,349.3,3.5,1,1,express,card,2026-02-06,0,
ORD007505,CUST01351,PROD006,Books,1299,0.0,1299.0,2.8,2,3,standard,card,2026-03-08,0,
ORD007506,CUST01347,PROD004,Books,499,0.0,499.0,4.4,6,6,standard,card,2025-10-22,1,Damaged/Defective
ORD007507,CUST00793,PROD004,Books,499,74.85,424.15,4.4,0,5,standard,upi,2025-11-17,0,
ORD007508,CUST01781,PROD005,Fashion,1299,129.9,1169.1,2.8,0,7,economy,card,2025-12-19,1,Ordered by Mistake
ORD007509,CUST00578,PROD006,Books,1299,0.0,1299.0,2.5,3,5,standard,card,2025-10-06,0,
ORD007510,CUST01289,PROD008,Home & Lifestyle,1299,0.0,1299.0,3.8,2,5,standard,upi,2025-11-22,0,
ORD007511,CUST01431,PROD008,Home & Lifestyle,1299,129.9,1169.1,4.0,1,5,standard,card,2025-11-29,0,
ORD007512,CUST00240,PROD013,Home & Lifestyle,2999,449.85,2549.15,3.6,1,2,express,card,2026-04-10,0,
ORD007513,CUST00601,PROD015,Beauty,2999,0.0,2999.0,2.8,1,4,standard,cod,2025-11-01,1,Ordered by Mistake
ORD007514,CUST01878,PROD015,Beauty,2999,749.75,2249.25,2.8,0,4,standard,upi,2026-03-18,0,
ORD007515,CUST01193,PROD017,Beauty,299,0.0,299.0,4.8,1,2,express,card,2026-01-19,1,Late Delivery
ORD007516,CUST00439,PROD003,Home & Lifestyle,1999,399.8,1599.2,3.9,0,3,standard,card,2026-04-17,0,
ORD007517,CUST00148,PROD001,Beauty,1999,299.85,1699.15,2.7,2,1,express,upi,2025-10-01,0,
ORD007518,CUST00131,PROD013,Home & Lifestyle,2999,1199.6,1799.4,3.2,0,2,express,card,2026-08-03,0,
ORD007519,CUST00434,PROD007,Fashion,1299,0.0,1299.0,4.6,3,3,standard,card,2026-07-07,1,Changed Mind
ORD007520,CUST01509,PROD010,Fashion,1299,129.9,1169.1,4.7,3,3,standard,upi,2026-05-14,0,
ORD007521,CUST01278,PROD003,Home & Lifestyle,1999,199.9,1799.1,3.7,1,1,express,cod,2026-02-16,0,
ORD007522,CUST00840,PROD006,Books,1299,259.8,1039.2,2.7,5,1,express,upi,2026-08-20,1,Damaged/Defective
ORD007523,CUST00236,PROD014,Beauty,499,199.6,299.4,3.8,4,6,standard,card,2026-07-02,0,
ORD007524,CUST00029,PROD015,Beauty,2999,449.85,2549.15,2.8,4,5,standard,card,2026-01-17,1,Changed Mind
ORD007525,CUST01842,PROD015,Beauty,2999,299.9,2699.1,2.9,2,5,standard,cod,2026-01-27,0,
ORD007526,CUST00288,PROD012,Beauty,4999,1499.7,3499.3,4.1,3,1,express,cod,2026-06-03,0,
ORD007527,CUST01791,PROD016,Beauty,499,74.85,424.15,3.3,0,4,standard,card,2026-05-23,0,
ORD007528,CUST00683,PROD002,Books,4999,0.0,4999.0,3.7,5,1,express,upi,2026-02-25,0,
ORD007529,CUST01640,PROD014,Beauty,499,0.0,499.0,3.2,1,3,standard,card,2026-09-01,0,
ORD007530,CUST00590,PROD015,Beauty,2999,299.9,2699.1,2.7,2,2,express,card,2026-07-12,1,Quality Issues
ORD007531,CUST01642,PROD009,Home & Lifestyle,1999,199.9,1799.1,3.7,1,1,express,upi,2026-07-14,0,
ORD007532,CUST01783,PROD017,Beauty,299,59.8,239.2,4.8,1,4,standard,upi,2026-09-07,1,Late Delivery
ORD007533,CUST00081,PROD011,Fashion,299,0.0,299.0,2.7,0,1,express,upi,2026-05-10,1,Damaged/Defective
ORD007534,CUST00824,PROD007,Fashion,1299,259.8,1039.2,4.8,0,4,standard,cod,2026-02-08,0,
ORD007535,CUST01320,PROD014,Beauty,499,49.9,449.1,3.6,0,6,standard,upi,2026-04-11,1,Wrong Size
ORD007536,CUST00153,PROD003,Home & Lifestyle,1999,299.85,1699.15,3.8,1,7,economy,card,2026-07-01,0,
ORD007537,CUST00248,PROD001,Beauty,1999,199.9,1799.1,2.8,7,4,standard,upi,2026-02-16,0,
ORD007538,CUST00142,PROD014,Beauty,499,149.7,349.3,3.5,0,2,express,card,2026-05-17,0,
ORD007539,CUST01257,PROD010,Fashion,1299,0.0,1299.0,4.6,7,4,standard,card,2025-10-29,1,Wrong Size
ORD007540,CUST01168,PROD008,Home & Lifestyle,1299,0.0,1299.0,3.9,5,5,standard,upi,2026-03-13,0,
ORD007541,CUST01658,PROD017,Beauty,299,89.7,209.3,4.5,0,1,express,card,2026-06-26,0,
ORD007542,CUST01398,PROD014,Beauty,499,0.0,499.0,3.3,0,1,express,card,2026-08-01,0,
ORD007543,CUST00040,PROD002,Books,4999,0.0,4999.0,3.2,5,2,express,card,2026-03-16,0,
ORD007544,CUST01640,PROD011,Fashion,299,119.6,179.4,2.2,0,2,express,card,2026-05-03,1,Late Delivery
ORD007545,CUST00349,PROD004,Books,499,49.9,449.1,4.0,4,5,standard,card,2025-09-22,1,Late Delivery
ORD007546,CUST01783,PROD012,Beauty,4999,0.0,4999.0,4.2,0,6,standard,card,2026-08-27,0,
ORD007547,CUST01014,PROD005,Fashion,1299,194.85,1104.15,2.7,0,9,economy,card,2026-04-17,0,
ORD007548,CUST01900,PROD015,Beauty,2999,599.8,2399.2,2.7,4,1,express,card,2026-05-05,0,
ORD007549,CUST00207,PROD010,Fashion,1299,194.85,1104.15,4.5,0,2,express,card,2025-11-09,0,
ORD007550,CUST01978,PROD006,Books,1299,324.75,974.25,2.8,7,5,standard,upi,2026-03-18,1,Product Not as Expected
ORD007551,CUST00718,PROD008,Home & Lifestyle,1299,129.9,1169.1,3.6,2,1,express,upi,2026-01-05,0,
ORD007552,CUST01812,PROD006,Books,1299,389.7,909.3,2.8,9,4,standard,card,2025-09-17,1,Better Price Elsewhere
ORD007553,CUST00524,PROD009,Home & Lifestyle,1999,0.0,1999.0,4.2,0,5,standard,card,2025-12-17,0,
ORD007554,CUST00136,PROD020,Books,4999,999.8,3999.2,2.6,3,6,standard,upi,2026-02-12,0,
ORD007555,CUST00949,PROD016,Beauty,499,0.0,499.0,3.6,0,5,standard,card,2026-04-01,0,
ORD007556,CUST00825,PROD019,Electronics,1299,129.9,1169.1,3.8,4,3,standard,upi,2025-12-15,0,
ORD007557,CUST00924,PROD014,Beauty,499,0.0,499.0,3.3,0,4,standard,card,2025-11-13,0,
ORD007558,CUST00463,PROD013,Home & Lifestyle,2999,299.9,2699.1,3.4,0,8,economy,upi,2025-12-21,0,
ORD007559,CUST01310,PROD010,Fashion,1299,0.0,1299.0,4.5,0,9,economy,cod,2026-06-08,1,Product Not as Expected
ORD007560,CUST01539,PROD015,Beauty,2999,599.8,2399.2,2.4,0,4,standard,cod,2025-10-16,0,
ORD007561,CUST00612,PROD001,Beauty,1999,0.0,1999.0,3.0,2,6,standard,cod,2026-04-15,1,Quality Issues
ORD007562,CUST00048,PROD011,Fashion,299,0.0,299.0,2.3,0,6,standard,upi,2026-06-18,0,
ORD007563,CUST01798,PROD015,Beauty,2999,0.0,2999.0,2.9,4,8,economy,upi,2025-11-21,0,
ORD007564,CUST00987,PROD017,Beauty,299,29.9,269.1,4.8,0,5,standard,upi,2025-12-20,1,Better Price Elsewhere
ORD007565,CUST01117,PROD008,Home & Lifestyle,1299,129.9,1169.1,3.6,0,4,standard,card,2026-04-07,0,
ORD007566,CUST00879,PROD002,Books,4999,1249.75,3749.25,3.5,6,2,express,card,2026-04-29,0,
ORD007567,CUST00306,PROD013,Home & Lifestyle,2999,0.0,2999.0,3.2,1,5,standard,cod,2025-12-20,0,
ORD007568,CUST01221,PROD002,Books,4999,999.8,3999.2,3.4,3,1,express,card,2025-10-25,1,Changed Mind
ORD007569,CUST00887,PROD018,Books,499,0.0,499.0,3.7,7,4,standard,card,2026-08-16,1,Late Delivery
ORD007570,CUST00956,PROD008,Home & Lifestyle,1299,0.0,1299.0,3.7,2,5,standard,upi,2026-08-11,0,
ORD007571,CUST00386,PROD020,Books,4999,749.85,4249.15,2.8,0,5,standard,upi,2026-03-24,1,Damaged/Defective
ORD007572,CUST00308,PROD003,Home & Lifestyle,1999,499.75,1499.25,4.0,0,5,standard,card,2026-08-15,1,Late Delivery
ORD007573,CUST01239,PROD002,Books,4999,1499.7,3499.3,3.3,3,6,standard,card,2025-11-18,1,Better Price Elsewhere
ORD007574,CUST00883,PROD015,Beauty,2999,749.75,2249.25,2.7,0,1,express,card,2026-08-20,0,
ORD007575,CUST00805,PROD020,Books,4999,999.8,3999.2,3.1,0,5,standard,upi,2025-12-03,1,Quality Issues
ORD007576,CUST00487,PROD020,Books,4999,499.9,4499.1,3.1,2,4,standard,cod,2026-03-15,0,
ORD007577,CUST00557,PROD018,Books,499,199.6,299.4,3.6,1,4,standard,upi,2026-03-01,1,Changed Mind
ORD007578,CUST00567,PROD008,Home & Lifestyle,1299,389.7,909.3,3.4,0,1,express,card,2026-02-04,0,
ORD007579,CUST00256,PROD013,Home & Lifestyle,2999,299.9,2699.1,3.7,3,1,express,card,2026-03-11,1,Damaged/Defective
ORD007580,CUST01490,PROD001,Beauty,1999,499.75,1499.25,2.7,7,3,standard,card,2026-02-02,1,Better Price Elsewhere
ORD007581,CUST00410,PROD006,Books,1299,259.8,1039.2,2.8,0,6,standard,card,2026-01-30,0,
ORD007582,CUST00558,PROD005,Fashion,1299,129.9,1169.1,2.6,3,2,express,wallet,2026-05-25,0,
ORD007583,CUST00323,PROD015,Beauty,2999,299.9,2699.1,2.5,1,3,standard,upi,2026-01-01,0,
ORD007584,CUST00472,PROD007,Fashion,1299,0.0,1299.0,4.9,0,1,express,card,2026-08-06,0,
ORD007585,CUST01311,PROD004,Books,499,49.9,449.1,4.5,1,6,standard,upi,2025-10-30,0,
ORD007586,CUST00243,PROD013,Home & Lifestyle,2999,1199.6,1799.4,3.5,5,4,standard,card,2026-06-08,1,Product Not as Expected
ORD007587,CUST01840,PROD016,Beauty,499,0.0,499.0,3.2,4,4,standard,upi,2026-08-21,1,Product Not as Expected
ORD007588,CUST01290,PROD008,Home & Lifestyle,1299,324.75,974.25,3.5,6,1,express,card,2026-02-06,0,
ORD007589,CUST01968,PROD013,Home & Lifestyle,2999,449.85,2549.15,3.3,3,6,standard,card,2025-11-17,0,
ORD007590,CUST01783,PROD012,Beauty,4999,749.85,4249.15,3.8,6,2,express,card,2025-10-28,0,
ORD007591,CUST01233,PROD012,Beauty,4999,0.0,4999.0,3.9,0,5,standard,upi,2026-06-17,1,Better Price Elsewhere
ORD007592,CUST00224,PROD009,Home & Lifestyle,1999,199.9,1799.1,3.7,6,2,express,upi,2025-10-14,0,
ORD007593,CUST00651,PROD008,Home & Lifestyle,1299,194.85,1104.15,3.6,2,5,standard,card,2026-05-20,0,
ORD007594,CUST01302,PROD010,Fashion,1299,129.9,1169.1,5.0,6,1,express,card,2026-03-12,0,
ORD007595,CUST01185,PROD011,Fashion,299,59.8,239.2,2.2,0,3,standard,card,2026-03-31,0,
ORD007596,CUST00763,PROD010,Fashion,1299,129.9,1169.1,4.8,4,3,standard,card,2025-12-13,0,
ORD007597,CUST00833,PROD014,Beauty,499,0.0,499.0,3.3,2,4,standard,card,2025-10-25,1,Damaged/Defective
ORD007598,CUST00693,PROD001,Beauty,1999,399.8,1599.2,2.6,3,6,standard,upi,2026-04-17,1,Changed Mind
ORD007599,CUST00374,PROD015,Beauty,2999,599.8,2399.2,2.8,4,6,standard,cod,2026-04-24,1,Changed Mind
ORD007600,CUST00772,PROD005,Fashion,1299,519.6,779.4,3.1,0,1,express,cod,2026-03-14,1,Damaged/Defective
ORD007601,CUST00720,PROD015,Beauty,2999,599.8,2399.2,2.4,1,10,economy,upi,2026-01-26,0,
ORD007602,CUST01809,PROD005,Fashion,1299,0.0,1299.0,2.8,3,4,standard,card,2025-12-03,0,
ORD007603,CUST00221,PROD011,Fashion,299,0.0,299.0,2.7,1,2,express,cod,2025-10-15,1,Better Price Elsewhere
ORD007604,CUST01691,PROD014,Beauty,499,0.0,499.0,3.4,7,5,standard,cod,2026-05-16,1,Changed Mind
ORD007605,CUST01629,PROD001,Beauty,1999,0.0,1999.0,2.8,1,8,economy,cod,2025-10-25,1,Late Delivery
ORD007606,CUST01170,PROD016,Beauty,499,49.9,449.1,3.1,5,3,standard,upi,2026-07-05,1,Wrong Size
ORD007607,CUST00817,PROD020,Books,4999,0.0,4999.0,3.0,2,5,standard,cod,2025-09-22,0,
ORD007608,CUST00855,PROD013,Home & Lifestyle,2999,599.8,2399.2,3.5,7,6,standard,card,2026-09-03,1,Better Price Elsewhere
ORD007609,CUST01651,PROD020,Books,4999,1999.6,2999.4,2.9,2,2,express,upi,2026-08-18,0,
ORD007610,CUST00882,PROD005,Fashion,1299,324.75,974.25,3.2,0,1,express,upi,2025-11-12,0,
ORD007611,CUST01308,PROD003,Home & Lifestyle,1999,599.7,1399.3,3.7,1,4,standard,card,2025-10-04,0,
ORD007612,CUST01587,PROD016,Beauty,499,49.9,449.1,3.6,6,1,express,card,2026-04-26,1,Damaged/Defective
ORD007613,CUST01267,PROD013,Home & Lifestyle,2999,0.0,2999.0,3.5,1,4,standard,cod,2026-06-28,1,Quality Issues
ORD007614,CUST01534,PROD009,Home & Lifestyle,1999,499.75,1499.25,4.2,1,8,economy,card,2025-11-27,0,
ORD007615,CUST00793,PROD014,Beauty,499,124.75,374.25,3.2,4,4,standard,cod,2026-06-26,0,
ORD007616,CUST00287,PROD018,Books,499,49.9,449.1,3.6,1,1,express,card,2025-12-23,0,
ORD007617,CUST00450,PROD006,Books,1299,0.0,1299.0,2.4,0,4,standard,upi,2026-08-27,0,
ORD007618,CUST01133,PROD016,Beauty,499,74.85,424.15,3.5,3,4,standard,cod,2026-05-14,1,Changed Mind
ORD007619,CUST00586,PROD013,Home & Lifestyle,2999,899.7,2099.3,3.7,7,1,express,upi,2026-08-05,0,
ORD007620,CUST01887,PROD002,Books,4999,999.8,3999.2,3.3,2,6,standard,wallet,2026-08-14,1,Better Price Elsewhere
ORD007621,CUST01067,PROD015,Beauty,2999,749.75,2249.25,2.7,4,2,express,upi,2026-02-04,1,Better Price Elsewhere
ORD007622,CUST00798,PROD005,Fashion,1299,0.0,1299.0,3.1,0,2,express,card,2025-10-28,0,
ORD007623,CUST01956,PROD015,Beauty,2999,599.8,2399.2,2.3,2,5,standard,card,2025-09-13,1,Damaged/Defective
ORD007624,CUST01247,PROD009,Home & Lifestyle,1999,299.85,1699.15,3.9,0,1,express,cod,2026-02-25,0,
ORD007625,CUST01900,PROD012,Beauty,4999,1249.75,3749.25,4.1,6,4,standard,upi,2026-06-21,0,
ORD007626,CUST00578,PROD006,Books,1299,259.8,1039.2,2.4,5,5,standard,upi,2025-10-01,0,
ORD007627,CUST01700,PROD005,Fashion,1299,194.85,1104.15,2.7,5,2,express,upi,2025-11-04,0,
ORD007628,CUST01365,PROD003,Home & Lifestyle,1999,499.75,1499.25,3.6,1,2,express,upi,2025-11-26,0,
ORD007629,CUST00366,PROD020,Books,4999,1249.75,3749.25,2.8,0,6,standard,upi,2026-03-06,1,Damaged/Defective
ORD007630,CUST01768,PROD010,Fashion,1299,259.8,1039.2,4.4,2,7,economy,upi,2026-04-01,0,
ORD007631,CUST00116,PROD020,Books,4999,499.9,4499.1,2.8,0,5,standard,upi,2026-01-28,0,
ORD007632,CUST01405,PROD001,Beauty,1999,399.8,1599.2,2.7,8,5,standard,card,2025-10-05,1,Wrong Size
ORD007633,CUST00091,PROD005,Fashion,1299,0.0,1299.0,3.0,4,7,economy,card,2025-11-01,0,
ORD007634,CUST00354,PROD011,Fashion,299,59.8,239.2,2.3,1,4,standard,upi,2025-09-15,0,
ORD007635,CUST00604,PROD011,Fashion,299,74.75,224.25,2.6,0,8,economy,cod,2025-10-24,1,Wrong Size
ORD007636,CUST01687,PROD012,Beauty,4999,499.9,4499.1,3.9,1,2,express,card,2026-06-16,1,Damaged/Defective
ORD007637,CUST00919,PROD007,Fashion,1299,324.75,974.25,4.5,6,3,standard,card,2025-09-12,0,
ORD007638,CUST01352,PROD009,Home & Lifestyle,1999,199.9,1799.1,3.7,0,3,standard,upi,2026-01-23,0,
ORD007639,CUST01882,PROD011,Fashion,299,59.8,239.2,2.2,2,1,express,card,2026-08-09,0,
ORD007640,CUST01436,PROD003,Home & Lifestyle,1999,599.7,1399.3,3.9,1,8,economy,cod,2025-09-12,0,
ORD007641,CUST01123,PROD008,Home & Lifestyle,1299,259.8,1039.2,3.9,3,5,standard,upi,2026-09-08,0,
ORD007642,CUST01532,PROD004,Books,499,74.85,424.15,3.9,1,3,standard,card,2026-04-01,1,Changed Mind
ORD007643,CUST00945,PROD012,Beauty,4999,999.8,3999.2,3.9,0,2,express,upi,2025-11-01,0,
ORD007644,CUST00595,PROD020,Books,4999,0.0,4999.0,3.2,1,9,economy,upi,2026-01-18,0,
ORD007645,CUST01961,PROD006,Books,1299,0.0,1299.0,2.5,3,8,economy,card,2026-09-06,1,Damaged/Defective
ORD007646,CUST01214,PROD009,Home & Lifestyle,1999,799.6,1199.4,4.1,3,1,express,upi,2025-10-11,1,Quality Issues
ORD007647,CUST01855,PROD010,Fashion,1299,194.85,1104.15,4.5,0,3,standard,upi,2026-03-02,0,
ORD007648,CUST01535,PROD007,Fashion,1299,0.0,1299.0,4.5,1,3,standard,card,2026-02-12,0,
ORD007649,CUST00453,PROD001,Beauty,1999,199.9,1799.1,2.6,0,4,standard,card,2026-06-04,0,
ORD007650,CUST00367,PROD017,Beauty,299,0.0,299.0,4.7,2,1,express,card,2026-06-13,0,
ORD007651,CUST01610,PROD008,Home & Lifestyle,1299,129.9,1169.1,3.6,4,2,express,cod,2026-04-17,0,
ORD007652,CUST00016,PROD008,Home & Lifestyle,1299,0.0,1299.0,3.6,1,11,economy,cod,2026-03-21,1,Product Not as Expected
ORD007653,CUST00225,PROD016,Beauty,499,99.8,399.2,3.2,0,5,standard,card,2026-08-21,0,
ORD007654,CUST00214,PROD001,Beauty,1999,0.0,1999.0,3.0,2,1,express,cod,2026-06-25,1,Late Delivery
ORD007655,CUST00392,PROD012,Beauty,4999,1249.75,3749.25,4.1,0,6,standard,card,2025-10-28,0,
ORD007656,CUST01259,PROD008,Home & Lifestyle,1299,519.6,779.4,3.9,0,3,standard,card,2026-01-06,1,Product Not as Expected
ORD007657,CUST00899,PROD002,Books,4999,999.8,3999.2,3.4,2,4,standard,card,2026-02-14,0,
ORD007658,CUST00310,PROD020,Books,4999,0.0,4999.0,3.2,2,5,standard,card,2026-05-14,1,Late Delivery
ORD007659,CUST01822,PROD009,Home & Lifestyle,1999,0.0,1999.0,4.1,0,3,standard,card,2026-07-19,0,
ORD007660,CUST01870,PROD013,Home & Lifestyle,2999,599.8,2399.2,3.1,0,5,standard,cod,2026-07-13,0,
ORD007661,CUST01955,PROD006,Books,1299,0.0,1299.0,2.3,0,5,standard,cod,2025-12-21,1,Changed Mind
ORD007662,CUST00912,PROD004,Books,499,0.0,499.0,4.0,1,5,standard,card,2026-02-23,0,
ORD007663,CUST00569,PROD011,Fashion,299,74.75,224.25,2.3,1,4,standard,card,2026-04-30,0,
ORD007664,CUST01761,PROD015,Beauty,2999,599.8,2399.2,2.5,2,2,express,cod,2025-11-09,0,
ORD007665,CUST01893,PROD004,Books,499,199.6,299.4,4.0,1,2,express,card,2026-08-09,1,Changed Mind
ORD007666,CUST00252,PROD002,Books,4999,999.8,3999.2,3.3,7,5,standard,card,2025-11-02,0,
ORD007667,CUST00298,PROD020,Books,4999,749.85,4249.15,2.9,2,2,express,cod,2025-11-23,0,
ORD007668,CUST01110,PROD019,Electronics,1299,324.75,974.25,4.1,3,1,express,card,2025-09-24,0,
ORD007669,CUST01180,PROD010,Fashion,1299,129.9,1169.1,4.5,2,5,standard,wallet,2026-01-03,0,
ORD007670,CUST01329,PROD012,Beauty,4999,0.0,4999.0,3.9,0,6,standard,card,2026-08-31,0,
ORD007671,CUST00682,PROD003,Home & Lifestyle,1999,199.9,1799.1,3.9,1,6,standard,upi,2025-12-10,1,Better Price Elsewhere
ORD007672,CUST00503,PROD012,Beauty,4999,999.8,3999.2,4.3,2,6,standard,card,2025-12-30,1,Ordered by Mistake
ORD007673,CUST01660,PROD013,Home & Lifestyle,2999,0.0,2999.0,3.5,4,3,standard,cod,2026-02-16,0,
ORD007674,CUST00043,PROD010,Fashion,1299,324.75,974.25,4.4,0,3,standard,card,2025-09-17,0,
ORD007675,CUST00095,PROD020,Books,4999,1999.6,2999.4,2.7,6,3,standard,cod,2026-09-02,1,Changed Mind
ORD007676,CUST00776,PROD006,Books,1299,259.8,1039.2,2.8,2,5,standard,card,2026-07-28,0,
ORD007677,CUST00617,PROD014,Beauty,499,0.0,499.0,3.2,0,1,express,cod,2026-01-25,0,
ORD007678,CUST00719,PROD004,Books,499,149.7,349.3,4.5,0,1,express,cod,2026-04-12,1,Changed Mind
ORD007679,CUST00075,PROD013,Home & Lifestyle,2999,599.8,2399.2,3.2,1,1,express,card,2025-11-07,0,
ORD007680,CUST01945,PROD011,Fashion,299,29.9,269.1,2.8,1,5,standard,card,2026-05-29,0,
ORD007681,CUST01759,PROD002,Books,4999,749.85,4249.15,3.3,3,5,standard,card,2026-06-25,0,
ORD007682,CUST00224,PROD018,Books,499,99.8,399.2,3.7,1,2,express,card,2026-06-09,1,Quality Issues
ORD007683,CUST01331,PROD008,Home & Lifestyle,1299,389.7,909.3,3.4,1,2,express,card,2026-08-21,0,
ORD007684,CUST01852,PROD007,Fashion,1299,519.6,779.4,4.7,0,8,economy,wallet,2025-11-29,1,Wrong Size
ORD007685,CUST00826,PROD017,Beauty,299,0.0,299.0,4.6,5,5,standard,wallet,2026-03-25,1,Ordered by Mistake
ORD007686,CUST00380,PROD013,Home & Lifestyle,2999,0.0,2999.0,3.2,0,4,standard,upi,2026-06-23,1,Product Not as Expected
ORD007687,CUST00602,PROD005,Fashion,1299,389.7,909.3,2.9,0,4,standard,upi,2025-10-19,0,
ORD007688,CUST01930,PROD016,Beauty,499,49.9,449.1,3.3,0,6,standard,upi,2026-04-07,0,
ORD007689,CUST01435,PROD010,Fashion,1299,194.85,1104.15,5.0,7,2,express,card,2026-05-10,0,
ORD007690,CUST01294,PROD007,Fashion,1299,194.85,1104.15,4.9,1,10,economy,card,2026-09-03,1,Better Price Elsewhere
ORD007691,CUST00061,PROD006,Books,1299,389.7,909.3,2.4,2,5,standard,upi,2026-09-06,1,Product Not as Expected
ORD007692,CUST00586,PROD016,Beauty,499,49.9,449.1,3.6,1,4,standard,card,2025-12-29,0,
ORD007693,CUST01966,PROD007,Fashion,1299,194.85,1104.15,4.9,3,3,standard,cod,2025-10-10,1,Late Delivery
ORD007694,CUST00240,PROD002,Books,4999,1249.75,3749.25,3.7,3,2,express,card,2026-04-27,0,
ORD007695,CUST01671,PROD018,Books,499,49.9,449.1,3.5,2,5,standard,cod,2026-03-07,0,
ORD007696,CUST01595,PROD006,Books,1299,0.0,1299.0,2.8,5,4,standard,upi,2025-12-09,1,Ordered by Mistake
ORD007697,CUST01926,PROD011,Fashion,299,0.0,299.0,2.5,2,8,economy,cod,2026-03-18,1,Product Not as Expected
ORD007698,CUST01076,PROD018,Books,499,0.0,499.0,3.4,1,2,express,upi,2025-12-24,0,
ORD007699,CUST01269,PROD015,Beauty,2999,299.9,2699.1,2.4,0,10,economy,cod,2026-08-18,1,Better Price Elsewhere
ORD007700,CUST01890,PROD017,Beauty,299,0.0,299.0,4.8,0,4,standard,card,2026-01-02,1,Quality Issues
ORD007701,CUST00316,PROD011,Fashion,299,29.9,269.1,2.4,1,2,express,card,2026-07-21,0,
ORD007702,CUST01362,PROD014,Beauty,499,124.75,374.25,3.5,0,5,standard,card,2025-12-08,0,
ORD007703,CUST00277,PROD013,Home & Lifestyle,2999,0.0,2999.0,3.6,8,1,express,upi,2026-01-23,0,
ORD007704,CUST00715,PROD005,Fashion,1299,0.0,1299.0,2.6,4,4,standard,cod,2025-11-01,1,Wrong Size
ORD007705,CUST01843,PROD002,Books,4999,499.9,4499.1,3.7,1,2,express,upi,2026-04-17,0,
ORD007706,CUST01155,PROD016,Beauty,499,0.0,499.0,3.3,0,4,standard,card,2026-01-26,1,Ordered by Mistake
ORD007707,CUST00393,PROD019,Electronics,1299,129.9,1169.1,4.1,1,2,express,card,2026-06-18,0,
ORD007708,CUST00790,PROD007,Fashion,1299,259.8,1039.2,4.7,0,1,express,card,2025-10-28,1,Quality Issues
ORD007709,CUST01743,PROD002,Books,4999,1249.75,3749.25,3.4,1,10,economy,upi,2026-02-19,1,Better Price Elsewhere
ORD007710,CUST00676,PROD018,Books,499,0.0,499.0,3.7,1,5,standard,cod,2025-10-31,1,Better Price Elsewhere
ORD007711,CUST00777,PROD010,Fashion,1299,0.0,1299.0,4.8,0,5,standard,card,2026-02-11,0,
ORD007712,CUST01339,PROD002,Books,4999,499.9,4499.1,3.6,6,5,standard,upi,2025-10-05,1,Wrong Size
ORD007713,CUST00288,PROD008,Home & Lifestyle,1299,0.0,1299.0,3.6,4,1,express,cod,2026-04-19,0,
ORD007714,CUST00540,PROD007,Fashion,1299,389.7,909.3,4.7,5,1,express,card,2026-09-08,0,
ORD007715,CUST00290,PROD003,Home & Lifestyle,1999,399.8,1599.2,3.7,3,5,standard,card,2025-09-21,1,Better Price Elsewhere
ORD007716,CUST00963,PROD005,Fashion,1299,0.0,1299.0,3.0,0,2,express,cod,2026-06-25,1,Product Not as Expected
ORD007717,CUST01380,PROD002,Books,4999,999.8,3999.2,3.5,1,4,standard,card,2025-12-30,0,
ORD007718,CUST00406,PROD006,Books,1299,519.6,779.4,2.7,0,4,standard,cod,2026-04-07,0,
ORD007719,CUST00343,PROD015,Beauty,2999,449.85,2549.15,2.6,3,4,standard,upi,2026-06-15,1,Ordered by Mistake
ORD007720,CUST00179,PROD011,Fashion,299,119.6,179.4,2.2,1,2,express,card,2026-06-09,1,Better Price Elsewhere
ORD007721,CUST00424,PROD006,Books,1299,129.9,1169.1,2.6,0,2,express,card,2025-10-04,1,Ordered by Mistake
ORD007722,CUST00391,PROD005,Fashion,1299,259.8,1039.2,3.1,4,6,standard,card,2026-07-31,1,Product Not as Expected
ORD007723,CUST00875,PROD018,Books,499,74.85,424.15,3.6,0,3,standard,wallet,2026-01-29,0,
ORD007724,CUST00419,PROD002,Books,4999,999.8,3999.2,3.8,5,10,economy,card,2026-05-18,0,
ORD007725,CUST00861,PROD011,Fashion,299,89.7,209.3,2.5,2,1,express,card,2026-07-13,0,
ORD007726,CUST01137,PROD017,Beauty,299,44.85,254.15,4.7,3,2,express,upi,2026-02-04,1,Changed Mind
ORD007727,CUST01566,PROD010,Fashion,1299,194.85,1104.15,5.0,1,1,express,cod,2026-08-07,0,
ORD007728,CUST01062,PROD020,Books,4999,499.9,4499.1,2.9,0,6,standard,cod,2025-12-26,0,
ORD007729,CUST01024,PROD012,Beauty,4999,749.85,4249.15,4.4,5,2,express,cod,2025-10-24,1,Quality Issues
ORD007730,CUST00312,PROD009,Home & Lifestyle,1999,499.75,1499.25,3.8,0,5,standard,upi,2026-04-30,0,
ORD007731,CUST00272,PROD009,Home & Lifestyle,1999,299.85,1699.15,4.1,1,2,express,card,2026-02-14,1,Wrong Size
ORD007732,CUST01241,PROD018,Books,499,49.9,449.1,3.5,1,2,express,wallet,2025-09-16,0,
ORD007733,CUST00571,PROD006,Books,1299,0.0,1299.0,2.5,3,3,standard,card,2025-11-04,0,
ORD007734,CUST01404,PROD007,Fashion,1299,324.75,974.25,5.0,0,5,standard,cod,2026-03-17,0,
ORD007735,CUST00515,PROD018,Books,499,49.9,449.1,3.8,7,6,standard,card,2026-05-27,0,
ORD007736,CUST01746,PROD016,Beauty,499,0.0,499.0,3.7,0,5,standard,cod,2026-06-10,0,
ORD007737,CUST00384,PROD011,Fashion,299,44.85,254.15,2.3,1,11,economy,upi,2025-09-10,1,Damaged/Defective
ORD007738,CUST00696,PROD019,Electronics,1299,389.7,909.3,4.0,3,2,express,card,2025-10-02,0,
ORD007739,CUST00739,PROD017,Beauty,299,89.7,209.3,4.6,0,4,standard,card,2026-02-10,0,
ORD007740,CUST00998,PROD015,Beauty,2999,449.85,2549.15,2.5,1,5,standard,upi,2025-10-25,1,Damaged/Defective
ORD007741,CUST01856,PROD015,Beauty,2999,0.0,2999.0,2.6,1,5,standard,cod,2026-09-07,1,Late Delivery
ORD007742,CUST01357,PROD005,Fashion,1299,194.85,1104.15,2.7,0,4,standard,upi,2026-09-04,0,
ORD007743,CUST01305,PROD017,Beauty,299,59.8,239.2,4.6,0,6,standard,card,2025-10-23,0,
ORD007744,CUST00649,PROD003,Home & Lifestyle,1999,199.9,1799.1,4.1,5,5,standard,upi,2026-04-07,1,Quality Issues
ORD007745,CUST01360,PROD016,Beauty,499,74.85,424.15,3.2,2,6,standard,card,2026-05-19,0,
ORD007746,CUST01858,PROD008,Home & Lifestyle,1299,259.8,1039.2,4.0,3,3,standard,card,2025-10-16,1,Wrong Size
ORD007747,CUST01664,PROD002,Books,4999,1249.75,3749.25,3.3,3,1,express,upi,2026-01-29,0,
ORD007748,CUST01358,PROD017,Beauty,299,59.8,239.2,4.5,1,6,standard,card,2026-03-10,0,
ORD007749,CUST00192,PROD014,Beauty,499,49.9,449.1,3.5,5,6,standard,card,2026-03-07,0,
ORD007750,CUST01992,PROD019,Electronics,1299,389.7,909.3,4.2,2,8,economy,upi,2026-08-30,1,Late Delivery
ORD007751,CUST01433,PROD018,Books,499,49.9,449.1,3.8,3,3,standard,upi,2026-01-26,0,
ORD007752,CUST01570,PROD003,Home & Lifestyle,1999,0.0,1999.0,3.8,3,8,economy,card,2026-08-03,1,Wrong Size
ORD007753,CUST00726,PROD001,Beauty,1999,299.85,1699.15,2.8,2,5,standard,cod,2026-05-22,1,Product Not as Expected
ORD007754,CUST01930,PROD020,Books,4999,0.0,4999.0,3.1,0,2,express,card,2026-07-31,1,Better Price Elsewhere
ORD007755,CUST00981,PROD007,Fashion,1299,194.85,1104.15,4.9,3,2,express,card,2025-11-26,0,
ORD007756,CUST01738,PROD018,Books,499,0.0,499.0,3.8,3,3,standard,card,2026-03-29,0,
ORD007757,CUST00680,PROD002,Books,4999,749.85,4249.15,3.6,1,6,standard,card,2026-08-19,0,
ORD007758,CUST01091,PROD018,Books,499,0.0,499.0,3.5,0,6,standard,card,2026-01-27,0,
ORD007759,CUST00228,PROD005,Fashion,1299,129.9,1169.1,3.1,0,3,standard,upi,2026-08-14,0,
ORD007760,CUST01483,PROD013,Home & Lifestyle,2999,0.0,2999.0,3.4,2,1,express,upi,2026-04-03,0,
ORD007761,CUST00659,PROD002,Books,4999,0.0,4999.0,3.5,0,1,express,upi,2026-02-14,0,
ORD007762,CUST00475,PROD014,Beauty,499,74.85,424.15,3.3,1,1,express,card,2026-02-26,1,Better Price Elsewhere
ORD007763,CUST00675,PROD015,Beauty,2999,1199.6,1799.4,2.4,3,7,economy,card,2025-12-20,1,Ordered by Mistake
ORD007764,CUST01970,PROD006,Books,1299,194.85,1104.15,2.9,1,1,express,cod,2025-11-12,1,Wrong Size
ORD007765,CUST01684,PROD017,Beauty,299,59.8,239.2,4.4,1,9,economy,upi,2026-04-23,1,Changed Mind
ORD007766,CUST01296,PROD009,Home & Lifestyle,1999,0.0,1999.0,4.0,0,4,standard,card,2026-06-17,0,
ORD007767,CUST01851,PROD003,Home & Lifestyle,1999,499.75,1499.25,3.7,2,6,standard,upi,2026-07-23,0,
ORD007768,CUST00396,PROD019,Electronics,1299,324.75,974.25,3.8,8,8,economy,card,2025-12-30,1,Better Price Elsewhere
ORD007769,CUST00407,PROD013,Home & Lifestyle,2999,749.75,2249.25,3.4,7,3,standard,card,2026-08-08,1,Changed Mind
ORD007770,CUST00212,PROD017,Beauty,299,29.9,269.1,4.9,3,2,express,card,2026-08-25,1,Quality Issues
ORD007771,CUST00423,PROD008,Home & Lifestyle,1299,259.8,1039.2,3.9,8,2,express,upi,2026-06-07,0,
ORD007772,CUST01147,PROD009,Home & Lifestyle,1999,199.9,1799.1,3.9,3,6,standard,card,2026-04-12,1,Ordered by Mistake
ORD007773,CUST01077,PROD006,Books,1299,519.6,779.4,2.8,1,5,standard,cod,2025-09-16,0,
ORD007774,CUST01840,PROD020,Books,4999,749.85,4249.15,2.9,0,4,standard,card,2025-12-05,0,
ORD007775,CUST01661,PROD005,Fashion,1299,324.75,974.25,3.1,1,5,standard,upi,2025-12-24,1,Damaged/Defective
ORD007776,CUST01254,PROD020,Books,4999,0.0,4999.0,2.7,2,5,standard,upi,2025-12-22,0,
ORD007777,CUST00180,PROD001,Beauty,1999,399.8,1599.2,3.2,0,2,express,wallet,2026-06-12,0,
ORD007778,CUST01329,PROD019,Electronics,1299,194.85,1104.15,3.7,4,4,standard,upi,2026-08-31,0,
ORD007779,CUST00562,PROD006,Books,1299,129.9,1169.1,2.8,0,1,express,cod,2026-07-09,1,Product Not as Expected
ORD007780,CUST01557,PROD006,Books,1299,0.0,1299.0,2.7,0,4,standard,wallet,2026-06-27,0,
ORD007781,CUST00162,PROD001,Beauty,1999,399.8,1599.2,3.1,0,6,standard,card,2026-07-02,0,
ORD007782,CUST01041,PROD006,Books,1299,389.7,909.3,2.7,1,2,express,card,2026-03-20,0,
ORD007783,CUST00751,PROD009,Home & Lifestyle,1999,799.6,1199.4,4.1,1,3,standard,cod,2026-01-13,0,
ORD007784,CUST01682,PROD013,Home & Lifestyle,2999,0.0,2999.0,3.6,0,6,standard,card,2026-02-02,0,
ORD007785,CUST00265,PROD002,Books,4999,0.0,4999.0,3.8,0,3,standard,upi,2026-07-11,0,
ORD007786,CUST00724,PROD017,Beauty,299,59.8,239.2,4.6,0,6,standard,card,2026-07-05,1,Changed Mind
ORD007787,CUST01226,PROD003,Home & Lifestyle,1999,599.7,1399.3,3.9,0,6,standard,upi,2025-11-25,0,
ORD007788,CUST00692,PROD010,Fashion,1299,0.0,1299.0,4.7,1,3,standard,card,2026-04-10,0,
ORD007789,CUST01062,PROD003,Home & Lifestyle,1999,199.9,1799.1,4.2,1,2,express,card,2025-12-16,0,
ORD007790,CUST01001,PROD014,Beauty,499,124.75,374.25,3.4,0,8,economy,wallet,2026-03-10,0,
ORD007791,CUST01811,PROD001,Beauty,1999,0.0,1999.0,2.8,0,1,express,cod,2026-06-15,1,Late Delivery
ORD007792,CUST01821,PROD014,Beauty,499,0.0,499.0,3.7,3,6,standard,upi,2026-01-23,1,Quality Issues
ORD007793,CUST01730,PROD006,Books,1299,324.75,974.25,2.5,1,5,standard,card,2025-11-04,1,Late Delivery
ORD007794,CUST00451,PROD006,Books,1299,0.0,1299.0,2.8,6,6,standard,card,2026-06-05,1,Damaged/Defective
ORD007795,CUST01893,PROD004,Books,499,0.0,499.0,4.4,1,1,express,card,2025-12-30,0,
ORD007796,CUST01896,PROD008,Home & Lifestyle,1299,129.9,1169.1,3.4,1,3,standard,upi,2026-08-21,1,Wrong Size
ORD007797,CUST00075,PROD008,Home & Lifestyle,1299,129.9,1169.1,3.9,0,4,standard,cod,2026-01-02,0,
ORD007798,CUST00960,PROD018,Books,499,49.9,449.1,4.0,2,6,standard,upi,2025-12-15,0,
ORD007799,CUST00759,PROD019,Electronics,1299,324.75,974.25,4.0,1,2,express,upi,2026-01-23,1,Product Not as Expected
ORD007800,CUST00465,PROD009,Home & Lifestyle,1999,399.8,1599.2,3.8,0,4,standard,card,2026-01-09,0,
ORD007801,CUST00162,PROD020,Books,4999,499.9,4499.1,3.1,1,5,standard,wallet,2026-06-01,0,
ORD007802,CUST00296,PROD020,Books,4999,749.85,4249.15,2.8,1,4,standard,upi,2025-12-05,0,
ORD007803,CUST00202,PROD004,Books,499,49.9,449.1,4.3,2,3,standard,card,2026-03-29,0,
ORD007804,CUST01847,PROD016,Beauty,499,124.75,374.25,3.2,6,3,standard,card,2026-05-03,1,Product Not as Expected
ORD007805,CUST00519,PROD006,Books,1299,129.9,1169.1,2.8,3,5,standard,upi,2026-05-16,0,
ORD007806,CUST00650,PROD003,Home & Lifestyle,1999,0.0,1999.0,4.1,3,1,express,card,2025-10-20,0,
ORD007807,CUST01239,PROD007,Fashion,1299,129.9,1169.1,5.0,3,1,express,cod,2025-09-27,0,
ORD007808,CUST00681,PROD019,Electronics,1299,0.0,1299.0,3.7,0,1,express,card,2025-12-13,0,
ORD007809,CUST00437,PROD006,Books,1299,389.7,909.3,2.3,0,3,standard,card,2026-03-08,1,Changed Mind
ORD007810,CUST00498,PROD018,Books,499,0.0,499.0,3.5,5,6,standard,upi,2026-01-14,0,
ORD007811,CUST01163,PROD008,Home & Lifestyle,1299,0.0,1299.0,3.5,7,1,express,upi,2025-12-09,0,
ORD007812,CUST01680,PROD002,Books,4999,0.0,4999.0,3.4,5,6,standard,card,2025-09-20,1,Late Delivery
ORD007813,CUST01316,PROD006,Books,1299,0.0,1299.0,2.7,4,5,standard,card,2026-04-09,1,Ordered by Mistake
ORD007814,CUST00309,PROD015,Beauty,2999,0.0,2999.0,2.6,3,4,standard,card,2026-06-16,0,
ORD007815,CUST01683,PROD011,Fashion,299,44.85,254.15,2.6,3,5,standard,card,2026-04-27,0,
ORD007816,CUST01555,PROD013,Home & Lifestyle,2999,299.9,2699.1,3.4,0,6,standard,upi,2026-01-21,1,Quality Issues
ORD007817,CUST00314,PROD002,Books,4999,0.0,4999.0,3.4,2,2,express,card,2025-10-20,0,
ORD007818,CUST01452,PROD007,Fashion,1299,129.9,1169.1,4.8,0,6,standard,upi,2025-11-18,0,
ORD007819,CUST01421,PROD005,Fashion,1299,324.75,974.25,3.2,3,1,express,upi,2026-07-24,1,Better Price Elsewhere
ORD007820,CUST01650,PROD012,Beauty,4999,999.8,3999.2,4.3,6,3,standard,card,2026-07-18,1,Damaged/Defective
ORD007821,CUST00338,PROD017,Beauty,299,0.0,299.0,4.6,0,5,standard,card,2026-09-07,1,Quality Issues
ORD007822,CUST00449,PROD001,Beauty,1999,299.85,1699.15,3.0,0,1,express,card,2026-07-21,1,Quality Issues
ORD007823,CUST00675,PROD008,Home & Lifestyle,1299,129.9,1169.1,3.9,0,5,standard,card,2026-09-04,0,
ORD007824,CUST00216,PROD005,Fashion,1299,259.8,1039.2,3.2,1,2,express,card,2025-12-17,1,Ordered by Mistake
ORD007825,CUST00623,PROD010,Fashion,1299,129.9,1169.1,4.8,3,5,standard,card,2025-12-27,0,
ORD007826,CUST00731,PROD008,Home & Lifestyle,1299,129.9,1169.1,3.9,2,4,standard,card,2026-07-14,0,
ORD007827,CUST00682,PROD008,Home & Lifestyle,1299,0.0,1299.0,3.8,2,3,standard,upi,2025-11-16,0,
ORD007828,CUST00371,PROD012,Beauty,4999,749.85,4249.15,4.2,1,2,express,upi,2026-03-16,1,Damaged/Defective
ORD007829,CUST00644,PROD013,Home & Lifestyle,2999,749.75,2249.25,3.4,7,4,standard,cod,2025-10-22,1,Ordered by Mistake
ORD007830,CUST01365,PROD020,Books,4999,999.8,3999.2,2.7,0,4,standard,card,2026-03-13,0,
ORD007831,CUST00564,PROD010,Fashion,1299,0.0,1299.0,4.6,0,5,standard,cod,2026-04-20,0,
ORD007832,CUST00850,PROD020,Books,4999,0.0,4999.0,2.6,0,4,standard,card,2026-07-27,1,Quality Issues
ORD007833,CUST01916,PROD002,Books,4999,999.8,3999.2,3.7,1,6,standard,upi,2026-04-05,1,Better Price Elsewhere
ORD007834,CUST01116,PROD019,Electronics,1299,324.75,974.25,4.0,0,1,express,card,2026-03-03,0,
ORD007835,CUST00622,PROD005,Fashion,1299,194.85,1104.15,3.1,0,3,standard,upi,2026-06-18,0,
ORD007836,CUST00864,PROD007,Fashion,1299,194.85,1104.15,4.5,0,5,standard,cod,2025-12-28,0,
ORD007837,CUST00493,PROD015,Beauty,2999,749.75,2249.25,2.4,0,6,standard,card,2026-01-04,1,Changed Mind
ORD007838,CUST01592,PROD016,Beauty,499,49.9,449.1,3.4,4,3,standard,card,2025-10-05,1,Ordered by Mistake
ORD007839,CUST01267,PROD020,Books,4999,749.85,4249.15,3.0,4,9,economy,upi,2026-05-19,1,Better Price Elsewhere
ORD007840,CUST00491,PROD016,Beauty,499,49.9,449.1,3.7,1,4,standard,upi,2026-03-12,1,Wrong Size
ORD007841,CUST00510,PROD016,Beauty,499,49.9,449.1,3.2,0,2,express,card,2026-01-30,0,
ORD007842,CUST00886,PROD019,Electronics,1299,0.0,1299.0,4.1,6,2,express,card,2026-08-14,0,
ORD007843,CUST01743,PROD005,Fashion,1299,324.75,974.25,3.2,0,4,standard,upi,2026-02-09,1,Late Delivery
ORD007844,CUST01899,PROD020,Books,4999,1999.6,2999.4,2.6,0,11,economy,card,2026-04-13,0,
ORD007845,CUST00983,PROD018,Books,499,74.85,424.15,3.8,0,6,standard,upi,2025-10-23,0,
ORD007846,CUST01851,PROD007,Fashion,1299,194.85,1104.15,4.5,6,6,standard,wallet,2026-08-06,0,
ORD007847,CUST00245,PROD009,Home & Lifestyle,1999,299.85,1699.15,4.1,0,6,standard,card,2025-11-20,0,
ORD007848,CUST01703,PROD020,Books,4999,0.0,4999.0,3.0,1,1,express,cod,2026-08-14,0,
ORD007849,CUST00025,PROD007,Fashion,1299,324.75,974.25,4.6,5,4,standard,card,2026-07-09,0,
ORD007850,CUST00445,PROD014,Beauty,499,0.0,499.0,3.7,0,9,economy,cod,2026-05-07,0,
ORD007851,CUST01975,PROD002,Books,4999,0.0,4999.0,3.6,2,4,standard,cod,2026-05-02,0,
ORD007852,CUST00641,PROD015,Beauty,2999,299.9,2699.1,2.6,0,6,standard,card,2026-08-11,0,
ORD007853,CUST00473,PROD017,Beauty,299,29.9,269.1,4.7,1,2,express,card,2025-12-17,0,
ORD007854,CUST00094,PROD017,Beauty,299,29.9,269.1,4.7,4,6,standard,card,2025-10-12,0,
ORD007855,CUST00465,PROD006,Books,1299,0.0,1299.0,2.4,2,5,standard,card,2026-08-23,0,
ORD007856,CUST01488,PROD003,Home & Lifestyle,1999,399.8,1599.2,4.0,2,6,standard,card,2026-01-07,0,
ORD007857,CUST00185,PROD005,Fashion,1299,0.0,1299.0,2.7,5,9,economy,card,2025-10-27,1,Quality Issues
ORD007858,CUST00825,PROD010,Fashion,1299,324.75,974.25,4.9,6,5,standard,upi,2025-09-11,1,Quality Issues
ORD007859,CUST00652,PROD020,Books,4999,1999.6,2999.4,2.9,3,5,standard,card,2026-01-09,0,
ORD007860,CUST00799,PROD020,Books,4999,499.9,4499.1,2.9,0,6,standard,upi,2026-08-10,1,Damaged/Defective
ORD007861,CUST01480,PROD019,Electronics,1299,259.8,1039.2,4.0,3,1,express,cod,2026-05-23,0,
ORD007862,CUST00311,PROD001,Beauty,1999,0.0,1999.0,2.7,0,5,standard,upi,2025-09-22,1,Product Not as Expected
ORD007863,CUST00189,PROD006,Books,1299,0.0,1299.0,2.9,0,4,standard,card,2026-08-30,0,
ORD007864,CUST01951,PROD004,Books,499,0.0,499.0,4.1,0,5,standard,card,2025-12-31,0,
ORD007865,CUST00524,PROD015,Beauty,2999,0.0,2999.0,2.3,4,3,standard,card,2025-11-29,0,
ORD007866,CUST01134,PROD002,Books,4999,0.0,4999.0,3.5,2,6,standard,card,2026-03-26,0,
ORD007867,CUST01998,PROD009,Home & Lifestyle,1999,199.9,1799.1,4.0,0,2,express,card,2026-08-06,0,
ORD007868,CUST01689,PROD007,Fashion,1299,0.0,1299.0,5.0,6,5,standard,upi,2026-03-12,0,
ORD007869,CUST00424,PROD014,Beauty,499,0.0,499.0,3.5,4,5,standard,card,2025-12-09,0,
ORD007870,CUST01981,PROD007,Fashion,1299,194.85,1104.15,4.9,7,3,standard,cod,2025-10-23,0,
ORD007871,CUST01640,PROD001,Beauty,1999,199.9,1799.1,2.7,0,4,standard,card,2025-10-13,0,
ORD007872,CUST00006,PROD015,Beauty,2999,449.85,2549.15,2.6,7,1,express,card,2026-09-09,0,
ORD007873,CUST01344,PROD020,Books,4999,749.85,4249.15,3.1,2,3,standard,card,2025-10-14,0,
ORD007874,CUST01002,PROD002,Books,4999,499.9,4499.1,3.6,0,3,standard,card,2026-03-24,0,
ORD007875,CUST01016,PROD011,Fashion,299,44.85,254.15,2.2,4,1,express,card,2026-07-10,0,
ORD007876,CUST00149,PROD005,Fashion,1299,389.7,909.3,2.7,3,5,standard,card,2026-01-13,1,Wrong Size
ORD007877,CUST01429,PROD005,Fashion,1299,324.75,974.25,3.1,4,9,economy,card,2026-01-07,1,Ordered by Mistake
ORD007878,CUST00606,PROD016,Beauty,499,149.7,349.3,3.1,0,1,express,wallet,2026-03-21,1,Damaged/Defective
ORD007879,CUST01350,PROD005,Fashion,1299,194.85,1104.15,3.2,2,11,economy,card,2026-08-22,0,
ORD007880,CUST00190,PROD010,Fashion,1299,0.0,1299.0,4.9,3,5,standard,upi,2026-02-05,0,
ORD007881,CUST00966,PROD007,Fashion,1299,0.0,1299.0,4.8,6,5,standard,card,2025-11-30,1,Quality Issues
ORD007882,CUST00444,PROD012,Beauty,4999,499.9,4499.1,4.1,6,5,standard,card,2026-02-09,0,
ORD007883,CUST01451,PROD019,Electronics,1299,0.0,1299.0,3.7,0,4,standard,cod,2026-09-08,0,
ORD007884,CUST00132,PROD008,Home & Lifestyle,1299,129.9,1169.1,3.7,2,2,express,upi,2025-10-21,1,Quality Issues
ORD007885,CUST01210,PROD010,Fashion,1299,259.8,1039.2,5.0,2,5,standard,upi,2026-03-10,0,
ORD007886,CUST01088,PROD008,Home & Lifestyle,1299,129.9,1169.1,3.7,4,2,express,card,2025-09-19,1,Changed Mind
ORD007887,CUST01701,PROD016,Beauty,499,74.85,424.15,3.3,8,2,express,upi,2025-10-14,1,Product Not as Expected
ORD007888,CUST01594,PROD015,Beauty,2999,599.8,2399.2,2.5,0,3,standard,upi,2025-10-31,1,Product Not as Expected
ORD007889,CUST00925,PROD017,Beauty,299,0.0,299.0,4.6,3,4,standard,upi,2026-09-03,1,Quality Issues
ORD007890,CUST01834,PROD015,Beauty,2999,0.0,2999.0,2.6,3,1,express,upi,2026-01-20,1,Late Delivery
ORD007891,CUST01607,PROD012,Beauty,4999,999.8,3999.2,4.3,7,11,economy,cod,2026-06-25,0,
ORD007892,CUST01931,PROD013,Home & Lifestyle,2999,299.9,2699.1,3.6,5,1,express,card,2025-12-28,1,Ordered by Mistake
ORD007893,CUST01052,PROD001,Beauty,1999,599.7,1399.3,2.7,2,6,standard,upi,2025-11-20,1,Product Not as Expected
ORD007894,CUST01588,PROD017,Beauty,299,119.6,179.4,4.8,6,2,express,upi,2026-04-24,0,
ORD007895,CUST01665,PROD009,Home & Lifestyle,1999,499.75,1499.25,4.1,0,5,standard,card,2025-11-22,0,
ORD007896,CUST00739,PROD007,Fashion,1299,259.8,1039.2,4.9,3,6,standard,card,2026-09-06,1,Better Price Elsewhere
ORD007897,CUST01151,PROD004,Books,499,199.6,299.4,4.2,1,1,express,upi,2026-06-29,1,Quality Issues
ORD007898,CUST00778,PROD006,Books,1299,129.9,1169.1,2.3,3,3,standard,cod,2025-11-05,1,Better Price Elsewhere
ORD007899,CUST00123,PROD007,Fashion,1299,129.9,1169.1,4.8,1,4,standard,card,2025-11-05,0,
ORD007900,CUST01928,PROD016,Beauty,499,74.85,424.15,3.5,7,5,standard,card,2025-12-20,1,Wrong Size
ORD007901,CUST01191,PROD009,Home & Lifestyle,1999,0.0,1999.0,3.9,5,1,express,card,2026-07-06,0,
ORD007902,CUST01147,PROD012,Beauty,4999,0.0,4999.0,4.4,1,1,express,card,2026-01-26,0,
ORD007903,CUST01348,PROD016,Beauty,499,0.0,499.0,3.7,8,3,standard,upi,2026-03-09,0,
ORD007904,CUST01112,PROD010,Fashion,1299,324.75,974.25,4.9,0,1,express,card,2026-03-31,1,Quality Issues
ORD007905,CUST00306,PROD011,Fashion,299,59.8,239.2,2.6,3,4,standard,cod,2026-01-20,0,
ORD007906,CUST01305,PROD016,Beauty,499,49.9,449.1,3.5,0,5,standard,card,2026-03-15,1,Ordered by Mistake
ORD007907,CUST01146,PROD002,Books,4999,1249.75,3749.25,3.7,2,10,economy,card,2025-10-14,0,
ORD007908,CUST00738,PROD009,Home & Lifestyle,1999,199.9,1799.1,3.9,1,1,express,upi,2025-12-20,0,
ORD007909,CUST01521,PROD008,Home & Lifestyle,1299,324.75,974.25,3.4,1,3,standard,upi,2025-10-26,0,
ORD007910,CUST01168,PROD015,Beauty,2999,749.75,2249.25,2.9,8,5,standard,card,2026-04-18,0,
ORD007911,CUST01648,PROD003,Home & Lifestyle,1999,0.0,1999.0,3.6,2,2,express,upi,2026-02-02,0,
ORD007912,CUST01057,PROD018,Books,499,99.8,399.2,3.9,3,2,express,upi,2026-01-31,0,
ORD007913,CUST00669,PROD018,Books,499,0.0,499.0,3.6,2,6,standard,upi,2026-02-16,1,Better Price Elsewhere
ORD007914,CUST00329,PROD001,Beauty,1999,399.8,1599.2,2.8,5,2,express,card,2025-10-13,0,
ORD007915,CUST00968,PROD016,Beauty,499,0.0,499.0,3.5,1,5,standard,card,2026-01-24,0,
ORD007916,CUST01081,PROD014,Beauty,499,149.7,349.3,3.4,0,2,express,upi,2025-09-18,0,
ORD007917,CUST00797,PROD019,Electronics,1299,0.0,1299.0,3.9,1,2,express,card,2026-03-05,0,
ORD007918,CUST00361,PROD007,Fashion,1299,129.9,1169.1,4.7,4,1,express,card,2026-04-13,1,Damaged/Defective
ORD007919,CUST01116,PROD009,Home & Lifestyle,1999,299.85,1699.15,3.6,4,5,standard,card,2026-07-04,1,Quality Issues
ORD007920,CUST00376,PROD007,Fashion,1299,259.8,1039.2,4.8,0,1,express,upi,2026-09-01,0,
ORD007921,CUST00067,PROD002,Books,4999,999.8,3999.2,3.2,2,6,standard,card,2025-09-23,0,
ORD007922,CUST01627,PROD006,Books,1299,0.0,1299.0,2.5,0,3,standard,upi,2026-01-16,1,Changed Mind
ORD007923,CUST01551,PROD006,Books,1299,389.7,909.3,2.9,3,2,express,upi,2025-09-10,0,
ORD007924,CUST01520,PROD013,Home & Lifestyle,2999,449.85,2549.15,3.3,1,2,express,card,2026-06-09,0,
ORD007925,CUST01054,PROD003,Home & Lifestyle,1999,199.9,1799.1,4.2,1,11,economy,cod,2026-02-09,0,
ORD007926,CUST01698,PROD019,Electronics,1299,259.8,1039.2,3.8,1,2,express,upi,2026-01-29,0,
ORD007927,CUST00876,PROD014,Beauty,499,99.8,399.2,3.6,4,6,standard,card,2026-05-30,1,Ordered by Mistake
ORD007928,CUST01175,PROD001,Beauty,1999,499.75,1499.25,2.8,0,11,economy,card,2026-06-28,1,Late Delivery
ORD007929,CUST01648,PROD010,Fashion,1299,259.8,1039.2,4.5,0,4,standard,upi,2025-09-12,1,Better Price Elsewhere
ORD007930,CUST00640,PROD002,Books,4999,499.9,4499.1,3.4,0,4,standard,upi,2026-04-18,0,
ORD007931,CUST00879,PROD012,Beauty,4999,0.0,4999.0,4.1,3,6,standard,card,2025-12-30,0,
ORD007932,CUST01081,PROD007,Fashion,1299,194.85,1104.15,4.9,1,4,standard,card,2026-05-09,0,
ORD007933,CUST01147,PROD008,Home & Lifestyle,1299,0.0,1299.0,3.4,0,7,economy,wallet,2026-02-27,0,
ORD007934,CUST01183,PROD005,Fashion,1299,0.0,1299.0,3.0,0,4,standard,card,2026-08-25,0,
ORD007935,CUST01322,PROD011,Fashion,299,29.9,269.1,2.4,1,5,standard,card,2026-02-14,1,Changed Mind
ORD007936,CUST00390,PROD014,Beauty,499,0.0,499.0,3.4,4,6,standard,upi,2026-08-12,1,Better Price Elsewhere
ORD007937,CUST00456,PROD016,Beauty,499,99.8,399.2,3.7,1,6,standard,cod,2026-03-31,0,
ORD007938,CUST00497,PROD014,Beauty,499,0.0,499.0,3.4,2,5,standard,wallet,2025-10-01,0,
ORD007939,CUST00719,PROD017,Beauty,299,59.8,239.2,4.6,1,1,express,cod,2025-12-02,0,
ORD007940,CUST00935,PROD019,Electronics,1299,324.75,974.25,4.1,1,5,standard,card,2026-01-31,0,
ORD007941,CUST00408,PROD010,Fashion,1299,0.0,1299.0,5.0,0,1,express,card,2026-06-30,0,
ORD007942,CUST00351,PROD018,Books,499,99.8,399.2,3.9,1,7,economy,upi,2025-12-28,0,
ORD007943,CUST01150,PROD017,Beauty,299,44.85,254.15,4.7,6,3,standard,upi,2026-05-15,0,
ORD007944,CUST00859,PROD015,Beauty,2999,0.0,2999.0,2.7,0,5,standard,cod,2026-05-23,1,Product Not as Expected
ORD007945,CUST01664,PROD008,Home & Lifestyle,1299,0.0,1299.0,3.9,0,6,standard,card,2026-03-04,1,Damaged/Defective
ORD007946,CUST01944,PROD001,Beauty,1999,0.0,1999.0,2.9,1,1,express,wallet,2026-02-07,1,Quality Issues
ORD007947,CUST00342,PROD009,Home & Lifestyle,1999,399.8,1599.2,3.9,0,3,standard,card,2025-12-22,0,
ORD007948,CUST01988,PROD011,Fashion,299,74.75,224.25,2.5,1,5,standard,card,2026-03-29,0,
ORD007949,CUST01495,PROD003,Home & Lifestyle,1999,199.9,1799.1,4.0,1,5,standard,card,2025-10-22,1,Changed Mind
ORD007950,CUST00924,PROD006,Books,1299,0.0,1299.0,2.4,2,5,standard,upi,2025-12-24,1,Damaged/Defective
ORD007951,CUST01022,PROD014,Beauty,499,49.9,449.1,3.8,1,4,standard,upi,2025-10-08,0,
ORD007952,CUST00671,PROD013,Home & Lifestyle,2999,449.85,2549.15,3.4,4,6,standard,card,2025-12-21,0,
ORD007953,CUST01061,PROD020,Books,4999,499.9,4499.1,2.9,2,1,express,card,2026-09-02,0,
ORD007954,CUST01856,PROD018,Books,499,49.9,449.1,3.4,8,1,express,card,2026-07-15,0,
ORD007955,CUST00623,PROD008,Home & Lifestyle,1299,324.75,974.25,3.6,3,3,standard,upi,2026-07-02,1,Wrong Size
ORD007956,CUST00835,PROD003,Home & Lifestyle,1999,0.0,1999.0,3.7,0,7,economy,card,2026-06-17,0,
ORD007957,CUST00869,PROD001,Beauty,1999,599.7,1399.3,3.0,0,3,standard,upi,2025-11-30,1,Wrong Size
ORD007958,CUST00604,PROD020,Books,4999,999.8,3999.2,2.9,6,2,express,upi,2026-07-20,0,
ORD007959,CUST00719,PROD014,Beauty,499,99.8,399.2,3.7,3,6,standard,upi,2026-02-17,0,
ORD007960,CUST00095,PROD020,Books,4999,1249.75,3749.25,2.7,0,2,express,upi,2026-01-11,1,Changed Mind
ORD007961,CUST01902,PROD017,Beauty,299,29.9,269.1,4.4,4,4,standard,cod,2025-10-16,0,
ORD007962,CUST00311,PROD011,Fashion,299,0.0,299.0,2.7,0,2,express,card,2026-06-05,0,
ORD007963,CUST01205,PROD017,Beauty,299,0.0,299.0,4.9,0,4,standard,cod,2026-01-27,0,
ORD007964,CUST01702,PROD009,Home & Lifestyle,1999,0.0,1999.0,3.7,0,3,standard,upi,2025-10-28,0,
ORD007965,CUST00045,PROD015,Beauty,2999,0.0,2999.0,2.9,1,2,express,card,2026-08-26,0,
ORD007966,CUST00721,PROD012,Beauty,4999,1999.6,2999.4,3.8,1,4,standard,card,2026-07-12,1,Late Delivery
ORD007967,CUST01948,PROD009,Home & Lifestyle,1999,0.0,1999.0,4.2,0,3,standard,upi,2026-03-30,1,Ordered by Mistake
ORD007968,CUST00988,PROD004,Books,499,0.0,499.0,4.5,3,6,standard,cod,2026-03-18,1,Changed Mind
ORD007969,CUST01781,PROD013,Home & Lifestyle,2999,299.9,2699.1,3.6,2,1,express,card,2025-11-09,0,
ORD007970,CUST01365,PROD010,Fashion,1299,194.85,1104.15,5.0,6,3,standard,card,2026-07-10,1,Damaged/Defective
ORD007971,CUST01115,PROD009,Home & Lifestyle,1999,0.0,1999.0,3.7,2,10,economy,card,2026-04-14,0,
ORD007972,CUST01872,PROD010,Fashion,1299,194.85,1104.15,4.4,0,1,express,card,2025-09-25,1,Late Delivery
ORD007973,CUST01373,PROD004,Books,499,0.0,499.0,4.2,0,3,standard,upi,2025-11-13,1,Better Price Elsewhere
ORD007974,CUST01807,PROD020,Books,4999,1999.6,2999.4,3.0,2,9,economy,card,2026-01-06,0,
ORD007975,CUST00714,PROD011,Fashion,299,59.8,239.2,2.6,2,6,standard,card,2026-08-25,0,
ORD007976,CUST00648,PROD005,Fashion,1299,0.0,1299.0,3.0,7,3,standard,card,2025-11-14,1,Late Delivery
ORD007977,CUST00959,PROD020,Books,4999,999.8,3999.2,2.9,0,6,standard,cod,2025-11-26,0,
ORD007978,CUST01852,PROD018,Books,499,124.75,374.25,3.9,2,4,standard,cod,2026-02-25,0,
ORD007979,CUST01220,PROD009,Home & Lifestyle,1999,299.85,1699.15,4.1,2,2,express,card,2026-06-18,0,
ORD007980,CUST01360,PROD005,Fashion,1299,129.9,1169.1,2.7,0,4,standard,upi,2026-07-17,0,
ORD007981,CUST00223,PROD013,Home & Lifestyle,2999,449.85,2549.15,3.2,2,2,express,card,2026-08-04,0,
ORD007982,CUST01359,PROD018,Books,499,49.9,449.1,3.6,9,5,standard,cod,2026-05-25,0,
ORD007983,CUST00314,PROD014,Beauty,499,49.9,449.1,3.5,0,1,express,card,2026-06-04,0,
ORD007984,CUST01303,PROD020,Books,4999,749.85,4249.15,2.7,0,6,standard,wallet,2026-01-28,0,
ORD007985,CUST00099,PROD001,Beauty,1999,499.75,1499.25,2.7,4,4,standard,upi,2025-10-31,0,
ORD007986,CUST00437,PROD011,Fashion,299,89.7,209.3,2.5,0,1,express,upi,2026-01-18,0,
ORD007987,CUST00599,PROD012,Beauty,4999,749.85,4249.15,4.2,5,5,standard,card,2026-02-12,1,Better Price Elsewhere
ORD007988,CUST00403,PROD010,Fashion,1299,0.0,1299.0,4.5,5,4,standard,card,2026-05-25,0,
ORD007989,CUST00082,PROD019,Electronics,1299,129.9,1169.1,4.1,1,6,standard,cod,2026-07-03,0,
ORD007990,CUST01862,PROD012,Beauty,4999,1249.75,3749.25,3.9,6,6,standard,card,2026-06-22,0,
ORD007991,CUST00450,PROD019,Electronics,1299,194.85,1104.15,3.8,6,4,standard,card,2026-01-22,1,Wrong Size
ORD007992,CUST00316,PROD001,Beauty,1999,299.85,1699.15,2.6,1,4,standard,card,2026-04-07,0,
ORD007993,CUST00978,PROD009,Home & Lifestyle,1999,299.85,1699.15,3.9,2,6,standard,upi,2025-11-26,1,Better Price Elsewhere
ORD007994,CUST00473,PROD012,Beauty,4999,0.0,4999.0,3.9,3,1,express,upi,2026-07-21,0,
ORD007995,CUST00691,PROD003,Home & Lifestyle,1999,199.9,1799.1,3.7,0,8,economy,upi,2026-04-16,0,
ORD007996,CUST00507,PROD002,Books,4999,0.0,4999.0,3.6,1,3,standard,card,2026-05-01,0,
ORD007997,CUST00488,PROD014,Beauty,499,74.85,424.15,3.7,8,3,standard,card,2026-07-29,0,
ORD007998,CUST00533,PROD012,Beauty,4999,0.0,4999.0,4.1,2,2,express,card,2026-04-01,0,
ORD007999,CUST00670,PROD010,Fashion,1299,0.0,1299.0,4.6,1,11,economy,upi,2025-10-02,0,
ORD008000,CUST01300,PROD006,Books,1299,324.75,974.25,2.4,7,2,express,card,2026-05-30,0,
ORD008001,CUST01420,PROD006,Books,1299,0.0,1299.0,2.8,1,2,express,card,2026-04-10,0,
ORD008002,CUST01029,PROD006,Books,1299,519.6,779.4,2.5,0,4,standard,cod,2025-12-09,0,
ORD008003,CUST00309,PROD012,Beauty,4999,0.0,4999.0,4.4,6,6,standard,card,2025-11-03,0,
ORD008004,CUST00167,PROD015,Beauty,2999,299.9,2699.1,2.7,2,5,standard,card,2025-11-14,0,
ORD008005,CUST01426,PROD017,Beauty,299,0.0,299.0,4.6,5,6,standard,card,2025-11-20,0,
ORD008006,CUST01429,PROD018,Books,499,49.9,449.1,3.7,7,4,standard,card,2025-10-21,0,
ORD008007,CUST01730,PROD007,Fashion,1299,129.9,1169.1,4.6,1,5,standard,upi,2026-07-21,0,
ORD008008,CUST01547,PROD015,Beauty,2999,0.0,2999.0,2.8,0,2,express,card,2025-12-15,0,
ORD008009,CUST01972,PROD001,Beauty,1999,299.85,1699.15,2.8,2,5,standard,cod,2026-07-20,1,Changed Mind
ORD008010,CUST01211,PROD002,Books,4999,1999.6,2999.4,3.7,0,4,standard,card,2026-06-25,0,
ORD008011,CUST01119,PROD016,Beauty,499,74.85,424.15,3.5,0,6,standard,wallet,2026-01-26,0,
ORD008012,CUST00311,PROD012,Beauty,4999,999.8,3999.2,4.0,0,6,standard,card,2025-09-15,0,
ORD008013,CUST01660,PROD002,Books,4999,0.0,4999.0,3.7,0,3,standard,card,2026-06-11,0,
ORD008014,CUST01065,PROD001,Beauty,1999,199.9,1799.1,3.1,6,4,standard,card,2026-08-05,0,
ORD008015,CUST01226,PROD020,Books,4999,0.0,4999.0,3.2,1,4,standard,card,2026-05-31,1,Late Delivery
ORD008016,CUST00925,PROD010,Fashion,1299,0.0,1299.0,4.6,6,5,standard,card,2025-11-12,1,Changed Mind
ORD008017,CUST00761,PROD012,Beauty,4999,499.9,4499.1,3.9,2,3,standard,card,2026-03-06,0,
ORD008018,CUST01185,PROD005,Fashion,1299,194.85,1104.15,3.0,0,6,standard,card,2025-12-23,0,
ORD008019,CUST01364,PROD007,Fashion,1299,194.85,1104.15,4.9,2,1,express,cod,2026-08-08,0,
ORD008020,CUST00879,PROD011,Fashion,299,44.85,254.15,2.5,1,3,standard,card,2026-04-23,0,
ORD008021,CUST01226,PROD007,Fashion,1299,194.85,1104.15,4.5,3,3,standard,card,2026-07-27,1,Better Price Elsewhere
ORD008022,CUST01442,PROD017,Beauty,299,29.9,269.1,4.8,0,3,standard,card,2026-01-17,1,Product Not as Expected
ORD008023,CUST01523,PROD009,Home & Lifestyle,1999,0.0,1999.0,3.9,1,6,standard,cod,2025-12-01,0,
ORD008024,CUST01366,PROD010,Fashion,1299,194.85,1104.15,4.8,0,1,express,card,2026-04-05,0,
ORD008025,CUST01882,PROD013,Home & Lifestyle,2999,0.0,2999.0,3.3,1,10,economy,card,2025-10-22,0,
ORD008026,CUST00319,PROD008,Home & Lifestyle,1299,0.0,1299.0,3.7,7,1,express,card,2025-12-15,0,
ORD008027,CUST01834,PROD008,Home & Lifestyle,1299,324.75,974.25,3.5,1,1,express,upi,2026-07-05,0,
ORD008028,CUST00385,PROD016,Beauty,499,99.8,399.2,3.2,1,6,standard,card,2026-03-01,0,
ORD008029,CUST00494,PROD017,Beauty,299,29.9,269.1,4.8,3,5,standard,upi,2026-08-20,1,Product Not as Expected
ORD008030,CUST00442,PROD007,Fashion,1299,259.8,1039.2,4.6,5,6,standard,cod,2025-09-11,0,
ORD008031,CUST00005,PROD020,Books,4999,749.85,4249.15,3.0,1,6,standard,card,2025-10-13,0,
ORD008032,CUST01219,PROD005,Fashion,1299,0.0,1299.0,2.6,1,4,standard,upi,2026-04-06,0,
ORD008033,CUST00107,PROD015,Beauty,2999,0.0,2999.0,2.8,4,1,express,wallet,2025-09-18,0,
ORD008034,CUST01986,PROD018,Books,499,99.8,399.2,3.4,1,2,express,wallet,2026-08-27,0,
ORD008035,CUST01964,PROD004,Books,499,74.85,424.15,4.2,1,8,economy,card,2026-04-08,0,
ORD008036,CUST01575,PROD002,Books,4999,499.9,4499.1,3.6,5,1,express,wallet,2026-04-09,0,
ORD008037,CUST00355,PROD008,Home & Lifestyle,1299,129.9,1169.1,3.5,1,2,express,card,2026-07-21,1,Changed Mind
ORD008038,CUST00810,PROD014,Beauty,499,124.75,374.25,3.7,6,4,standard,card,2025-11-05,0,
ORD008039,CUST01291,PROD010,Fashion,1299,324.75,974.25,4.8,4,4,standard,card,2026-02-08,1,Better Price Elsewhere
ORD008040,CUST00803,PROD005,Fashion,1299,389.7,909.3,3.0,2,11,economy,card,2026-02-23,1,Damaged/Defective
ORD008041,CUST00007,PROD020,Books,4999,749.85,4249.15,2.8,0,1,express,upi,2025-10-13,0,
ORD008042,CUST00094,PROD012,Beauty,4999,0.0,4999.0,4.1,2,3,standard,card,2026-02-26,1,Product Not as Expected
ORD008043,CUST00041,PROD007,Fashion,1299,194.85,1104.15,4.9,3,1,express,card,2025-10-14,1,Late Delivery
ORD008044,CUST00232,PROD001,Beauty,1999,399.8,1599.2,3.1,0,1,express,upi,2026-06-19,0,
ORD008045,CUST00522,PROD017,Beauty,299,59.8,239.2,4.6,1,6,standard,upi,2025-09-14,0,
ORD008046,CUST01495,PROD018,Books,499,49.9,449.1,3.9,3,1,express,upi,2026-04-19,0,
ORD008047,CUST01844,PROD001,Beauty,1999,0.0,1999.0,3.0,0,5,standard,upi,2026-02-01,0,
ORD008048,CUST00225,PROD008,Home & Lifestyle,1299,389.7,909.3,3.4,2,2,express,cod,2026-04-30,1,Changed Mind
ORD008049,CUST00249,PROD003,Home & Lifestyle,1999,799.6,1199.4,3.8,0,3,standard,card,2026-04-24,0,
ORD008050,CUST00478,PROD017,Beauty,299,74.75,224.25,4.5,0,3,standard,cod,2026-01-16,1,Ordered by Mistake
ORD008051,CUST00899,PROD013,Home & Lifestyle,2999,449.85,2549.15,3.5,1,4,standard,upi,2025-12-06,1,Better Price Elsewhere
ORD008052,CUST00458,PROD005,Fashion,1299,194.85,1104.15,2.7,0,9,economy,cod,2026-01-14,0,
ORD008053,CUST01412,PROD016,Beauty,499,0.0,499.0,3.5,3,6,standard,wallet,2026-05-26,0,
ORD008054,CUST00591,PROD014,Beauty,499,49.9,449.1,3.3,3,6,standard,card,2026-01-21,0,
ORD008055,CUST00962,PROD003,Home & Lifestyle,1999,399.8,1599.2,3.8,6,2,express,card,2026-06-13,1,Changed Mind
ORD008056,CUST01599,PROD004,Books,499,124.75,374.25,4.1,8,1,express,card,2025-11-25,0,
ORD008057,CUST01376,PROD008,Home & Lifestyle,1299,0.0,1299.0,3.9,0,4,standard,card,2026-07-30,0,
ORD008058,CUST01552,PROD002,Books,4999,1249.75,3749.25,3.7,0,6,standard,wallet,2026-09-05,0,
ORD008059,CUST00072,PROD016,Beauty,499,124.75,374.25,3.3,2,2,express,upi,2026-02-23,1,Late Delivery
ORD008060,CUST00650,PROD001,Beauty,1999,799.6,1199.4,2.8,0,4,standard,upi,2025-12-11,0,
ORD008061,CUST00149,PROD007,Fashion,1299,129.9,1169.1,4.5,0,2,express,upi,2025-12-06,0,
ORD008062,CUST01989,PROD005,Fashion,1299,129.9,1169.1,2.8,2,3,standard,card,2026-01-11,0,
ORD008063,CUST00107,PROD018,Books,499,199.6,299.4,3.6,2,1,express,card,2026-03-23,1,Ordered by Mistake
ORD008064,CUST00389,PROD003,Home & Lifestyle,1999,399.8,1599.2,4.2,5,9,economy,card,2026-05-18,0,
ORD008065,CUST01853,PROD018,Books,499,74.85,424.15,3.7,3,2,express,wallet,2025-10-10,1,Ordered by Mistake
ORD008066,CUST01893,PROD005,Fashion,1299,0.0,1299.0,2.7,0,9,economy,card,2026-08-29,1,Quality Issues
ORD008067,CUST00107,PROD018,Books,499,124.75,374.25,3.6,0,3,standard,upi,2026-07-28,1,Damaged/Defective
ORD008068,CUST00571,PROD017,Beauty,299,0.0,299.0,4.9,1,4,standard,card,2026-07-21,0,
ORD008069,CUST01830,PROD001,Beauty,1999,0.0,1999.0,3.1,5,1,express,card,2026-05-23,1,Quality Issues
ORD008070,CUST00345,PROD009,Home & Lifestyle,1999,399.8,1599.2,3.7,2,2,express,card,2026-06-03,0,
ORD008071,CUST00072,PROD001,Beauty,1999,399.8,1599.2,3.1,0,2,express,card,2026-02-09,0,
ORD008072,CUST00224,PROD014,Beauty,499,0.0,499.0,3.7,0,3,standard,card,2026-08-24,0,
ORD008073,CUST01498,PROD003,Home & Lifestyle,1999,799.6,1199.4,3.7,1,3,standard,upi,2025-10-28,1,Late Delivery
ORD008074,CUST00652,PROD013,Home & Lifestyle,2999,599.8,2399.2,3.6,1,4,standard,upi,2026-01-05,0,
ORD008075,CUST01029,PROD007,Fashion,1299,259.8,1039.2,4.6,0,2,express,card,2026-03-27,0,
ORD008076,CUST00755,PROD020,Books,4999,999.8,3999.2,2.8,0,5,standard,upi,2026-06-24,0,
ORD008077,CUST01654,PROD013,Home & Lifestyle,2999,749.75,2249.25,3.6,0,1,express,card,2026-05-30,0,
ORD008078,CUST00265,PROD006,Books,1299,194.85,1104.15,2.4,5,4,standard,card,2025-11-09,1,Damaged/Defective
ORD008079,CUST01173,PROD012,Beauty,4999,749.85,4249.15,4.0,3,6,standard,upi,2026-02-28,1,Late Delivery
ORD008080,CUST00585,PROD019,Electronics,1299,194.85,1104.15,3.7,0,3,standard,upi,2026-04-18,0,
ORD008081,CUST00149,PROD001,Beauty,1999,399.8,1599.2,2.7,1,2,express,wallet,2026-06-06,1,Product Not as Expected
ORD008082,CUST01639,PROD015,Beauty,2999,299.9,2699.1,2.6,0,4,standard,upi,2025-11-25,0,
ORD008083,CUST00276,PROD016,Beauty,499,0.0,499.0,3.3,0,4,standard,card,2026-06-22,0,
ORD008084,CUST01057,PROD002,Books,4999,999.8,3999.2,3.4,4,1,express,card,2026-01-04,1,Late Delivery
ORD008085,CUST01828,PROD016,Beauty,499,0.0,499.0,3.4,0,6,standard,wallet,2025-12-27,1,Wrong Size
ORD008086,CUST00868,PROD011,Fashion,299,44.85,254.15,2.5,0,1,express,card,2026-03-12,0,
ORD008087,CUST01083,PROD013,Home & Lifestyle,2999,0.0,2999.0,3.6,2,6,standard,cod,2025-12-06,0,
ORD008088,CUST00432,PROD014,Beauty,499,49.9,449.1,3.8,6,2,express,upi,2026-07-02,0,
ORD008089,CUST01804,PROD008,Home & Lifestyle,1299,0.0,1299.0,3.5,4,4,standard,card,2026-02-06,0,
ORD008090,CUST01316,PROD020,Books,4999,0.0,4999.0,3.2,0,6,standard,card,2026-08-23,0,
ORD008091,CUST00108,PROD017,Beauty,299,0.0,299.0,4.7,1,9,economy,card,2026-08-17,0,
ORD008092,CUST01922,PROD010,Fashion,1299,0.0,1299.0,4.6,0,2,express,card,2025-12-08,1,Late Delivery
ORD008093,CUST01027,PROD009,Home & Lifestyle,1999,399.8,1599.2,4.1,7,8,economy,card,2026-07-17,0,
ORD008094,CUST00531,PROD018,Books,499,99.8,399.2,4.0,0,3,standard,cod,2026-06-03,1,Changed Mind
ORD008095,CUST01464,PROD013,Home & Lifestyle,2999,299.9,2699.1,3.2,5,1,express,upi,2026-02-24,0,
ORD008096,CUST00214,PROD016,Beauty,499,0.0,499.0,3.4,5,3,standard,card,2026-06-09,0,
ORD008097,CUST00746,PROD001,Beauty,1999,199.9,1799.1,2.6,1,3,standard,card,2026-06-15,0,
ORD008098,CUST01845,PROD007,Fashion,1299,259.8,1039.2,4.7,1,2,express,card,2025-11-02,0,
ORD008099,CUST01160,PROD008,Home & Lifestyle,1299,259.8,1039.2,3.6,2,3,standard,upi,2026-01-27,0,
ORD008100,CUST01071,PROD008,Home & Lifestyle,1299,259.8,1039.2,3.7,0,5,standard,upi,2026-05-29,0,
ORD008101,CUST01550,PROD016,Beauty,499,49.9,449.1,3.4,1,5,standard,card,2025-10-22,0,
ORD008102,CUST00158,PROD003,Home & Lifestyle,1999,0.0,1999.0,3.9,5,5,standard,card,2025-10-07,0,
ORD008103,CUST00486,PROD016,Beauty,499,0.0,499.0,3.3,0,4,standard,upi,2025-12-30,0,
ORD008104,CUST01151,PROD017,Beauty,299,74.75,224.25,4.7,1,4,standard,cod,2025-11-29,0,
ORD008105,CUST00285,PROD020,Books,4999,1999.6,2999.4,3.0,2,4,standard,card,2026-07-12,1,Damaged/Defective
ORD008106,CUST00590,PROD012,Beauty,4999,999.8,3999.2,4.1,6,4,standard,card,2025-11-20,0,
ORD008107,CUST00309,PROD011,Fashion,299,59.8,239.2,2.6,2,3,standard,card,2026-04-22,0,
ORD008108,CUST01438,PROD012,Beauty,4999,999.8,3999.2,4.1,0,3,standard,upi,2025-09-14,0,
ORD008109,CUST00391,PROD001,Beauty,1999,199.9,1799.1,2.7,4,2,express,card,2025-09-26,0,
ORD008110,CUST01176,PROD002,Books,4999,0.0,4999.0,3.6,0,1,express,card,2025-12-30,0,
ORD008111,CUST01734,PROD020,Books,4999,1249.75,3749.25,3.2,4,3,standard,card,2026-08-19,0,
ORD008112,CUST01155,PROD014,Beauty,499,99.8,399.2,3.4,6,4,standard,card,2026-08-21,1,Changed Mind
ORD008113,CUST01740,PROD016,Beauty,499,0.0,499.0,3.1,0,1,express,upi,2026-01-03,0,
ORD008114,CUST00466,PROD010,Fashion,1299,0.0,1299.0,4.6,0,8,economy,upi,2026-05-03,1,Changed Mind
ORD008115,CUST01654,PROD008,Home & Lifestyle,1299,194.85,1104.15,3.9,2,4,standard,upi,2025-11-02,0,
ORD008116,CUST01255,PROD004,Books,499,124.75,374.25,4.3,2,3,standard,upi,2025-09-15,0,
ORD008117,CUST01944,PROD013,Home & Lifestyle,2999,0.0,2999.0,3.5,1,3,standard,card,2026-02-28,0,
ORD008118,CUST01453,PROD002,Books,4999,0.0,4999.0,3.7,1,1,express,upi,2025-11-29,0,
ORD008119,CUST01977,PROD018,Books,499,0.0,499.0,3.8,3,1,express,card,2026-04-23,0,
ORD008120,CUST00789,PROD016,Beauty,499,124.75,374.25,3.6,0,3,standard,card,2026-02-05,0,
ORD008121,CUST00457,PROD020,Books,4999,999.8,3999.2,2.8,4,11,economy,card,2026-05-08,1,Ordered by Mistake
ORD008122,CUST01148,PROD010,Fashion,1299,0.0,1299.0,4.5,1,3,standard,upi,2025-11-04,0,
ORD008123,CUST01387,PROD010,Fashion,1299,0.0,1299.0,4.9,7,6,standard,card,2026-07-16,1,Changed Mind
ORD008124,CUST01485,PROD012,Beauty,4999,749.85,4249.15,4.3,0,6,standard,card,2026-08-11,1,Damaged/Defective
ORD008125,CUST00573,PROD006,Books,1299,129.9,1169.1,2.5,4,5,standard,card,2026-04-19,1,Quality Issues
ORD008126,CUST01147,PROD016,Beauty,499,0.0,499.0,3.2,0,4,standard,upi,2025-12-11,0,
ORD008127,CUST01808,PROD012,Beauty,4999,0.0,4999.0,4.1,3,6,standard,card,2025-12-28,0,
ORD008128,CUST01300,PROD013,Home & Lifestyle,2999,299.9,2699.1,3.3,1,6,standard,upi,2026-03-11,0,
ORD008129,CUST01056,PROD002,Books,4999,749.85,4249.15,3.6,1,3,standard,card,2026-01-26,0,
ORD008130,CUST01025,PROD005,Fashion,1299,0.0,1299.0,2.7,3,4,standard,card,2026-03-12,0,
ORD008131,CUST00846,PROD011,Fashion,299,0.0,299.0,2.7,0,1,express,card,2026-07-13,0,
ORD008132,CUST00398,PROD006,Books,1299,0.0,1299.0,2.5,3,1,express,card,2025-09-23,0,
ORD008133,CUST01283,PROD008,Home & Lifestyle,1299,129.9,1169.1,3.4,2,6,standard,upi,2025-11-11,0,
ORD008134,CUST00223,PROD015,Beauty,2999,0.0,2999.0,2.4,0,2,express,card,2025-12-09,0,
ORD008135,CUST00845,PROD002,Books,4999,0.0,4999.0,3.6,0,1,express,card,2025-11-01,1,Damaged/Defective
ORD008136,CUST00205,PROD015,Beauty,2999,0.0,2999.0,2.6,0,1,express,card,2025-11-19,1,Wrong Size
ORD008137,CUST01442,PROD018,Books,499,199.6,299.4,3.8,3,11,economy,card,2026-06-30,1,Better Price Elsewhere
ORD008138,CUST00747,PROD016,Beauty,499,99.8,399.2,3.5,3,6,standard,card,2026-04-23,0,
ORD008139,CUST01965,PROD019,Electronics,1299,324.75,974.25,3.8,1,5,standard,card,2025-10-25,0,
ORD008140,CUST01597,PROD002,Books,4999,0.0,4999.0,3.4,0,2,express,wallet,2026-07-28,0,
ORD008141,CUST01965,PROD014,Beauty,499,0.0,499.0,3.4,3,10,economy,card,2026-03-27,0,
ORD008142,CUST01573,PROD018,Books,499,49.9,449.1,3.7,0,2,express,card,2025-10-23,1,Product Not as Expected
ORD008143,CUST01972,PROD012,Beauty,4999,749.85,4249.15,4.0,4,8,economy,upi,2026-06-18,0,
ORD008144,CUST00024,PROD009,Home & Lifestyle,1999,199.9,1799.1,4.0,1,1,express,cod,2025-11-26,0,
ORD008145,CUST01361,PROD020,Books,4999,0.0,4999.0,2.7,0,5,standard,card,2026-01-25,0,
ORD008146,CUST01542,PROD014,Beauty,499,124.75,374.25,3.3,4,4,standard,card,2026-02-07,1,Changed Mind
ORD008147,CUST00778,PROD004,Books,499,0.0,499.0,4.5,0,1,express,cod,2026-03-20,0,
ORD008148,CUST00228,PROD001,Beauty,1999,299.85,1699.15,3.2,0,2,express,card,2026-06-02,0,
ORD008149,CUST01582,PROD001,Beauty,1999,299.85,1699.15,2.7,3,5,standard,upi,2026-01-23,0,
ORD008150,CUST01255,PROD018,Books,499,74.85,424.15,3.9,1,1,express,card,2026-06-16,0,
ORD008151,CUST00176,PROD019,Electronics,1299,389.7,909.3,3.8,0,5,standard,wallet,2026-07-21,0,
ORD008152,CUST01540,PROD005,Fashion,1299,129.9,1169.1,3.0,1,8,economy,upi,2025-12-04,0,
ORD008153,CUST00145,PROD019,Electronics,1299,389.7,909.3,3.7,2,4,standard,card,2026-08-16,0,
ORD008154,CUST00358,PROD001,Beauty,1999,0.0,1999.0,3.0,0,6,standard,cod,2026-06-01,0,
ORD008155,CUST00062,PROD002,Books,4999,1249.75,3749.25,3.7,0,5,standard,card,2025-09-12,0,
ORD008156,CUST01975,PROD001,Beauty,1999,399.8,1599.2,3.0,1,4,standard,card,2026-04-01,1,Better Price Elsewhere
ORD008157,CUST00339,PROD001,Beauty,1999,299.85,1699.15,3.0,1,4,standard,card,2025-10-19,0,
ORD008158,CUST00276,PROD017,Beauty,299,74.75,224.25,4.4,2,6,standard,card,2026-04-22,1,Quality Issues
ORD008159,CUST01664,PROD003,Home & Lifestyle,1999,599.7,1399.3,3.7,6,2,express,upi,2026-05-08,0,
ORD008160,CUST01893,PROD007,Fashion,1299,0.0,1299.0,4.6,0,2,express,wallet,2026-08-25,0,
ORD008161,CUST01042,PROD003,Home & Lifestyle,1999,0.0,1999.0,4.0,0,3,standard,upi,2025-10-17,0,
ORD008162,CUST00571,PROD012,Beauty,4999,999.8,3999.2,4.2,0,6,standard,upi,2026-08-23,0,
ORD008163,CUST00383,PROD010,Fashion,1299,259.8,1039.2,4.9,7,3,standard,card,2026-09-03,1,Better Price Elsewhere
ORD008164,CUST00169,PROD018,Books,499,49.9,449.1,3.6,1,5,standard,upi,2025-11-22,0,
ORD008165,CUST01399,PROD017,Beauty,299,44.85,254.15,4.4,3,4,standard,wallet,2026-08-04,1,Late Delivery
ORD008166,CUST01155,PROD009,Home & Lifestyle,1999,199.9,1799.1,3.9,1,3,standard,card,2025-12-20,0,
ORD008167,CUST01014,PROD005,Fashion,1299,259.8,1039.2,3.1,5,3,standard,card,2025-12-26,0,
ORD008168,CUST00402,PROD014,Beauty,499,0.0,499.0,3.5,2,5,standard,card,2025-11-08,0,
ORD008169,CUST01359,PROD020,Books,4999,749.85,4249.15,2.6,0,5,standard,upi,2025-09-28,0,
ORD008170,CUST00397,PROD005,Fashion,1299,259.8,1039.2,2.8,1,5,standard,card,2025-11-10,0,
ORD008171,CUST01722,PROD011,Fashion,299,74.75,224.25,2.3,0,3,standard,upi,2026-07-05,0,
ORD008172,CUST01538,PROD017,Beauty,299,74.75,224.25,4.7,4,5,standard,card,2026-02-25,0,
ORD008173,CUST00282,PROD008,Home & Lifestyle,1299,129.9,1169.1,3.6,1,5,standard,upi,2026-07-28,0,
ORD008174,CUST00419,PROD005,Fashion,1299,0.0,1299.0,2.9,0,2,express,cod,2026-05-07,1,Product Not as Expected
ORD008175,CUST00915,PROD013,Home & Lifestyle,2999,299.9,2699.1,3.2,5,3,standard,cod,2026-06-27,0,
ORD008176,CUST00143,PROD012,Beauty,4999,0.0,4999.0,4.0,1,1,express,card,2026-06-22,0,
ORD008177,CUST00359,PROD015,Beauty,2999,0.0,2999.0,2.8,2,8,economy,upi,2025-12-23,1,Quality Issues
ORD008178,CUST00973,PROD014,Beauty,499,99.8,399.2,3.7,4,3,standard,card,2026-03-25,0,
ORD008179,CUST00460,PROD007,Fashion,1299,0.0,1299.0,4.8,3,2,express,card,2026-05-29,0,
ORD008180,CUST01967,PROD009,Home & Lifestyle,1999,499.75,1499.25,3.8,1,4,standard,card,2026-06-10,0,
ORD008181,CUST01103,PROD018,Books,499,49.9,449.1,3.9,2,2,express,upi,2026-03-07,0,
ORD008182,CUST01389,PROD017,Beauty,299,0.0,299.0,4.9,1,5,standard,card,2026-08-07,0,
ORD008183,CUST01971,PROD009,Home & Lifestyle,1999,199.9,1799.1,4.1,3,3,standard,cod,2026-07-18,1,Product Not as Expected
ORD008184,CUST01363,PROD008,Home & Lifestyle,1299,194.85,1104.15,3.7,5,3,standard,card,2026-08-16,0,
ORD008185,CUST00924,PROD002,Books,4999,0.0,4999.0,3.3,7,5,standard,card,2026-06-06,1,Quality Issues
ORD008186,CUST00583,PROD015,Beauty,2999,299.9,2699.1,2.6,7,4,standard,cod,2026-08-13,1,Better Price Elsewhere
ORD008187,CUST00693,PROD001,Beauty,1999,799.6,1199.4,2.7,1,2,express,upi,2025-11-12,1,Product Not as Expected
ORD008188,CUST00593,PROD008,Home & Lifestyle,1299,194.85,1104.15,3.8,0,4,standard,card,2025-11-02,1,Product Not as Expected
ORD008189,CUST01806,PROD018,Books,499,49.9,449.1,3.9,1,2,express,card,2026-06-29,0,
ORD008190,CUST01749,PROD017,Beauty,299,59.8,239.2,4.5,1,3,standard,upi,2026-02-19,0,
ORD008191,CUST01125,PROD017,Beauty,299,29.9,269.1,4.8,0,6,standard,upi,2026-05-02,1,Late Delivery
ORD008192,CUST01139,PROD002,Books,4999,1249.75,3749.25,3.4,1,6,standard,cod,2026-07-31,0,
ORD008193,CUST00315,PROD011,Fashion,299,0.0,299.0,2.3,0,4,standard,card,2025-10-12,0,
ORD008194,CUST00390,PROD001,Beauty,1999,0.0,1999.0,2.7,8,6,standard,upi,2026-07-11,0,
ORD008195,CUST01380,PROD002,Books,4999,749.85,4249.15,3.6,4,5,standard,upi,2026-06-11,0,
ORD008196,CUST00420,PROD001,Beauty,1999,299.85,1699.15,3.0,2,3,standard,upi,2026-05-08,1,Ordered by Mistake
ORD008197,CUST01217,PROD020,Books,4999,749.85,4249.15,3.1,0,11,economy,card,2026-08-23,0,
ORD008198,CUST01339,PROD002,Books,4999,0.0,4999.0,3.5,3,2,express,cod,2026-01-12,0,
ORD008199,CUST01516,PROD005,Fashion,1299,0.0,1299.0,3.2,4,1,express,card,2025-10-30,0,
ORD008200,CUST01476,PROD009,Home & Lifestyle,1999,199.9,1799.1,4.1,0,1,express,card,2026-07-01,1,Damaged/Defective
ORD008201,CUST01865,PROD013,Home & Lifestyle,2999,0.0,2999.0,3.3,4,9,economy,card,2026-04-13,1,Damaged/Defective
ORD008202,CUST00125,PROD002,Books,4999,749.85,4249.15,3.6,0,2,express,card,2025-12-12,0,
ORD008203,CUST01937,PROD016,Beauty,499,99.8,399.2,3.7,3,1,express,card,2026-06-05,1,Better Price Elsewhere
ORD008204,CUST00550,PROD010,Fashion,1299,129.9,1169.1,4.5,1,4,standard,card,2025-12-19,0,
ORD008205,CUST01076,PROD012,Beauty,4999,749.85,4249.15,4.2,4,3,standard,card,2025-09-10,0,
ORD008206,CUST01400,PROD018,Books,499,0.0,499.0,3.9,4,1,express,card,2026-05-11,1,Product Not as Expected
ORD008207,CUST01664,PROD007,Fashion,1299,129.9,1169.1,4.5,2,8,economy,card,2026-05-05,1,Late Delivery
ORD008208,CUST00013,PROD016,Beauty,499,74.85,424.15,3.3,6,4,standard,card,2026-08-19,0,
ORD008209,CUST01952,PROD004,Books,499,49.9,449.1,3.9,4,3,standard,upi,2026-03-19,0,
ORD008210,CUST01238,PROD018,Books,499,0.0,499.0,3.6,0,4,standard,upi,2026-02-13,1,Damaged/Defective
ORD008211,CUST01141,PROD010,Fashion,1299,259.8,1039.2,4.7,7,5,standard,card,2026-09-06,1,Quality Issues
ORD008212,CUST00009,PROD002,Books,4999,1249.75,3749.25,3.4,1,1,express,card,2025-09-28,0,
ORD008213,CUST00016,PROD019,Electronics,1299,324.75,974.25,3.8,8,6,standard,upi,2026-06-24,0,
ORD008214,CUST01960,PROD018,Books,499,99.8,399.2,3.5,7,6,standard,card,2026-06-25,0,
ORD008215,CUST01891,PROD001,Beauty,1999,199.9,1799.1,3.1,0,3,standard,card,2026-06-18,1,Changed Mind
ORD008216,CUST01622,PROD005,Fashion,1299,324.75,974.25,2.8,2,2,express,upi,2026-03-07,0,
ORD008217,CUST00011,PROD013,Home & Lifestyle,2999,299.9,2699.1,3.6,0,7,economy,upi,2026-06-01,0,
ORD008218,CUST00967,PROD008,Home & Lifestyle,1299,0.0,1299.0,3.4,0,5,standard,card,2026-04-21,0,
ORD008219,CUST01007,PROD001,Beauty,1999,399.8,1599.2,3.2,0,5,standard,card,2025-11-02,0,
ORD008220,CUST00506,PROD011,Fashion,299,0.0,299.0,2.2,3,4,standard,card,2026-05-12,1,Better Price Elsewhere
ORD008221,CUST01445,PROD015,Beauty,2999,449.85,2549.15,2.7,1,6,standard,card,2025-10-03,0,
ORD008222,CUST01458,PROD003,Home & Lifestyle,1999,299.85,1699.15,3.8,1,3,standard,upi,2026-08-11,0,
ORD008223,CUST01788,PROD008,Home & Lifestyle,1299,129.9,1169.1,3.6,1,6,standard,cod,2026-06-19,1,Product Not as Expected
ORD008224,CUST00340,PROD015,Beauty,2999,449.85,2549.15,2.5,5,4,standard,upi,2026-05-25,0,
ORD008225,CUST02000,PROD019,Electronics,1299,259.8,1039.2,3.8,0,8,economy,card,2026-06-07,0,
ORD008226,CUST01383,PROD014,Beauty,499,0.0,499.0,3.5,3,5,standard,card,2025-10-25,0,
ORD008227,CUST00587,PROD002,Books,4999,499.9,4499.1,3.7,0,6,standard,card,2025-11-26,0,
ORD008228,CUST01851,PROD011,Fashion,299,29.9,269.1,2.5,1,4,standard,upi,2025-12-21,0,
ORD008229,CUST00817,PROD020,Books,4999,1999.6,2999.4,3.1,0,4,standard,upi,2026-05-31,1,Better Price Elsewhere
ORD008230,CUST00132,PROD006,Books,1299,259.8,1039.2,2.4,1,11,economy,card,2025-11-29,0,
ORD008231,CUST01332,PROD007,Fashion,1299,519.6,779.4,5.0,1,5,standard,cod,2026-04-16,0,
ORD008232,CUST01530,PROD006,Books,1299,194.85,1104.15,2.5,3,5,standard,cod,2026-07-02,0,
ORD008233,CUST00479,PROD011,Fashion,299,29.9,269.1,2.3,5,4,standard,card,2025-12-19,0,
ORD008234,CUST00363,PROD003,Home & Lifestyle,1999,799.6,1199.4,4.0,6,4,standard,cod,2026-04-05,1,Damaged/Defective
ORD008235,CUST00227,PROD011,Fashion,299,0.0,299.0,2.4,5,1,express,upi,2026-01-25,0,
ORD008236,CUST01111,PROD017,Beauty,299,74.75,224.25,4.6,1,6,standard,card,2026-05-23,0,
ORD008237,CUST00311,PROD012,Beauty,4999,0.0,4999.0,4.2,1,3,standard,upi,2026-05-03,0,
ORD008238,CUST00868,PROD020,Books,4999,999.8,3999.2,2.7,0,1,express,upi,2026-08-03,0,
ORD008239,CUST00057,PROD008,Home & Lifestyle,1299,194.85,1104.15,3.5,5,1,express,card,2025-10-11,0,
ORD008240,CUST00843,PROD015,Beauty,2999,0.0,2999.0,2.7,2,5,standard,cod,2025-11-07,0,
ORD008241,CUST00968,PROD003,Home & Lifestyle,1999,0.0,1999.0,4.1,4,4,standard,cod,2026-08-07,1,Ordered by Mistake
ORD008242,CUST01538,PROD019,Electronics,1299,129.9,1169.1,4.1,3,2,express,card,2026-05-25,0,
ORD008243,CUST01389,PROD004,Books,499,199.6,299.4,4.0,0,5,standard,card,2026-05-30,0,
ORD008244,CUST01079,PROD020,Books,4999,749.85,4249.15,3.1,2,6,standard,upi,2026-04-04,1,Ordered by Mistake
ORD008245,CUST01805,PROD018,Books,499,0.0,499.0,3.6,6,1,express,cod,2026-01-09,1,Late Delivery
ORD008246,CUST00288,PROD005,Fashion,1299,519.6,779.4,3.0,1,1,express,card,2026-02-19,0,
ORD008247,CUST00058,PROD015,Beauty,2999,1199.6,1799.4,2.8,1,3,standard,cod,2025-11-06,0,
ORD008248,CUST01858,PROD002,Books,4999,0.0,4999.0,3.8,0,2,express,card,2026-04-07,0,
ORD008249,CUST00294,PROD009,Home & Lifestyle,1999,299.85,1699.15,3.7,5,1,express,card,2026-05-22,0,
ORD008250,CUST00204,PROD004,Books,499,99.8,399.2,4.0,2,5,standard,upi,2026-03-19,0,
ORD008251,CUST00773,PROD010,Fashion,1299,0.0,1299.0,4.8,1,2,express,cod,2025-12-01,1,Wrong Size
ORD008252,CUST01601,PROD017,Beauty,299,29.9,269.1,4.6,2,5,standard,upi,2026-03-27,0,
ORD008253,CUST01385,PROD010,Fashion,1299,259.8,1039.2,4.9,8,2,express,card,2026-03-06,0,
ORD008254,CUST01834,PROD003,Home & Lifestyle,1999,799.6,1199.4,4.2,1,4,standard,card,2026-03-05,0,
ORD008255,CUST00954,PROD016,Beauty,499,99.8,399.2,3.3,2,2,express,wallet,2025-10-31,1,Changed Mind
ORD008256,CUST01158,PROD007,Fashion,1299,129.9,1169.1,4.9,0,4,standard,card,2026-05-01,0,
ORD008257,CUST01295,PROD007,Fashion,1299,324.75,974.25,4.9,0,6,standard,card,2026-01-05,0,
ORD008258,CUST00665,PROD018,Books,499,74.85,424.15,3.7,0,6,standard,upi,2026-08-04,1,Damaged/Defective
ORD008259,CUST00799,PROD001,Beauty,1999,199.9,1799.1,2.9,2,1,express,cod,2026-09-03,1,Late Delivery
ORD008260,CUST01538,PROD013,Home & Lifestyle,2999,449.85,2549.15,3.6,0,6,standard,card,2026-03-10,0,
ORD008261,CUST00895,PROD003,Home & Lifestyle,1999,199.9,1799.1,3.8,0,5,standard,card,2025-09-17,0,
ORD008262,CUST00935,PROD001,Beauty,1999,499.75,1499.25,3.1,8,3,standard,card,2026-08-29,0,
ORD008263,CUST01100,PROD013,Home & Lifestyle,2999,0.0,2999.0,3.6,4,3,standard,upi,2026-08-03,0,
ORD008264,CUST00279,PROD004,Books,499,124.75,374.25,4.1,2,3,standard,cod,2026-07-12,1,Changed Mind
ORD008265,CUST00805,PROD004,Books,499,199.6,299.4,4.3,4,6,standard,card,2026-05-18,0,
ORD008266,CUST01113,PROD016,Beauty,499,49.9,449.1,3.5,2,2,express,upi,2026-03-24,0,
ORD008267,CUST00336,PROD001,Beauty,1999,0.0,1999.0,2.9,1,2,express,card,2026-04-25,0,
ORD008268,CUST01145,PROD004,Books,499,0.0,499.0,4.3,0,5,standard,card,2025-10-11,1,Ordered by Mistake
ORD008269,CUST00656,PROD001,Beauty,1999,0.0,1999.0,2.7,0,1,express,card,2026-07-11,1,Late Delivery
ORD008270,CUST01472,PROD002,Books,4999,499.9,4499.1,3.6,5,4,standard,upi,2026-01-21,1,Late Delivery
ORD008271,CUST00025,PROD008,Home & Lifestyle,1299,259.8,1039.2,3.6,0,2,express,card,2025-10-24,1,Better Price Elsewhere
ORD008272,CUST01735,PROD005,Fashion,1299,324.75,974.25,2.8,0,6,standard,cod,2026-07-24,1,Changed Mind
ORD008273,CUST00887,PROD001,Beauty,1999,199.9,1799.1,3.2,2,4,standard,card,2025-12-16,1,Damaged/Defective
ORD008274,CUST00244,PROD001,Beauty,1999,299.85,1699.15,3.1,2,4,standard,wallet,2026-06-09,0,
ORD008275,CUST01469,PROD016,Beauty,499,49.9,449.1,3.1,2,8,economy,card,2026-02-04,1,Quality Issues
ORD008276,CUST00114,PROD019,Electronics,1299,0.0,1299.0,4.0,1,5,standard,upi,2025-12-03,0,
ORD008277,CUST01764,PROD012,Beauty,4999,0.0,4999.0,3.9,0,3,standard,upi,2025-09-12,0,
ORD008278,CUST00776,PROD017,Beauty,299,0.0,299.0,4.4,2,1,express,upi,2025-11-19,1,Ordered by Mistake
ORD008279,CUST00095,PROD013,Home & Lifestyle,2999,899.7,2099.3,3.3,7,5,standard,upi,2026-05-22,1,Ordered by Mistake
ORD008280,CUST01471,PROD011,Fashion,299,74.75,224.25,2.7,1,3,standard,card,2026-08-28,0,
ORD008281,CUST00380,PROD012,Beauty,4999,0.0,4999.0,3.8,0,5,standard,upi,2025-09-25,0,
ORD008282,CUST01926,PROD010,Fashion,1299,0.0,1299.0,4.5,1,7,economy,card,2026-07-20,1,Wrong Size
ORD008283,CUST01808,PROD002,Books,4999,499.9,4499.1,3.6,3,5,standard,wallet,2026-08-26,0,
ORD008284,CUST01783,PROD009,Home & Lifestyle,1999,599.7,1399.3,3.7,0,2,express,card,2026-05-01,0,
ORD008285,CUST00123,PROD011,Fashion,299,44.85,254.15,2.4,2,5,standard,card,2026-01-05,0,
ORD008286,CUST00027,PROD006,Books,1299,389.7,909.3,2.4,3,7,economy,card,2026-08-06,0,
ORD008287,CUST00837,PROD008,Home & Lifestyle,1299,389.7,909.3,3.7,3,11,economy,wallet,2026-02-26,1,Late Delivery
ORD008288,CUST01129,PROD014,Beauty,499,74.85,424.15,3.5,2,4,standard,cod,2026-03-03,0,
ORD008289,CUST00431,PROD018,Books,499,74.85,424.15,3.7,1,3,standard,card,2026-06-26,0,
ORD008290,CUST01217,PROD011,Fashion,299,0.0,299.0,2.4,0,3,standard,upi,2026-04-18,1,Wrong Size
ORD008291,CUST00103,PROD007,Fashion,1299,519.6,779.4,4.7,1,5,standard,cod,2026-01-26,1,Damaged/Defective
ORD008292,CUST01810,PROD018,Books,499,0.0,499.0,3.9,0,4,standard,upi,2026-06-06,1,Damaged/Defective
ORD008293,CUST01901,PROD011,Fashion,299,0.0,299.0,2.7,2,2,express,upi,2026-06-13,0,
ORD008294,CUST01691,PROD007,Fashion,1299,0.0,1299.0,4.8,3,6,standard,cod,2026-06-04,1,Changed Mind
ORD008295,CUST01945,PROD001,Beauty,1999,299.85,1699.15,3.0,7,5,standard,card,2025-12-24,1,Changed Mind
ORD008296,CUST01164,PROD005,Fashion,1299,519.6,779.4,3.0,5,5,standard,card,2025-10-28,0,
ORD008297,CUST00550,PROD013,Home & Lifestyle,2999,299.9,2699.1,3.6,0,3,standard,card,2026-06-28,0,
ORD008298,CUST00669,PROD002,Books,4999,1249.75,3749.25,3.3,3,1,express,upi,2026-07-28,0,
ORD008299,CUST00037,PROD001,Beauty,1999,199.9,1799.1,3.1,0,4,standard,upi,2026-08-15,1,Product Not as Expected
ORD008300,CUST01456,PROD019,Electronics,1299,259.8,1039.2,4.1,3,4,standard,cod,2025-11-18,1,Quality Issues
ORD008301,CUST00172,PROD008,Home & Lifestyle,1299,194.85,1104.15,3.9,6,5,standard,upi,2026-08-04,0,
ORD008302,CUST00155,PROD017,Beauty,299,0.0,299.0,4.5,1,3,standard,cod,2026-05-27,1,Damaged/Defective
ORD008303,CUST01815,PROD001,Beauty,1999,0.0,1999.0,2.7,0,3,standard,card,2026-03-12,1,Damaged/Defective
ORD008304,CUST01942,PROD016,Beauty,499,49.9,449.1,3.5,0,5,standard,upi,2026-04-05,0,
ORD008305,CUST01343,PROD019,Electronics,1299,194.85,1104.15,4.0,0,1,express,card,2025-12-11,0,
ORD008306,CUST00165,PROD008,Home & Lifestyle,1299,194.85,1104.15,3.8,1,2,express,cod,2025-09-11,0,
ORD008307,CUST00465,PROD006,Books,1299,0.0,1299.0,2.7,0,4,standard,cod,2026-01-21,0,
ORD008308,CUST00470,PROD016,Beauty,499,49.9,449.1,3.6,1,6,standard,card,2026-09-02,0,
ORD008309,CUST01180,PROD013,Home & Lifestyle,2999,299.9,2699.1,3.3,1,4,standard,card,2025-12-04,0,
ORD008310,CUST01699,PROD001,Beauty,1999,199.9,1799.1,2.6,2,5,standard,card,2026-08-10,1,Changed Mind
ORD008311,CUST01509,PROD017,Beauty,299,44.85,254.15,5.0,0,6,standard,card,2026-02-21,1,Late Delivery
ORD008312,CUST00526,PROD005,Fashion,1299,259.8,1039.2,3.2,7,3,standard,card,2026-08-05,1,Better Price Elsewhere
ORD008313,CUST01042,PROD019,Electronics,1299,129.9,1169.1,3.8,4,2,express,card,2025-09-12,0,
ORD008314,CUST00068,PROD019,Electronics,1299,0.0,1299.0,4.1,0,1,express,wallet,2026-08-13,0,
ORD008315,CUST00220,PROD014,Beauty,499,49.9,449.1,3.3,4,4,standard,card,2026-04-23,1,Product Not as Expected
ORD008316,CUST00859,PROD006,Books,1299,259.8,1039.2,2.4,3,6,standard,upi,2025-09-13,1,Ordered by Mistake
ORD008317,CUST01280,PROD003,Home & Lifestyle,1999,199.9,1799.1,3.6,0,1,express,upi,2025-12-03,1,Ordered by Mistake
ORD008318,CUST01418,PROD003,Home & Lifestyle,1999,299.85,1699.15,3.7,6,3,standard,card,2026-01-12,1,Product Not as Expected
ORD008319,CUST01081,PROD003,Home & Lifestyle,1999,0.0,1999.0,3.8,4,1,express,upi,2026-04-21,0,
ORD008320,CUST00898,PROD002,Books,4999,749.85,4249.15,3.7,8,6,standard,upi,2025-10-16,0,
ORD008321,CUST01946,PROD011,Fashion,299,44.85,254.15,2.8,5,7,economy,card,2025-11-26,1,Ordered by Mistake
ORD008322,CUST01173,PROD012,Beauty,4999,749.85,4249.15,4.4,2,2,express,card,2026-08-20,0,
ORD008323,CUST00823,PROD019,Electronics,1299,0.0,1299.0,4.0,0,5,standard,upi,2026-06-16,0,
ORD008324,CUST01232,PROD007,Fashion,1299,194.85,1104.15,4.7,1,1,express,upi,2025-11-10,0,
ORD008325,CUST01104,PROD007,Fashion,1299,259.8,1039.2,4.6,0,6,standard,card,2025-10-05,0,
ORD008326,CUST00047,PROD014,Beauty,499,99.8,399.2,3.7,3,1,express,cod,2026-02-04,1,Wrong Size
ORD008327,CUST01323,PROD003,Home & Lifestyle,1999,199.9,1799.1,3.8,0,2,express,card,2026-05-15,0,
ORD008328,CUST01586,PROD006,Books,1299,0.0,1299.0,2.5,0,3,standard,card,2026-05-02,0,
ORD008329,CUST00953,PROD003,Home & Lifestyle,1999,299.85,1699.15,3.8,1,7,economy,card,2025-10-11,0,
ORD008330,CUST01311,PROD010,Fashion,1299,129.9,1169.1,4.6,0,3,standard,card,2026-06-23,1,Late Delivery
ORD008331,CUST00201,PROD014,Beauty,499,0.0,499.0,3.2,3,5,standard,card,2026-04-13,0,
ORD008332,CUST00624,PROD006,Books,1299,194.85,1104.15,2.5,3,1,express,card,2025-11-01,1,Damaged/Defective
ORD008333,CUST00080,PROD006,Books,1299,129.9,1169.1,2.6,2,6,standard,cod,2026-07-18,1,Late Delivery
ORD008334,CUST00292,PROD008,Home & Lifestyle,1299,0.0,1299.0,3.5,0,4,standard,card,2026-07-18,1,Changed Mind
ORD008335,CUST00247,PROD010,Fashion,1299,0.0,1299.0,4.7,5,3,standard,card,2026-01-26,0,
ORD008336,CUST01509,PROD002,Books,4999,749.85,4249.15,3.4,2,5,standard,upi,2025-10-31,0,
ORD008337,CUST01313,PROD002,Books,4999,1999.6,2999.4,3.4,4,6,standard,card,2026-09-05,1,Product Not as Expected
ORD008338,CUST01216,PROD020,Books,4999,499.9,4499.1,2.8,2,2,express,wallet,2025-12-26,0,
ORD008339,CUST01437,PROD003,Home & Lifestyle,1999,399.8,1599.2,3.7,1,1,express,upi,2026-04-19,0,
ORD008340,CUST00595,PROD012,Beauty,4999,999.8,3999.2,4.0,2,11,economy,cod,2025-09-22,0,
ORD008341,CUST01935,PROD018,Books,499,149.7,349.3,3.7,3,7,economy,card,2026-02-26,0,
ORD008342,CUST01720,PROD009,Home & Lifestyle,1999,599.7,1399.3,3.8,0,6,standard,card,2026-02-23,0,
ORD008343,CUST00261,PROD004,Books,499,199.6,299.4,4.2,0,11,economy,card,2026-08-27,0,
ORD008344,CUST00997,PROD008,Home & Lifestyle,1299,129.9,1169.1,3.8,0,5,standard,card,2026-09-05,0,
ORD008345,CUST01994,PROD006,Books,1299,0.0,1299.0,2.6,0,3,standard,card,2026-08-15,0,
ORD008346,CUST00522,PROD018,Books,499,199.6,299.4,3.9,0,9,economy,upi,2025-11-22,0,
ORD008347,CUST01550,PROD018,Books,499,49.9,449.1,3.8,0,10,economy,card,2026-07-12,0,
ORD008348,CUST00492,PROD001,Beauty,1999,599.7,1399.3,2.6,1,5,standard,cod,2026-07-27,0,
ORD008349,CUST00401,PROD013,Home & Lifestyle,2999,299.9,2699.1,3.6,0,3,standard,upi,2026-07-11,0,
ORD008350,CUST00692,PROD008,Home & Lifestyle,1299,129.9,1169.1,3.9,1,1,express,card,2025-12-20,0,
ORD008351,CUST00017,PROD001,Beauty,1999,599.7,1399.3,2.6,0,5,standard,wallet,2026-05-15,0,
ORD008352,CUST01758,PROD009,Home & Lifestyle,1999,599.7,1399.3,3.6,2,6,standard,wallet,2025-10-23,0,
ORD008353,CUST00655,PROD005,Fashion,1299,324.75,974.25,2.7,0,11,economy,upi,2026-03-27,1,Wrong Size
ORD008354,CUST01244,PROD016,Beauty,499,0.0,499.0,3.7,2,2,express,upi,2026-06-07,0,
ORD008355,CUST00239,PROD001,Beauty,1999,799.6,1199.4,2.6,5,7,economy,upi,2025-11-11,1,Changed Mind
ORD008356,CUST01721,PROD010,Fashion,1299,0.0,1299.0,4.9,1,6,standard,card,2026-04-28,0,
ORD008357,CUST01921,PROD002,Books,4999,1999.6,2999.4,3.4,0,4,standard,cod,2026-06-18,1,Late Delivery
ORD008358,CUST01077,PROD020,Books,4999,749.85,4249.15,3.1,2,5,standard,card,2026-04-18,1,Late Delivery
ORD008359,CUST01798,PROD012,Beauty,4999,999.8,3999.2,4.3,4,1,express,card,2026-02-25,1,Damaged/Defective
ORD008360,CUST00600,PROD010,Fashion,1299,259.8,1039.2,4.7,0,4,standard,wallet,2026-01-13,0,
ORD008361,CUST01703,PROD006,Books,1299,259.8,1039.2,2.8,8,1,express,card,2026-09-09,1,Quality Issues
ORD008362,CUST01551,PROD008,Home & Lifestyle,1299,324.75,974.25,3.7,1,4,standard,cod,2026-08-29,0,
ORD008363,CUST01244,PROD012,Beauty,4999,0.0,4999.0,4.0,0,3,standard,upi,2026-02-03,0,
ORD008364,CUST01709,PROD001,Beauty,1999,299.85,1699.15,3.0,0,5,standard,card,2026-04-21,1,Ordered by Mistake
ORD008365,CUST01750,PROD018,Books,499,49.9,449.1,3.8,0,1,express,upi,2025-12-29,0,
ORD008366,CUST01013,PROD013,Home & Lifestyle,2999,0.0,2999.0,3.4,2,2,express,upi,2025-11-18,0,
ORD008367,CUST01485,PROD017,Beauty,299,119.6,179.4,4.9,0,4,standard,card,2025-10-16,1,Changed Mind
ORD008368,CUST00439,PROD016,Beauty,499,74.85,424.15,3.2,0,6,standard,wallet,2026-02-20,1,Better Price Elsewhere
ORD008369,CUST00842,PROD002,Books,4999,499.9,4499.1,3.2,4,5,standard,card,2026-03-14,1,Product Not as Expected
ORD008370,CUST01990,PROD018,Books,499,74.85,424.15,3.9,3,3,standard,upi,2026-05-02,0,
ORD008371,CUST00575,PROD011,Fashion,299,74.75,224.25,2.8,2,1,express,upi,2026-05-23,0,
ORD008372,CUST00703,PROD003,Home & Lifestyle,1999,199.9,1799.1,4.0,5,6,standard,wallet,2025-12-30,1,Better Price Elsewhere
ORD008373,CUST00289,PROD020,Books,4999,749.85,4249.15,3.1,2,1,express,card,2026-04-12,0,
ORD008374,CUST01253,PROD018,Books,499,99.8,399.2,3.4,2,4,standard,card,2026-01-20,0,
ORD008375,CUST01739,PROD020,Books,4999,0.0,4999.0,3.2,1,6,standard,upi,2026-02-02,1,Better Price Elsewhere
ORD008376,CUST01113,PROD015,Beauty,2999,449.85,2549.15,2.4,0,5,standard,cod,2026-07-26,1,Ordered by Mistake
ORD008377,CUST01201,PROD001,Beauty,1999,0.0,1999.0,3.0,0,1,express,upi,2026-06-17,0,
ORD008378,CUST01459,PROD009,Home & Lifestyle,1999,0.0,1999.0,4.2,1,5,standard,wallet,2026-08-30,0,
ORD008379,CUST00997,PROD009,Home & Lifestyle,1999,199.9,1799.1,4.2,3,11,economy,card,2026-01-07,0,
ORD008380,CUST00330,PROD002,Books,4999,0.0,4999.0,3.7,3,4,standard,card,2025-12-14,0,
ORD008381,CUST00361,PROD006,Books,1299,259.8,1039.2,2.6,4,2,express,upi,2026-01-02,1,Ordered by Mistake
ORD008382,CUST01616,PROD007,Fashion,1299,0.0,1299.0,4.4,0,1,express,card,2026-07-13,0,
ORD008383,CUST00756,PROD007,Fashion,1299,259.8,1039.2,4.8,0,5,standard,card,2026-08-06,0,
ORD008384,CUST00287,PROD002,Books,4999,0.0,4999.0,3.8,1,3,standard,card,2025-12-21,0,
ORD008385,CUST00652,PROD010,Fashion,1299,389.7,909.3,4.7,5,4,standard,card,2025-12-18,1,Wrong Size
ORD008386,CUST00420,PROD014,Beauty,499,124.75,374.25,3.5,5,5,standard,card,2026-02-24,1,Damaged/Defective
ORD008387,CUST00066,PROD002,Books,4999,0.0,4999.0,3.5,8,6,standard,cod,2026-06-07,0,
ORD008388,CUST01774,PROD018,Books,499,124.75,374.25,3.9,0,1,express,card,2026-05-02,0,
ORD008389,CUST01676,PROD001,Beauty,1999,0.0,1999.0,2.9,1,1,express,card,2025-09-10,1,Damaged/Defective
ORD008390,CUST00005,PROD005,Fashion,1299,194.85,1104.15,3.1,1,9,economy,cod,2026-05-17,0,
ORD008391,CUST01684,PROD011,Fashion,299,74.75,224.25,2.7,1,3,standard,card,2026-03-14,1,Quality Issues
ORD008392,CUST01144,PROD010,Fashion,1299,0.0,1299.0,4.9,3,11,economy,card,2026-09-05,0,
ORD008393,CUST01553,PROD013,Home & Lifestyle,2999,749.75,2249.25,3.2,0,2,express,upi,2026-09-01,1,Wrong Size
ORD008394,CUST00630,PROD006,Books,1299,324.75,974.25,2.4,3,1,express,upi,2026-06-23,0,
ORD008395,CUST00118,PROD011,Fashion,299,119.6,179.4,2.6,6,6,standard,card,2025-10-02,1,Quality Issues
ORD008396,CUST01878,PROD010,Fashion,1299,129.9,1169.1,4.8,0,10,economy,upi,2025-10-06,1,Product Not as Expected
ORD008397,CUST00239,PROD016,Beauty,499,74.85,424.15,3.6,3,3,standard,card,2026-06-06,0,
ORD008398,CUST00646,PROD004,Books,499,0.0,499.0,4.0,2,3,standard,cod,2025-10-17,1,Product Not as Expected
ORD008399,CUST01161,PROD010,Fashion,1299,519.6,779.4,4.8,3,3,standard,card,2025-12-17,1,Product Not as Expected
ORD008400,CUST00231,PROD013,Home & Lifestyle,2999,749.75,2249.25,3.6,1,8,economy,cod,2026-06-14,0,
ORD008401,CUST00195,PROD019,Electronics,1299,389.7,909.3,3.7,0,4,standard,card,2025-12-31,1,Quality Issues
ORD008402,CUST00490,PROD009,Home & Lifestyle,1999,199.9,1799.1,3.7,3,5,standard,card,2025-09-30,0,
ORD008403,CUST00910,PROD013,Home & Lifestyle,2999,1199.6,1799.4,3.3,4,1,express,card,2026-07-15,0,
ORD008404,CUST00646,PROD008,Home & Lifestyle,1299,194.85,1104.15,3.7,0,6,standard,card,2025-10-29,0,
ORD008405,CUST01079,PROD009,Home & Lifestyle,1999,199.9,1799.1,4.0,1,5,standard,card,2026-07-19,0,
ORD008406,CUST00740,PROD018,Books,499,99.8,399.2,3.9,2,3,standard,upi,2025-10-09,0,
ORD008407,CUST01463,PROD017,Beauty,299,119.6,179.4,5.0,2,1,express,card,2026-01-10,0,
ORD008408,CUST01374,PROD001,Beauty,1999,299.85,1699.15,2.9,7,9,economy,card,2026-08-07,0,
ORD008409,CUST01172,PROD004,Books,499,199.6,299.4,4.3,1,1,express,wallet,2025-11-20,0,
ORD008410,CUST01491,PROD016,Beauty,499,74.85,424.15,3.4,1,4,standard,wallet,2025-11-21,1,Wrong Size
ORD008411,CUST01466,PROD011,Fashion,299,0.0,299.0,2.7,0,4,standard,card,2026-06-29,0,
ORD008412,CUST01001,PROD017,Beauty,299,0.0,299.0,4.5,0,6,standard,card,2025-09-15,1,Damaged/Defective
ORD008413,CUST01164,PROD015,Beauty,2999,299.9,2699.1,2.9,3,1,express,card,2026-01-04,0,
ORD008414,CUST01306,PROD002,Books,4999,1249.75,3749.25,3.4,0,6,standard,card,2026-07-22,0,
ORD008415,CUST01035,PROD009,Home & Lifestyle,1999,199.9,1799.1,3.7,0,5,standard,upi,2025-09-18,0,
ORD008416,CUST01148,PROD014,Beauty,499,124.75,374.25,3.8,1,5,standard,card,2026-06-20,0,
ORD008417,CUST01055,PROD009,Home & Lifestyle,1999,499.75,1499.25,3.7,4,10,economy,cod,2026-05-02,1,Late Delivery
ORD008418,CUST01246,PROD018,Books,499,99.8,399.2,3.5,0,6,standard,card,2026-02-15,0,
ORD008419,CUST01767,PROD009,Home & Lifestyle,1999,299.85,1699.15,3.9,4,11,economy,cod,2026-09-06,0,
ORD008420,CUST01799,PROD019,Electronics,1299,0.0,1299.0,3.8,0,2,express,card,2025-12-28,1,Quality Issues
ORD008421,CUST01892,PROD005,Fashion,1299,0.0,1299.0,3.2,2,1,express,card,2026-03-15,1,Product Not as Expected
ORD008422,CUST01036,PROD016,Beauty,499,99.8,399.2,3.3,1,3,standard,card,2025-09-23,1,Damaged/Defective
ORD008423,CUST01065,PROD004,Books,499,0.0,499.0,4.5,0,1,express,card,2026-02-03,1,Wrong Size
ORD008424,CUST01794,PROD008,Home & Lifestyle,1299,0.0,1299.0,3.4,0,2,express,card,2026-02-03,1,Quality Issues
ORD008425,CUST00473,PROD020,Books,4999,0.0,4999.0,2.7,0,6,standard,upi,2026-09-09,0,
ORD008426,CUST01357,PROD011,Fashion,299,89.7,209.3,2.7,2,4,standard,card,2026-08-13,1,Damaged/Defective
ORD008427,CUST01902,PROD017,Beauty,299,59.8,239.2,4.9,0,4,standard,cod,2026-02-14,1,Quality Issues
ORD008428,CUST00708,PROD002,Books,4999,0.0,4999.0,3.6,2,4,standard,card,2025-12-24,0,
ORD008429,CUST01394,PROD019,Electronics,1299,0.0,1299.0,4.1,2,4,standard,cod,2026-04-07,0,
ORD008430,CUST01777,PROD011,Fashion,299,29.9,269.1,2.5,0,3,standard,card,2026-06-27,0,
ORD008431,CUST00673,PROD015,Beauty,2999,0.0,2999.0,2.6,0,4,standard,cod,2026-03-15,1,Ordered by Mistake
ORD008432,CUST01055,PROD001,Beauty,1999,399.8,1599.2,2.7,8,4,standard,card,2026-08-22,1,Product Not as Expected
ORD008433,CUST00655,PROD020,Books,4999,0.0,4999.0,3.2,0,2,express,upi,2026-04-18,0,
ORD008434,CUST01229,PROD004,Books,499,74.85,424.15,4.1,1,3,standard,upi,2025-12-20,1,Late Delivery
ORD008435,CUST00921,PROD014,Beauty,499,49.9,449.1,3.8,0,9,economy,upi,2025-10-24,1,Better Price Elsewhere
ORD008436,CUST00347,PROD017,Beauty,299,44.85,254.15,4.7,1,1,express,card,2026-06-24,1,Changed Mind
ORD008437,CUST01252,PROD002,Books,4999,0.0,4999.0,3.5,2,11,economy,card,2026-01-14,0,
ORD008438,CUST00086,PROD006,Books,1299,0.0,1299.0,2.4,5,1,express,card,2025-10-20,1,Quality Issues
ORD008439,CUST00125,PROD001,Beauty,1999,0.0,1999.0,3.1,2,2,express,upi,2026-05-25,0,
ORD008440,CUST00702,PROD001,Beauty,1999,299.85,1699.15,2.6,0,1,express,wallet,2026-07-04,1,Wrong Size
ORD008441,CUST00371,PROD004,Books,499,124.75,374.25,4.0,0,6,standard,card,2025-10-18,0,
ORD008442,CUST01702,PROD015,Beauty,2999,1199.6,1799.4,2.7,0,3,standard,card,2026-02-26,1,Quality Issues
ORD008443,CUST00627,PROD018,Books,499,0.0,499.0,3.5,3,6,standard,card,2026-05-23,1,Better Price Elsewhere
ORD008444,CUST01465,PROD012,Beauty,4999,499.9,4499.1,3.9,0,6,standard,upi,2026-08-31,0,
ORD008445,CUST01145,PROD006,Books,1299,0.0,1299.0,2.6,0,5,standard,upi,2026-07-23,1,Better Price Elsewhere
ORD008446,CUST00281,PROD016,Beauty,499,74.85,424.15,3.3,3,1,express,cod,2026-01-27,1,Changed Mind
ORD008447,CUST00731,PROD007,Fashion,1299,129.9,1169.1,4.9,1,5,standard,card,2026-04-15,0,
ORD008448,CUST00734,PROD018,Books,499,99.8,399.2,3.5,1,6,standard,card,2026-02-06,0,
ORD008449,CUST01371,PROD017,Beauty,299,59.8,239.2,4.7,6,6,standard,upi,2026-08-13,1,Damaged/Defective
ORD008450,CUST01976,PROD018,Books,499,0.0,499.0,3.4,2,3,standard,cod,2026-03-04,0,
ORD008451,CUST00349,PROD013,Home & Lifestyle,2999,599.8,2399.2,3.5,1,1,express,card,2026-08-21,0,
ORD008452,CUST00236,PROD002,Books,4999,0.0,4999.0,3.8,1,6,standard,cod,2025-10-02,0,
ORD008453,CUST00869,PROD003,Home & Lifestyle,1999,199.9,1799.1,4.0,5,1,express,cod,2026-08-23,0,
ORD008454,CUST01741,PROD012,Beauty,4999,999.8,3999.2,4.1,4,6,standard,card,2026-02-14,1,Product Not as Expected
ORD008455,CUST01736,PROD006,Books,1299,129.9,1169.1,2.5,0,6,standard,upi,2026-04-01,1,Damaged/Defective
ORD008456,CUST01961,PROD013,Home & Lifestyle,2999,749.75,2249.25,3.7,0,11,economy,upi,2026-08-21,0,
ORD008457,CUST01288,PROD017,Beauty,299,0.0,299.0,4.9,1,10,economy,upi,2025-10-14,0,
ORD008458,CUST00592,PROD019,Electronics,1299,259.8,1039.2,3.8,3,4,standard,card,2025-10-03,0,
ORD008459,CUST00354,PROD002,Books,4999,0.0,4999.0,3.7,5,2,express,wallet,2025-09-12,0,
ORD008460,CUST01638,PROD001,Beauty,1999,399.8,1599.2,3.0,2,1,express,cod,2025-10-17,1,Quality Issues
ORD008461,CUST00839,PROD001,Beauty,1999,399.8,1599.2,2.9,3,10,economy,card,2025-10-31,1,Damaged/Defective
ORD008462,CUST00434,PROD012,Beauty,4999,1499.7,3499.3,3.9,2,9,economy,card,2025-10-05,1,Damaged/Defective
ORD008463,CUST00594,PROD006,Books,1299,259.8,1039.2,2.7,0,1,express,card,2026-01-21,0,
ORD008464,CUST01333,PROD013,Home & Lifestyle,2999,1199.6,1799.4,3.3,1,1,express,upi,2026-01-29,0,
ORD008465,CUST00827,PROD018,Books,499,74.85,424.15,3.5,0,4,standard,card,2026-05-18,0,
ORD008466,CUST01061,PROD006,Books,1299,194.85,1104.15,2.8,1,2,express,cod,2025-12-23,1,Better Price Elsewhere
ORD008467,CUST00319,PROD001,Beauty,1999,299.85,1699.15,3.1,0,3,standard,card,2026-02-14,0,
ORD008468,CUST01468,PROD007,Fashion,1299,0.0,1299.0,4.6,2,10,economy,card,2026-04-29,0,
ORD008469,CUST00389,PROD008,Home & Lifestyle,1299,324.75,974.25,3.6,0,11,economy,card,2025-12-16,0,
ORD008470,CUST00242,PROD015,Beauty,2999,0.0,2999.0,2.3,0,2,express,card,2026-03-30,1,Damaged/Defective
ORD008471,CUST01014,PROD010,Fashion,1299,0.0,1299.0,4.7,0,5,standard,upi,2025-10-06,0,
ORD008472,CUST00962,PROD007,Fashion,1299,0.0,1299.0,4.8,3,3,standard,cod,2026-07-18,0,
ORD008473,CUST01981,PROD019,Electronics,1299,0.0,1299.0,3.8,7,9,economy,card,2025-12-27,0,
ORD008474,CUST01616,PROD016,Beauty,499,149.7,349.3,3.1,2,5,standard,card,2026-03-25,0,
ORD008475,CUST01725,PROD016,Beauty,499,49.9,449.1,3.2,2,2,express,upi,2025-11-02,0,
ORD008476,CUST00538,PROD006,Books,1299,0.0,1299.0,2.5,3,2,express,card,2026-03-18,1,Late Delivery
ORD008477,CUST00998,PROD003,Home & Lifestyle,1999,799.6,1199.4,3.7,6,2,express,card,2025-12-07,1,Damaged/Defective
ORD008478,CUST01886,PROD008,Home & Lifestyle,1299,129.9,1169.1,3.9,2,6,standard,upi,2026-02-15,0,
ORD008479,CUST00878,PROD003,Home & Lifestyle,1999,199.9,1799.1,4.0,7,4,standard,cod,2025-09-22,1,Product Not as Expected
ORD008480,CUST00966,PROD011,Fashion,299,59.8,239.2,2.8,2,1,express,card,2025-10-31,1,Quality Issues
ORD008481,CUST01601,PROD004,Books,499,74.85,424.15,3.9,0,9,economy,cod,2026-07-19,1,Late Delivery
ORD008482,CUST00621,PROD015,Beauty,2999,749.75,2249.25,2.8,3,10,economy,card,2026-05-26,0,
ORD008483,CUST01396,PROD019,Electronics,1299,0.0,1299.0,3.8,6,9,economy,cod,2026-09-01,1,Wrong Size
ORD008484,CUST00275,PROD006,Books,1299,129.9,1169.1,2.6,2,1,express,card,2025-10-11,1,Better Price Elsewhere
ORD008485,CUST00746,PROD013,Home & Lifestyle,2999,299.9,2699.1,3.3,1,1,express,wallet,2026-05-12,0,
ORD008486,CUST01099,PROD010,Fashion,1299,259.8,1039.2,4.4,4,4,standard,cod,2026-03-27,1,Wrong Size
ORD008487,CUST00278,PROD020,Books,4999,1249.75,3749.25,2.8,1,1,express,wallet,2026-06-22,0,
ORD008488,CUST01755,PROD015,Beauty,2999,1199.6,1799.4,2.4,4,2,express,upi,2026-07-15,1,Product Not as Expected
ORD008489,CUST00119,PROD016,Beauty,499,74.85,424.15,3.5,1,1,express,card,2025-11-06,0,
ORD008490,CUST01473,PROD016,Beauty,499,49.9,449.1,3.6,4,5,standard,cod,2025-10-23,0,
ORD008491,CUST01806,PROD017,Beauty,299,89.7,209.3,4.8,5,6,standard,upi,2026-07-25,0,
ORD008492,CUST00799,PROD008,Home & Lifestyle,1299,0.0,1299.0,3.6,2,1,express,card,2026-01-09,0,
ORD008493,CUST00371,PROD015,Beauty,2999,299.9,2699.1,2.5,0,3,standard,card,2026-01-18,0,
ORD008494,CUST01735,PROD016,Beauty,499,99.8,399.2,3.3,0,2,express,card,2026-03-09,1,Damaged/Defective
ORD008495,CUST01715,PROD006,Books,1299,324.75,974.25,2.6,7,2,express,upi,2026-09-01,1,Ordered by Mistake
ORD008496,CUST01506,PROD014,Beauty,499,199.6,299.4,3.2,0,1,express,card,2026-07-17,0,
ORD008497,CUST00295,PROD002,Books,4999,0.0,4999.0,3.7,1,6,standard,card,2026-07-19,0,
ORD008498,CUST00876,PROD016,Beauty,499,124.75,374.25,3.3,8,1,express,upi,2026-09-06,1,Late Delivery
ORD008499,CUST00706,PROD019,Electronics,1299,129.9,1169.1,3.9,1,1,express,cod,2026-04-10,0,
ORD008500,CUST01303,PROD015,Beauty,2999,299.9,2699.1,2.5,3,2,express,card,2026-01-19,0,
ORD008501,CUST00054,PROD005,Fashion,1299,129.9,1169.1,3.0,0,3,standard,card,2025-11-02,0,
ORD008502,CUST01210,PROD014,Beauty,499,124.75,374.25,3.6,3,1,express,cod,2025-10-05,0,
ORD008503,CUST00769,PROD002,Books,4999,0.0,4999.0,3.3,0,6,standard,card,2025-09-11,1,Late Delivery
ORD008504,CUST00623,PROD010,Fashion,1299,259.8,1039.2,4.8,2,1,express,card,2026-03-14,0,
ORD008505,CUST01491,PROD017,Beauty,299,0.0,299.0,4.8,0,4,standard,card,2026-03-12,1,Damaged/Defective
ORD008506,CUST00203,PROD012,Beauty,4999,1249.75,3749.25,4.1,0,6,standard,cod,2026-04-14,0,
ORD008507,CUST01299,PROD010,Fashion,1299,0.0,1299.0,4.7,1,3,standard,card,2026-07-03,0,
ORD008508,CUST00408,PROD004,Books,499,99.8,399.2,4.3,7,6,standard,card,2025-11-01,1,Better Price Elsewhere
ORD008509,CUST01294,PROD004,Books,499,49.9,449.1,4.0,2,3,standard,upi,2026-05-02,1,Wrong Size
ORD008510,CUST01073,PROD009,Home & Lifestyle,1999,0.0,1999.0,3.9,4,1,express,card,2026-08-22,1,Wrong Size
ORD008511,CUST00476,PROD019,Electronics,1299,0.0,1299.0,3.8,1,4,standard,card,2025-11-22,0,
ORD008512,CUST00022,PROD016,Beauty,499,99.8,399.2,3.4,1,3,standard,cod,2025-09-24,0,
ORD008513,CUST00318,PROD002,Books,4999,749.85,4249.15,3.6,4,6,standard,card,2026-08-10,0,
ORD008514,CUST01512,PROD019,Electronics,1299,129.9,1169.1,3.6,0,9,economy,card,2026-05-30,0,
ORD008515,CUST01995,PROD017,Beauty,299,89.7,209.3,4.7,1,11,economy,upi,2026-01-16,0,
ORD008516,CUST01560,PROD015,Beauty,2999,599.8,2399.2,2.8,0,1,express,upi,2025-09-29,1,Changed Mind
ORD008517,CUST00004,PROD001,Beauty,1999,0.0,1999.0,3.2,3,3,standard,card,2026-06-20,0,
ORD008518,CUST00849,PROD003,Home & Lifestyle,1999,0.0,1999.0,3.8,0,5,standard,card,2025-09-18,1,Wrong Size
ORD008519,CUST00467,PROD013,Home & Lifestyle,2999,899.7,2099.3,3.2,2,1,express,upi,2026-06-03,1,Better Price Elsewhere
ORD008520,CUST00998,PROD005,Fashion,1299,259.8,1039.2,2.8,0,7,economy,card,2025-09-16,1,Better Price Elsewhere
ORD008521,CUST00521,PROD012,Beauty,4999,999.8,3999.2,4.3,1,6,standard,upi,2025-09-14,0,
ORD008522,CUST00551,PROD010,Fashion,1299,259.8,1039.2,4.8,0,2,express,card,2026-08-28,0,
ORD008523,CUST01540,PROD013,Home & Lifestyle,2999,1199.6,1799.4,3.7,3,2,express,upi,2025-10-30,0,
ORD008524,CUST00491,PROD012,Beauty,4999,1249.75,3749.25,4.4,5,7,economy,upi,2026-02-26,0,
ORD008525,CUST00119,PROD002,Books,4999,499.9,4499.1,3.6,2,11,economy,upi,2026-02-09,0,
ORD008526,CUST01823,PROD017,Beauty,299,0.0,299.0,5.0,5,6,standard,cod,2025-10-19,1,Damaged/Defective
ORD008527,CUST01628,PROD013,Home & Lifestyle,2999,449.85,2549.15,3.3,5,6,standard,card,2026-07-02,1,Quality Issues
ORD008528,CUST01813,PROD019,Electronics,1299,0.0,1299.0,3.9,0,3,standard,upi,2025-11-22,0,
ORD008529,CUST01307,PROD017,Beauty,299,74.75,224.25,4.7,3,5,standard,card,2026-05-17,0,
ORD008530,CUST00152,PROD001,Beauty,1999,199.9,1799.1,2.8,5,2,express,card,2025-09-14,0,
ORD008531,CUST00473,PROD019,Electronics,1299,0.0,1299.0,3.6,2,7,economy,cod,2026-07-25,0,
ORD008532,CUST01880,PROD011,Fashion,299,74.75,224.25,2.7,0,3,standard,card,2025-12-10,1,Quality Issues
ORD008533,CUST00115,PROD003,Home & Lifestyle,1999,499.75,1499.25,3.7,0,5,standard,upi,2026-09-05,1,Better Price Elsewhere
ORD008534,CUST01076,PROD016,Beauty,499,74.85,424.15,3.2,2,2,express,card,2026-05-28,1,Changed Mind
ORD008535,CUST00532,PROD006,Books,1299,129.9,1169.1,2.6,5,3,standard,card,2026-02-16,0,
ORD008536,CUST00780,PROD020,Books,4999,0.0,4999.0,3.2,2,5,standard,upi,2025-11-01,0,
ORD008537,CUST00475,PROD004,Books,499,124.75,374.25,4.0,0,1,express,card,2026-04-24,1,Wrong Size
ORD008538,CUST00593,PROD017,Beauty,299,29.9,269.1,5.0,2,5,standard,card,2026-03-20,0,
ORD008539,CUST01382,PROD004,Books,499,0.0,499.0,3.9,4,4,standard,cod,2026-08-27,0,
ORD008540,CUST01811,PROD012,Beauty,4999,499.9,4499.1,4.3,2,4,standard,cod,2026-01-12,0,
ORD008541,CUST00947,PROD017,Beauty,299,74.75,224.25,4.9,2,2,express,card,2025-12-21,1,Wrong Size
ORD008542,CUST00001,PROD014,Beauty,499,49.9,449.1,3.2,0,4,standard,card,2026-02-18,0,
ORD008543,CUST00649,PROD017,Beauty,299,29.9,269.1,4.9,0,3,standard,card,2025-12-09,0,
ORD008544,CUST00176,PROD010,Fashion,1299,324.75,974.25,4.6,2,8,economy,cod,2026-01-15,0,
ORD008545,CUST00798,PROD009,Home & Lifestyle,1999,0.0,1999.0,3.7,4,3,standard,cod,2026-09-06,0,
ORD008546,CUST00784,PROD002,Books,4999,499.9,4499.1,3.5,0,8,economy,card,2026-03-04,1,Late Delivery
ORD008547,CUST00156,PROD014,Beauty,499,199.6,299.4,3.5,0,4,standard,card,2025-09-16,0,
ORD008548,CUST00018,PROD003,Home & Lifestyle,1999,199.9,1799.1,3.7,5,9,economy,cod,2026-06-16,1,Late Delivery
ORD008549,CUST00194,PROD009,Home & Lifestyle,1999,399.8,1599.2,3.9,0,1,express,upi,2026-05-29,0,
ORD008550,CUST00013,PROD002,Books,4999,749.85,4249.15,3.2,3,5,standard,card,2026-02-28,1,Ordered by Mistake
ORD008551,CUST00806,PROD002,Books,4999,999.8,3999.2,3.4,0,5,standard,card,2026-02-11,0,
ORD008552,CUST00695,PROD019,Electronics,1299,129.9,1169.1,4.1,5,6,standard,card,2026-04-17,0,
ORD008553,CUST00225,PROD018,Books,499,124.75,374.25,3.7,2,2,express,card,2026-03-29,0,
ORD008554,CUST00343,PROD019,Electronics,1299,259.8,1039.2,3.8,0,3,standard,upi,2026-07-28,0,
ORD008555,CUST01734,PROD013,Home & Lifestyle,2999,749.75,2249.25,3.1,2,5,standard,card,2026-01-13,1,Wrong Size
ORD008556,CUST00376,PROD013,Home & Lifestyle,2999,449.85,2549.15,3.3,2,5,standard,upi,2025-09-25,1,Ordered by Mistake
ORD008557,CUST01914,PROD011,Fashion,299,44.85,254.15,2.3,2,3,standard,upi,2026-04-14,1,Product Not as Expected
ORD008558,CUST00197,PROD004,Books,499,0.0,499.0,3.9,2,3,standard,wallet,2026-07-10,0,
ORD008559,CUST00999,PROD020,Books,4999,999.8,3999.2,3.0,1,1,express,card,2026-03-26,1,Changed Mind
ORD008560,CUST00162,PROD009,Home & Lifestyle,1999,799.6,1199.4,3.8,3,4,standard,upi,2026-08-13,0,
ORD008561,CUST00706,PROD016,Beauty,499,49.9,449.1,3.3,0,3,standard,cod,2025-09-28,1,Wrong Size
ORD008562,CUST01930,PROD008,Home & Lifestyle,1299,194.85,1104.15,3.5,0,6,standard,card,2026-06-05,1,Better Price Elsewhere
ORD008563,CUST00701,PROD003,Home & Lifestyle,1999,399.8,1599.2,4.2,5,7,economy,cod,2025-11-30,0,
ORD008564,CUST01195,PROD020,Books,4999,999.8,3999.2,3.0,0,3,standard,card,2026-04-06,0,
ORD008565,CUST00751,PROD004,Books,499,49.9,449.1,3.9,2,6,standard,upi,2026-05-22,0,
ORD008566,CUST01673,PROD018,Books,499,0.0,499.0,3.9,5,1,express,card,2025-12-22,1,Better Price Elsewhere
ORD008567,CUST00298,PROD007,Fashion,1299,324.75,974.25,4.9,3,1,express,cod,2026-01-19,0,
ORD008568,CUST01995,PROD008,Home & Lifestyle,1299,324.75,974.25,3.9,1,9,economy,upi,2026-07-17,0,
ORD008569,CUST01244,PROD020,Books,4999,1499.7,3499.3,2.8,0,6,standard,card,2026-08-18,0,
ORD008570,CUST00612,PROD011,Fashion,299,0.0,299.0,2.2,1,6,standard,upi,2025-10-31,1,Damaged/Defective
ORD008571,CUST00630,PROD005,Fashion,1299,519.6,779.4,2.8,0,3,standard,card,2026-06-14,1,Product Not as Expected
ORD008572,CUST01528,PROD019,Electronics,1299,194.85,1104.15,3.9,0,2,express,card,2025-12-15,0,
ORD008573,CUST01382,PROD017,Beauty,299,44.85,254.15,4.8,1,3,standard,upi,2026-09-03,0,
ORD008574,CUST00611,PROD014,Beauty,499,49.9,449.1,3.2,1,11,economy,upi,2026-02-24,0,
ORD008575,CUST01205,PROD017,Beauty,299,59.8,239.2,4.6,0,3,standard,card,2026-07-31,1,Changed Mind
ORD008576,CUST01412,PROD016,Beauty,499,124.75,374.25,3.2,4,1,express,card,2026-07-05,1,Ordered by Mistake
ORD008577,CUST00990,PROD015,Beauty,2999,299.9,2699.1,2.5,3,5,standard,card,2025-11-09,0,
ORD008578,CUST01157,PROD019,Electronics,1299,129.9,1169.1,4.1,0,3,standard,cod,2025-10-30,0,
ORD008579,CUST00316,PROD018,Books,499,49.9,449.1,3.6,4,4,standard,card,2026-04-03,0,
ORD008580,CUST01174,PROD005,Fashion,1299,0.0,1299.0,2.9,0,5,standard,card,2026-07-04,0,
ORD008581,CUST00635,PROD020,Books,4999,0.0,4999.0,2.7,0,6,standard,card,2026-04-16,0,
ORD008582,CUST00369,PROD008,Home & Lifestyle,1299,0.0,1299.0,3.5,0,1,express,card,2026-01-24,0,
ORD008583,CUST00696,PROD018,Books,499,99.8,399.2,3.6,5,3,standard,card,2026-05-24,1,Damaged/Defective
ORD008584,CUST00450,PROD015,Beauty,2999,299.9,2699.1,2.4,6,5,standard,card,2026-05-12,1,Product Not as Expected
ORD008585,CUST00848,PROD012,Beauty,4999,0.0,4999.0,3.8,0,4,standard,cod,2026-01-25,0,
ORD008586,CUST00637,PROD020,Books,4999,1999.6,2999.4,3.1,1,1,express,upi,2026-03-19,1,Damaged/Defective
ORD008587,CUST01349,PROD003,Home & Lifestyle,1999,0.0,1999.0,3.9,0,6,standard,card,2025-11-15,1,Quality Issues
ORD008588,CUST00415,PROD005,Fashion,1299,194.85,1104.15,3.0,0,2,express,card,2026-08-13,0,
ORD008589,CUST00595,PROD006,Books,1299,194.85,1104.15,2.9,1,4,standard,upi,2025-11-22,0,
ORD008590,CUST01243,PROD014,Beauty,499,0.0,499.0,3.5,0,6,standard,card,2026-08-05,1,Quality Issues
ORD008591,CUST00745,PROD002,Books,4999,1249.75,3749.25,3.5,1,4,standard,card,2026-06-16,1,Late Delivery
ORD008592,CUST00219,PROD004,Books,499,99.8,399.2,4.4,4,2,express,cod,2026-02-24,0,
ORD008593,CUST01558,PROD018,Books,499,74.85,424.15,3.9,4,4,standard,upi,2025-10-03,0,
ORD008594,CUST01709,PROD007,Fashion,1299,194.85,1104.15,5.0,8,3,standard,cod,2026-08-25,1,Changed Mind
ORD008595,CUST00664,PROD009,Home & Lifestyle,1999,199.9,1799.1,4.0,0,3,standard,cod,2026-06-12,0,
ORD008596,CUST00977,PROD013,Home & Lifestyle,2999,749.75,2249.25,3.5,0,2,express,card,2026-07-17,0,
ORD008597,CUST00090,PROD012,Beauty,4999,999.8,3999.2,4.1,4,1,express,upi,2026-06-07,1,Quality Issues
ORD008598,CUST01217,PROD018,Books,499,0.0,499.0,3.6,9,2,express,wallet,2025-12-03,0,
ORD008599,CUST01020,PROD006,Books,1299,519.6,779.4,2.6,0,11,economy,card,2026-07-21,0,
ORD008600,CUST00187,PROD008,Home & Lifestyle,1299,259.8,1039.2,3.9,3,1,express,card,2025-12-17,0,
ORD008601,CUST01438,PROD014,Beauty,499,0.0,499.0,3.5,0,1,express,card,2025-10-05,0,
ORD008602,CUST00903,PROD018,Books,499,49.9,449.1,3.5,1,7,economy,upi,2026-01-29,1,Product Not as Expected
ORD008603,CUST01262,PROD010,Fashion,1299,194.85,1104.15,4.6,1,4,standard,card,2026-06-30,1,Quality Issues
ORD008604,CUST01707,PROD010,Fashion,1299,194.85,1104.15,4.7,1,5,standard,upi,2026-01-18,0,
ORD008605,CUST00114,PROD001,Beauty,1999,199.9,1799.1,2.9,0,6,standard,upi,2026-08-23,0,
ORD008606,CUST00125,PROD002,Books,4999,0.0,4999.0,3.6,3,4,standard,upi,2025-12-05,1,Quality Issues
ORD008607,CUST00495,PROD015,Beauty,2999,0.0,2999.0,2.6,1,5,standard,cod,2026-01-25,1,Product Not as Expected
ORD008608,CUST00454,PROD004,Books,499,124.75,374.25,4.4,2,3,standard,upi,2026-04-15,0,
ORD008609,CUST01665,PROD007,Fashion,1299,194.85,1104.15,4.7,1,5,standard,wallet,2026-03-14,0,
ORD008610,CUST01323,PROD007,Fashion,1299,0.0,1299.0,4.7,2,1,express,upi,2026-06-05,0,
ORD008611,CUST00537,PROD006,Books,1299,194.85,1104.15,2.4,5,5,standard,upi,2026-06-29,1,Ordered by Mistake
ORD008612,CUST00008,PROD002,Books,4999,749.85,4249.15,3.6,0,6,standard,cod,2026-08-14,0,
ORD008613,CUST00286,PROD001,Beauty,1999,199.9,1799.1,2.8,4,5,standard,cod,2025-09-13,1,Ordered by Mistake
ORD008614,CUST01742,PROD013,Home & Lifestyle,2999,299.9,2699.1,3.2,2,2,express,card,2025-10-06,0,
ORD008615,CUST00005,PROD011,Fashion,299,29.9,269.1,2.4,8,5,standard,cod,2025-12-04,1,Quality Issues
ORD008616,CUST00756,PROD009,Home & Lifestyle,1999,499.75,1499.25,3.7,0,4,standard,card,2026-06-19,0,
ORD008617,CUST00544,PROD003,Home & Lifestyle,1999,199.9,1799.1,3.7,5,4,standard,card,2026-05-27,1,Wrong Size
ORD008618,CUST01760,PROD018,Books,499,124.75,374.25,3.5,4,3,standard,upi,2025-09-27,1,Wrong Size
ORD008619,CUST01514,PROD014,Beauty,499,0.0,499.0,3.4,0,2,express,wallet,2026-08-06,0,
ORD008620,CUST00744,PROD010,Fashion,1299,129.9,1169.1,4.9,1,3,standard,upi,2026-06-07,0,
ORD008621,CUST01117,PROD018,Books,499,199.6,299.4,3.6,0,2,express,card,2026-05-17,0,
ORD008622,CUST01323,PROD015,Beauty,2999,749.75,2249.25,2.6,0,6,standard,upi,2026-07-15,1,Quality Issues
ORD008623,CUST01381,PROD005,Fashion,1299,129.9,1169.1,3.1,1,2,express,cod,2026-03-20,1,Damaged/Defective
ORD008624,CUST00113,PROD007,Fashion,1299,389.7,909.3,5.0,3,1,express,upi,2025-10-10,1,Ordered by Mistake
ORD008625,CUST00933,PROD015,Beauty,2999,0.0,2999.0,2.4,0,1,express,card,2026-05-26,0,
ORD008626,CUST01431,PROD016,Beauty,499,49.9,449.1,3.3,0,3,standard,upi,2026-02-13,1,Quality Issues
ORD008627,CUST01143,PROD020,Books,4999,1249.75,3749.25,2.9,2,10,economy,upi,2025-11-26,0,
ORD008628,CUST01240,PROD020,Books,4999,1249.75,3749.25,2.8,1,5,standard,cod,2026-07-10,0,
ORD008629,CUST01816,PROD018,Books,499,0.0,499.0,3.9,3,2,express,cod,2026-03-31,0,
ORD008630,CUST01434,PROD006,Books,1299,0.0,1299.0,2.3,2,6,standard,upi,2025-11-19,0,
ORD008631,CUST01471,PROD002,Books,4999,1249.75,3749.25,3.3,2,3,standard,upi,2026-01-05,0,
ORD008632,CUST00304,PROD020,Books,4999,1999.6,2999.4,2.7,7,1,express,card,2026-07-13,0,
ORD008633,CUST00546,PROD013,Home & Lifestyle,2999,0.0,2999.0,3.5,0,8,economy,upi,2025-09-17,0,
ORD008634,CUST00771,PROD015,Beauty,2999,0.0,2999.0,2.8,7,4,standard,card,2026-06-04,0,
ORD008635,CUST01754,PROD001,Beauty,1999,0.0,1999.0,3.1,0,4,standard,upi,2026-04-24,1,Product Not as Expected
ORD008636,CUST01936,PROD007,Fashion,1299,194.85,1104.15,4.6,1,6,standard,upi,2026-07-08,0,
ORD008637,CUST00224,PROD002,Books,4999,749.85,4249.15,3.4,0,3,standard,card,2026-04-15,0,
ORD008638,CUST00794,PROD017,Beauty,299,29.9,269.1,4.8,0,2,express,cod,2025-11-24,0,
ORD008639,CUST00532,PROD006,Books,1299,129.9,1169.1,2.4,0,6,standard,cod,2025-12-22,1,Changed Mind
ORD008640,CUST01044,PROD005,Fashion,1299,259.8,1039.2,2.7,1,6,standard,card,2025-12-03,1,Product Not as Expected
ORD008641,CUST00162,PROD003,Home & Lifestyle,1999,199.9,1799.1,3.8,5,4,standard,card,2026-03-27,0,
ORD008642,CUST00912,PROD003,Home & Lifestyle,1999,599.7,1399.3,4.0,1,3,standard,card,2025-11-03,1,Changed Mind
ORD008643,CUST00267,PROD017,Beauty,299,0.0,299.0,5.0,0,2,express,card,2026-03-22,0,
ORD008644,CUST00092,PROD015,Beauty,2999,1199.6,1799.4,2.9,0,3,standard,card,2026-04-27,1,Product Not as Expected
ORD008645,CUST01343,PROD004,Books,499,49.9,449.1,4.1,2,5,standard,card,2026-06-09,1,Better Price Elsewhere
ORD008646,CUST01595,PROD006,Books,1299,194.85,1104.15,2.6,0,4,standard,card,2026-07-22,0,
ORD008647,CUST01055,PROD013,Home & Lifestyle,2999,0.0,2999.0,3.7,0,2,express,upi,2025-09-25,0,
ORD008648,CUST01310,PROD010,Fashion,1299,0.0,1299.0,4.8,5,4,standard,card,2026-02-25,0,
ORD008649,CUST00575,PROD004,Books,499,199.6,299.4,4.0,6,2,express,cod,2026-06-22,0,
ORD008650,CUST00555,PROD004,Books,499,0.0,499.0,4.0,3,1,express,card,2025-10-26,1,Product Not as Expected
ORD008651,CUST00544,PROD012,Beauty,4999,1499.7,3499.3,4.4,7,10,economy,upi,2025-12-29,1,Changed Mind
ORD008652,CUST00734,PROD020,Books,4999,499.9,4499.1,2.7,4,11,economy,card,2026-08-29,0,
ORD008653,CUST00251,PROD017,Beauty,299,44.85,254.15,4.6,0,6,standard,upi,2025-12-19,1,Damaged/Defective
ORD008654,CUST00061,PROD018,Books,499,0.0,499.0,3.6,1,3,standard,card,2026-07-08,1,Product Not as Expected
ORD008655,CUST01300,PROD020,Books,4999,749.85,4249.15,3.2,0,7,economy,card,2026-02-20,0,
ORD008656,CUST00037,PROD007,Fashion,1299,259.8,1039.2,4.6,2,3,standard,card,2025-12-26,0,
ORD008657,CUST00681,PROD011,Fashion,299,44.85,254.15,2.6,2,2,express,card,2026-03-23,1,Damaged/Defective
ORD008658,CUST00552,PROD015,Beauty,2999,1199.6,1799.4,2.8,1,6,standard,upi,2026-03-04,1,Quality Issues
ORD008659,CUST00364,PROD019,Electronics,1299,194.85,1104.15,4.1,1,6,standard,card,2025-12-30,0,
ORD008660,CUST01260,PROD007,Fashion,1299,0.0,1299.0,4.6,0,5,standard,card,2026-02-11,1,Damaged/Defective
ORD008661,CUST01362,PROD001,Beauty,1999,0.0,1999.0,2.9,3,6,standard,card,2026-01-11,1,Wrong Size
ORD008662,CUST00386,PROD018,Books,499,124.75,374.25,3.6,1,2,express,upi,2026-08-11,0,
ORD008663,CUST01519,PROD012,Beauty,4999,0.0,4999.0,3.8,1,5,standard,card,2025-10-04,0,
ORD008664,CUST00729,PROD006,Books,1299,324.75,974.25,2.9,3,6,standard,card,2025-11-26,0,
ORD008665,CUST01856,PROD005,Fashion,1299,389.7,909.3,2.8,4,1,express,cod,2026-03-26,0,
ORD008666,CUST00704,PROD013,Home & Lifestyle,2999,299.9,2699.1,3.5,5,4,standard,card,2025-09-23,0,
ORD008667,CUST01296,PROD018,Books,499,0.0,499.0,3.5,2,5,standard,upi,2026-07-07,0,
ORD008668,CUST01865,PROD002,Books,4999,999.8,3999.2,3.5,5,4,standard,card,2026-08-19,0,
ORD008669,CUST00378,PROD020,Books,4999,999.8,3999.2,2.9,3,10,economy,cod,2026-02-09,1,Product Not as Expected
ORD008670,CUST00420,PROD010,Fashion,1299,194.85,1104.15,4.5,5,3,standard,wallet,2026-01-07,1,Changed Mind
ORD008671,CUST01737,PROD014,Beauty,499,99.8,399.2,3.6,0,3,standard,upi,2025-10-21,0,
ORD008672,CUST01935,PROD017,Beauty,299,59.8,239.2,5.0,6,4,standard,card,2026-07-26,1,Changed Mind
ORD008673,CUST01289,PROD008,Home & Lifestyle,1299,0.0,1299.0,4.0,4,6,standard,card,2026-01-06,0,
ORD008674,CUST01125,PROD017,Beauty,299,44.85,254.15,4.4,4,1,express,upi,2025-11-22,1,Wrong Size
ORD008675,CUST00899,PROD020,Books,4999,749.85,4249.15,2.7,2,2,express,card,2025-10-01,1,Better Price Elsewhere
ORD008676,CUST01000,PROD010,Fashion,1299,129.9,1169.1,4.4,3,6,standard,card,2026-06-22,1,Damaged/Defective
ORD008677,CUST00197,PROD018,Books,499,49.9,449.1,3.8,6,5,standard,upi,2026-02-10,0,
ORD008678,CUST00463,PROD013,Home & Lifestyle,2999,599.8,2399.2,3.7,1,2,express,card,2025-11-22,0,
ORD008679,CUST00189,PROD004,Books,499,74.85,424.15,4.1,0,2,express,upi,2026-04-07,0,
ORD008680,CUST00875,PROD009,Home & Lifestyle,1999,399.8,1599.2,4.1,6,2,express,cod,2026-07-16,0,
ORD008681,CUST00977,PROD015,Beauty,2999,749.75,2249.25,2.6,0,4,standard,card,2025-09-23,0,
ORD008682,CUST00773,PROD008,Home & Lifestyle,1299,129.9,1169.1,3.8,0,4,standard,card,2026-08-28,0,
ORD008683,CUST01672,PROD006,Books,1299,389.7,909.3,2.6,1,4,standard,card,2026-06-05,0,
ORD008684,CUST01788,PROD007,Fashion,1299,194.85,1104.15,4.5,4,1,express,upi,2026-03-18,0,
ORD008685,CUST00004,PROD004,Books,499,124.75,374.25,4.2,3,7,economy,card,2025-10-26,0,
ORD008686,CUST01110,PROD001,Beauty,1999,299.85,1699.15,2.7,0,5,standard,card,2026-03-09,0,
ORD008687,CUST01165,PROD014,Beauty,499,0.0,499.0,3.2,2,4,standard,card,2025-11-27,0,
ORD008688,CUST01226,PROD005,Fashion,1299,0.0,1299.0,3.0,0,3,standard,cod,2026-02-15,0,
ORD008689,CUST01968,PROD007,Fashion,1299,259.8,1039.2,4.8,4,5,standard,upi,2026-05-30,1,Product Not as Expected
ORD008690,CUST00296,PROD009,Home & Lifestyle,1999,0.0,1999.0,4.2,3,7,economy,card,2026-07-20,0,
ORD008691,CUST01056,PROD015,Beauty,2999,449.85,2549.15,2.5,1,1,express,card,2026-08-26,1,Better Price Elsewhere
ORD008692,CUST01790,PROD004,Books,499,49.9,449.1,3.9,0,7,economy,card,2026-08-13,0,
ORD008693,CUST01551,PROD015,Beauty,2999,599.8,2399.2,2.7,0,4,standard,card,2026-04-24,0,
ORD008694,CUST01509,PROD008,Home & Lifestyle,1299,389.7,909.3,3.5,0,5,standard,upi,2026-05-03,1,Damaged/Defective
ORD008695,CUST01090,PROD016,Beauty,499,124.75,374.25,3.3,1,6,standard,card,2026-06-27,1,Ordered by Mistake
ORD008696,CUST00776,PROD018,Books,499,49.9,449.1,3.6,2,2,express,card,2026-02-10,0,
ORD008697,CUST00100,PROD008,Home & Lifestyle,1299,519.6,779.4,4.0,0,7,economy,card,2026-06-01,1,Product Not as Expected
ORD008698,CUST00399,PROD012,Beauty,4999,499.9,4499.1,4.3,3,8,economy,card,2026-01-01,1,Changed Mind
ORD008699,CUST00787,PROD003,Home & Lifestyle,1999,199.9,1799.1,3.8,7,3,standard,upi,2025-10-10,0,
ORD008700,CUST00454,PROD007,Fashion,1299,389.7,909.3,4.6,1,7,economy,card,2026-04-08,0,
ORD008701,CUST01635,PROD008,Home & Lifestyle,1299,259.8,1039.2,3.5,1,3,standard,card,2025-09-12,0,
ORD008702,CUST00626,PROD004,Books,499,99.8,399.2,4.3,0,5,standard,upi,2026-03-21,0,
ORD008703,CUST01253,PROD016,Beauty,499,74.85,424.15,3.5,2,1,express,card,2025-10-27,1,Quality Issues
ORD008704,CUST00220,PROD006,Books,1299,129.9,1169.1,2.4,3,3,standard,cod,2025-11-04,1,Late Delivery
ORD008705,CUST01056,PROD020,Books,4999,499.9,4499.1,2.9,0,4,standard,upi,2025-11-05,0,
ORD008706,CUST00028,PROD010,Fashion,1299,324.75,974.25,4.9,2,1,express,upi,2026-08-09,0,
ORD008707,CUST00366,PROD020,Books,4999,1499.7,3499.3,2.6,0,4,standard,upi,2025-12-16,0,
ORD008708,CUST01945,PROD014,Beauty,499,0.0,499.0,3.8,4,2,express,card,2025-09-11,0,
ORD008709,CUST00603,PROD017,Beauty,299,0.0,299.0,4.9,1,4,standard,card,2026-02-07,0,
ORD008710,CUST00456,PROD005,Fashion,1299,519.6,779.4,3.0,0,1,express,upi,2026-07-01,0,
ORD008711,CUST01141,PROD005,Fashion,1299,259.8,1039.2,2.8,0,5,standard,cod,2026-04-20,1,Damaged/Defective
ORD008712,CUST00185,PROD007,Fashion,1299,389.7,909.3,4.4,2,3,standard,card,2026-04-26,0,
ORD008713,CUST00591,PROD004,Books,499,74.85,424.15,4.5,0,2,express,wallet,2026-02-18,0,
ORD008714,CUST00316,PROD011,Fashion,299,0.0,299.0,2.2,0,4,standard,card,2026-05-16,0,
ORD008715,CUST00624,PROD006,Books,1299,0.0,1299.0,2.5,1,8,economy,upi,2026-06-22,1,Late Delivery
ORD008716,CUST00390,PROD007,Fashion,1299,259.8,1039.2,4.5,4,1,express,card,2026-05-25,0,
ORD008717,CUST01035,PROD002,Books,4999,749.85,4249.15,3.3,0,4,standard,upi,2026-08-27,1,Late Delivery
ORD008718,CUST01318,PROD012,Beauty,4999,1499.7,3499.3,3.8,0,4,standard,cod,2026-05-18,0,
ORD008719,CUST01737,PROD012,Beauty,4999,749.85,4249.15,3.8,1,3,standard,upi,2025-12-04,1,Quality Issues
ORD008720,CUST00535,PROD013,Home & Lifestyle,2999,749.75,2249.25,3.2,3,10,economy,cod,2025-12-25,1,Product Not as Expected
ORD008721,CUST00278,PROD004,Books,499,149.7,349.3,4.1,1,4,standard,upi,2026-04-16,0,
ORD008722,CUST00884,PROD002,Books,4999,499.9,4499.1,3.6,2,2,express,upi,2026-07-29,0,
ORD008723,CUST00826,PROD002,Books,4999,0.0,4999.0,3.6,0,3,standard,upi,2025-12-12,0,
ORD008724,CUST01481,PROD012,Beauty,4999,999.8,3999.2,3.9,0,2,express,card,2026-03-20,0,
ORD008725,CUST01617,PROD013,Home & Lifestyle,2999,0.0,2999.0,3.5,3,6,standard,cod,2026-01-28,0,
ORD008726,CUST01361,PROD013,Home & Lifestyle,2999,599.8,2399.2,3.6,3,2,express,card,2026-08-11,0,
ORD008727,CUST01488,PROD016,Beauty,499,149.7,349.3,3.5,0,5,standard,card,2026-07-13,1,Damaged/Defective
ORD008728,CUST00680,PROD002,Books,4999,0.0,4999.0,3.2,6,5,standard,card,2025-10-21,1,Quality Issues
ORD008729,CUST01897,PROD001,Beauty,1999,399.8,1599.2,2.7,2,6,standard,card,2026-04-01,0,
ORD008730,CUST01946,PROD020,Books,4999,749.85,4249.15,2.9,8,1,express,upi,2025-12-20,1,Product Not as Expected
ORD008731,CUST00811,PROD013,Home & Lifestyle,2999,749.75,2249.25,3.4,0,2,express,upi,2026-06-14,1,Wrong Size
ORD008732,CUST00149,PROD006,Books,1299,0.0,1299.0,2.6,4,6,standard,card,2025-11-11,1,Wrong Size
ORD008733,CUST01512,PROD014,Beauty,499,74.85,424.15,3.4,0,2,express,upi,2026-02-08,0,
ORD008734,CUST00969,PROD007,Fashion,1299,519.6,779.4,5.0,4,8,economy,card,2025-09-23,1,Product Not as Expected
ORD008735,CUST01644,PROD005,Fashion,1299,129.9,1169.1,3.1,0,3,standard,card,2025-10-15,1,Ordered by Mistake
ORD008736,CUST00869,PROD006,Books,1299,194.85,1104.15,2.5,6,5,standard,card,2026-08-25,1,Damaged/Defective
ORD008737,CUST01382,PROD013,Home & Lifestyle,2999,449.85,2549.15,3.4,3,3,standard,card,2025-09-16,1,Wrong Size
ORD008738,CUST01483,PROD014,Beauty,499,49.9,449.1,3.3,0,5,standard,upi,2026-08-25,0,
ORD008739,CUST00804,PROD008,Home & Lifestyle,1299,0.0,1299.0,3.4,1,3,standard,card,2026-02-09,0,
ORD008740,CUST01605,PROD008,Home & Lifestyle,1299,0.0,1299.0,4.0,1,4,standard,upi,2026-07-10,0,
ORD008741,CUST00733,PROD013,Home & Lifestyle,2999,599.8,2399.2,3.5,0,6,standard,cod,2026-04-23,0,
ORD008742,CUST00882,PROD018,Books,499,124.75,374.25,3.9,4,6,standard,upi,2026-05-07,1,Product Not as Expected
ORD008743,CUST00675,PROD016,Beauty,499,74.85,424.15,3.3,2,3,standard,card,2026-04-25,1,Ordered by Mistake
ORD008744,CUST00731,PROD007,Fashion,1299,519.6,779.4,4.7,6,1,express,card,2025-10-19,1,Damaged/Defective
ORD008745,CUST00436,PROD004,Books,499,49.9,449.1,4.2,1,2,express,card,2026-01-22,0,
ORD008746,CUST01072,PROD006,Books,1299,0.0,1299.0,2.5,0,5,standard,upi,2026-07-25,1,Late Delivery
ORD008747,CUST01640,PROD008,Home & Lifestyle,1299,389.7,909.3,3.7,0,3,standard,card,2025-11-20,0,
ORD008748,CUST00079,PROD020,Books,4999,1999.6,2999.4,2.9,0,4,standard,upi,2026-02-22,0,
ORD008749,CUST00717,PROD009,Home & Lifestyle,1999,299.85,1699.15,3.6,5,4,standard,card,2026-01-31,0,
ORD008750,CUST01459,PROD014,Beauty,499,0.0,499.0,3.5,5,1,express,upi,2026-01-28,0,
ORD008751,CUST01223,PROD003,Home & Lifestyle,1999,399.8,1599.2,3.7,0,2,express,card,2025-09-14,1,Product Not as Expected
ORD008752,CUST00114,PROD017,Beauty,299,44.85,254.15,4.9,1,4,standard,card,2026-05-22,1,Damaged/Defective
ORD008753,CUST00120,PROD010,Fashion,1299,389.7,909.3,4.8,2,9,economy,cod,2025-11-11,1,Wrong Size
ORD008754,CUST01211,PROD018,Books,499,49.9,449.1,3.7,2,8,economy,card,2025-10-09,0,
ORD008755,CUST01815,PROD005,Fashion,1299,0.0,1299.0,3.1,0,6,standard,upi,2026-08-31,0,
ORD008756,CUST00045,PROD003,Home & Lifestyle,1999,0.0,1999.0,3.7,0,6,standard,card,2025-10-03,0,
ORD008757,CUST00804,PROD002,Books,4999,499.9,4499.1,3.4,4,1,express,upi,2026-07-02,1,Wrong Size
ORD008758,CUST00874,PROD007,Fashion,1299,259.8,1039.2,4.8,2,5,standard,cod,2025-12-15,0,
ORD008759,CUST00896,PROD019,Electronics,1299,259.8,1039.2,4.0,0,11,economy,upi,2026-02-19,0,
ORD008760,CUST01405,PROD019,Electronics,1299,129.9,1169.1,4.1,6,2,express,card,2026-04-09,0,
ORD008761,CUST00005,PROD009,Home & Lifestyle,1999,299.85,1699.15,4.2,4,4,standard,upi,2026-03-07,0,
ORD008762,CUST01622,PROD006,Books,1299,0.0,1299.0,2.8,0,6,standard,cod,2026-04-08,1,Changed Mind
ORD008763,CUST01388,PROD002,Books,4999,749.85,4249.15,3.6,3,1,express,card,2025-11-08,0,
ORD008764,CUST01629,PROD003,Home & Lifestyle,1999,499.75,1499.25,4.2,6,5,standard,card,2025-11-27,0,
ORD008765,CUST00725,PROD013,Home & Lifestyle,2999,0.0,2999.0,3.1,2,5,standard,card,2025-11-13,0,
ORD008766,CUST01806,PROD011,Fashion,299,74.75,224.25,2.4,3,4,standard,card,2026-06-02,1,Late Delivery
ORD008767,CUST01164,PROD008,Home & Lifestyle,1299,129.9,1169.1,3.8,3,3,standard,card,2026-02-14,0,
ORD008768,CUST01926,PROD014,Beauty,499,99.8,399.2,3.8,0,2,express,card,2026-02-18,0,
ORD008769,CUST00235,PROD003,Home & Lifestyle,1999,399.8,1599.2,3.6,2,2,express,card,2026-09-09,0,
ORD008770,CUST01841,PROD019,Electronics,1299,0.0,1299.0,3.9,4,2,express,upi,2026-06-15,0,
ORD008771,CUST01110,PROD005,Fashion,1299,0.0,1299.0,2.6,3,4,standard,cod,2026-02-14,1,Damaged/Defective
ORD008772,CUST00209,PROD013,Home & Lifestyle,2999,299.9,2699.1,3.7,1,6,standard,card,2026-03-05,0,
ORD008773,CUST00633,PROD001,Beauty,1999,299.85,1699.15,2.9,2,1,express,card,2025-12-09,0,
ORD008774,CUST01881,PROD003,Home & Lifestyle,1999,299.85,1699.15,4.0,3,5,standard,card,2026-02-12,1,Quality Issues
ORD008775,CUST01116,PROD005,Fashion,1299,129.9,1169.1,3.0,1,2,express,upi,2026-03-22,0,
ORD008776,CUST01958,PROD010,Fashion,1299,259.8,1039.2,4.7,2,5,standard,card,2026-07-26,0,
ORD008777,CUST00433,PROD015,Beauty,2999,299.9,2699.1,2.7,0,6,standard,cod,2025-11-26,1,Changed Mind
ORD008778,CUST01757,PROD011,Fashion,299,59.8,239.2,2.7,3,5,standard,card,2026-05-31,1,Ordered by Mistake
ORD008779,CUST01776,PROD013,Home & Lifestyle,2999,749.75,2249.25,3.7,1,5,standard,card,2026-02-18,0,
ORD008780,CUST01760,PROD008,Home & Lifestyle,1299,129.9,1169.1,3.7,2,4,standard,wallet,2026-01-31,0,
ORD008781,CUST00945,PROD019,Electronics,1299,519.6,779.4,3.8,4,5,standard,card,2025-12-11,0,
ORD008782,CUST01411,PROD005,Fashion,1299,194.85,1104.15,2.7,0,1,express,cod,2026-03-15,0,
ORD008783,CUST01791,PROD018,Books,499,0.0,499.0,3.4,1,4,standard,upi,2025-12-06,1,Quality Issues
ORD008784,CUST00359,PROD008,Home & Lifestyle,1299,0.0,1299.0,3.4,0,2,express,upi,2025-12-10,1,Damaged/Defective
ORD008785,CUST01190,PROD016,Beauty,499,99.8,399.2,3.6,2,4,standard,card,2026-04-12,1,Wrong Size
ORD008786,CUST01239,PROD016,Beauty,499,0.0,499.0,3.3,1,2,express,card,2025-10-13,1,Wrong Size
ORD008787,CUST01885,PROD010,Fashion,1299,129.9,1169.1,4.9,8,1,express,card,2026-07-25,0,
ORD008788,CUST00903,PROD008,Home & Lifestyle,1299,129.9,1169.1,3.9,2,1,express,card,2026-08-07,0,
ORD008789,CUST01586,PROD005,Fashion,1299,324.75,974.25,3.2,3,2,express,card,2026-02-16,1,Changed Mind
ORD008790,CUST00406,PROD010,Fashion,1299,129.9,1169.1,4.8,5,6,standard,wallet,2025-09-14,1,Wrong Size
ORD008791,CUST00856,PROD013,Home & Lifestyle,2999,299.9,2699.1,3.2,0,5,standard,upi,2025-12-12,0,
ORD008792,CUST01180,PROD004,Books,499,49.9,449.1,4.5,3,3,standard,card,2025-11-05,0,
ORD008793,CUST01386,PROD012,Beauty,4999,999.8,3999.2,4.4,1,1,express,upi,2026-06-30,1,Product Not as Expected
ORD008794,CUST01744,PROD007,Fashion,1299,194.85,1104.15,4.8,0,4,standard,card,2026-03-09,0,
ORD008795,CUST00328,PROD015,Beauty,2999,0.0,2999.0,2.6,0,2,express,card,2026-07-19,0,
ORD008796,CUST01006,PROD020,Books,4999,1499.7,3499.3,2.7,6,4,standard,upi,2025-12-08,0,
ORD008797,CUST01880,PROD006,Books,1299,389.7,909.3,2.7,2,1,express,upi,2025-10-24,1,Product Not as Expected
ORD008798,CUST00447,PROD018,Books,499,199.6,299.4,3.8,0,3,standard,card,2026-06-09,0,
ORD008799,CUST01594,PROD017,Beauty,299,44.85,254.15,4.4,3,3,standard,cod,2025-11-26,1,Better Price Elsewhere
ORD008800,CUST01992,PROD018,Books,499,49.9,449.1,3.4,4,9,economy,upi,2026-08-25,0,
ORD008801,CUST01352,PROD004,Books,499,74.85,424.15,4.5,8,5,standard,cod,2025-12-19,0,
ORD008802,CUST00508,PROD009,Home & Lifestyle,1999,399.8,1599.2,3.7,1,4,standard,cod,2025-09-15,0,
ORD008803,CUST00383,PROD007,Fashion,1299,129.9,1169.1,4.8,2,10,economy,upi,2026-02-08,0,
ORD008804,CUST00606,PROD006,Books,1299,129.9,1169.1,2.7,0,11,economy,card,2026-06-21,1,Better Price Elsewhere
ORD008805,CUST01834,PROD005,Fashion,1299,129.9,1169.1,3.0,0,2,express,card,2025-12-21,0,
ORD008806,CUST00254,PROD017,Beauty,299,119.6,179.4,4.7,7,6,standard,cod,2026-01-10,1,Quality Issues
ORD008807,CUST01287,PROD004,Books,499,124.75,374.25,4.4,0,4,standard,card,2025-11-04,0,
ORD008808,CUST01793,PROD013,Home & Lifestyle,2999,299.9,2699.1,3.4,2,1,express,upi,2026-07-08,0,
ORD008809,CUST00295,PROD010,Fashion,1299,0.0,1299.0,4.5,0,1,express,card,2026-04-25,0,
ORD008810,CUST01657,PROD019,Electronics,1299,194.85,1104.15,3.8,0,2,express,cod,2025-10-31,0,
ORD008811,CUST01809,PROD016,Beauty,499,49.9,449.1,3.7,4,3,standard,cod,2026-01-14,1,Product Not as Expected
ORD008812,CUST01434,PROD010,Fashion,1299,519.6,779.4,4.8,2,3,standard,upi,2026-05-19,1,Late Delivery
ORD008813,CUST01872,PROD016,Beauty,499,0.0,499.0,3.5,4,4,standard,card,2026-03-26,0,
ORD008814,CUST01094,PROD015,Beauty,2999,0.0,2999.0,2.7,0,4,standard,upi,2026-07-16,0,
ORD008815,CUST00409,PROD005,Fashion,1299,259.8,1039.2,2.7,2,2,express,upi,2025-10-07,1,Wrong Size
ORD008816,CUST01368,PROD001,Beauty,1999,299.85,1699.15,3.0,1,3,standard,upi,2026-02-17,1,Wrong Size
ORD008817,CUST01989,PROD015,Beauty,2999,449.85,2549.15,2.5,3,4,standard,card,2026-01-17,1,Changed Mind
ORD008818,CUST01098,PROD009,Home & Lifestyle,1999,499.75,1499.25,4.0,1,3,standard,card,2025-10-22,0,
ORD008819,CUST01095,PROD009,Home & Lifestyle,1999,0.0,1999.0,4.0,0,6,standard,cod,2026-02-08,0,
ORD008820,CUST00166,PROD006,Books,1299,389.7,909.3,2.7,2,6,standard,upi,2025-12-19,0,
ORD008821,CUST00137,PROD011,Fashion,299,29.9,269.1,2.5,0,1,express,card,2025-09-26,1,Quality Issues
ORD008822,CUST00321,PROD007,Fashion,1299,324.75,974.25,4.4,1,2,express,card,2025-09-24,0,
ORD008823,CUST00405,PROD010,Fashion,1299,129.9,1169.1,4.8,7,1,express,upi,2025-12-21,0,
ORD008824,CUST00161,PROD017,Beauty,299,44.85,254.15,4.9,3,2,express,upi,2026-06-03,0,
ORD008825,CUST01812,PROD009,Home & Lifestyle,1999,0.0,1999.0,3.8,2,6,standard,card,2025-09-24,1,Better Price Elsewhere
ORD008826,CUST00884,PROD019,Electronics,1299,0.0,1299.0,3.6,2,1,express,cod,2026-06-25,0,
ORD008827,CUST01188,PROD002,Books,4999,1249.75,3749.25,3.5,3,3,standard,upi,2026-06-25,0,
ORD008828,CUST01592,PROD008,Home & Lifestyle,1299,0.0,1299.0,3.5,0,6,standard,upi,2026-02-07,1,Product Not as Expected
ORD008829,CUST00736,PROD013,Home & Lifestyle,2999,449.85,2549.15,3.3,0,4,standard,card,2025-11-26,0,
ORD008830,CUST00099,PROD010,Fashion,1299,0.0,1299.0,4.8,0,2,express,card,2025-10-28,1,Damaged/Defective
ORD008831,CUST00768,PROD008,Home & Lifestyle,1299,0.0,1299.0,3.9,0,3,standard,card,2026-05-01,0,
ORD008832,CUST00082,PROD010,Fashion,1299,0.0,1299.0,4.9,0,2,express,cod,2025-11-28,1,Ordered by Mistake
ORD008833,CUST01359,PROD012,Beauty,4999,1999.6,2999.4,4.0,2,6,standard,upi,2026-01-21,1,Ordered by Mistake
ORD008834,CUST00260,PROD002,Books,4999,499.9,4499.1,3.3,0,4,standard,card,2025-10-21,0,
ORD008835,CUST01421,PROD011,Fashion,299,0.0,299.0,2.5,0,3,standard,upi,2026-03-07,1,Late Delivery
ORD008836,CUST01663,PROD010,Fashion,1299,0.0,1299.0,4.7,3,5,standard,cod,2026-01-26,0,
ORD008837,CUST00003,PROD020,Books,4999,0.0,4999.0,2.8,0,5,standard,upi,2025-10-28,0,
ORD008838,CUST01394,PROD015,Beauty,2999,449.85,2549.15,2.4,4,6,standard,card,2026-05-17,1,Quality Issues
ORD008839,CUST00118,PROD007,Fashion,1299,0.0,1299.0,4.5,3,2,express,card,2026-02-04,0,
ORD008840,CUST01867,PROD019,Electronics,1299,194.85,1104.15,4.1,2,10,economy,cod,2026-06-29,0,
ORD008841,CUST01897,PROD018,Books,499,0.0,499.0,3.4,2,4,standard,upi,2026-02-20,1,Damaged/Defective
ORD008842,CUST01879,PROD016,Beauty,499,0.0,499.0,3.5,0,3,standard,card,2026-06-16,0,
ORD008843,CUST00109,PROD011,Fashion,299,29.9,269.1,2.2,7,4,standard,card,2025-09-26,0,
ORD008844,CUST00577,PROD014,Beauty,499,199.6,299.4,3.2,6,3,standard,upi,2026-07-05,1,Wrong Size
ORD008845,CUST01769,PROD007,Fashion,1299,259.8,1039.2,4.4,2,8,economy,card,2025-11-30,0,
ORD008846,CUST01816,PROD012,Beauty,4999,0.0,4999.0,4.2,4,2,express,card,2025-11-07,1,Ordered by Mistake
ORD008847,CUST01098,PROD020,Books,4999,0.0,4999.0,2.9,8,2,express,upi,2026-07-24,0,
ORD008848,CUST00704,PROD013,Home & Lifestyle,2999,599.8,2399.2,3.2,5,5,standard,card,2026-07-29,0,
ORD008849,CUST00370,PROD003,Home & Lifestyle,1999,399.8,1599.2,3.9,1,5,standard,cod,2026-01-15,0,
ORD008850,CUST00543,PROD014,Beauty,499,74.85,424.15,3.8,2,6,standard,card,2026-03-18,0,
ORD008851,CUST01552,PROD020,Books,4999,1999.6,2999.4,3.2,0,4,standard,upi,2026-06-06,0,
ORD008852,CUST00844,PROD002,Books,4999,999.8,3999.2,3.6,0,7,economy,upi,2026-07-08,0,
ORD008853,CUST01229,PROD005,Fashion,1299,0.0,1299.0,3.1,0,2,express,upi,2026-04-20,0,
ORD008854,CUST01332,PROD019,Electronics,1299,259.8,1039.2,3.9,4,4,standard,card,2026-03-17,0,
ORD008855,CUST01610,PROD007,Fashion,1299,0.0,1299.0,4.7,0,2,express,upi,2025-10-15,0,
ORD008856,CUST00255,PROD008,Home & Lifestyle,1299,0.0,1299.0,3.6,1,1,express,card,2026-05-01,0,
ORD008857,CUST01812,PROD016,Beauty,499,49.9,449.1,3.5,1,4,standard,cod,2025-10-08,1,Better Price Elsewhere
ORD008858,CUST01744,PROD017,Beauty,299,29.9,269.1,4.9,0,6,standard,wallet,2026-05-12,1,Better Price Elsewhere
ORD008859,CUST01891,PROD016,Beauty,499,124.75,374.25,3.5,1,2,express,upi,2026-02-17,0,
ORD008860,CUST01765,PROD015,Beauty,2999,599.8,2399.2,2.6,9,3,standard,card,2025-12-24,0,
ORD008861,CUST01768,PROD013,Home & Lifestyle,2999,449.85,2549.15,3.5,0,2,express,card,2026-08-11,0,
ORD008862,CUST00657,PROD010,Fashion,1299,194.85,1104.15,4.4,0,5,standard,card,2026-05-06,0,
ORD008863,CUST01868,PROD002,Books,4999,999.8,3999.2,3.8,5,4,standard,upi,2025-12-02,0,
ORD008864,CUST01530,PROD012,Beauty,4999,1499.7,3499.3,4.0,2,2,express,card,2026-01-08,0,
ORD008865,CUST01726,PROD018,Books,499,0.0,499.0,3.9,1,6,standard,cod,2026-05-04,0,
ORD008866,CUST00724,PROD011,Fashion,299,59.8,239.2,2.7,3,3,standard,card,2026-01-11,1,Changed Mind
ORD008867,CUST01438,PROD009,Home & Lifestyle,1999,0.0,1999.0,4.0,0,4,standard,wallet,2026-05-04,0,
ORD008868,CUST01434,PROD018,Books,499,74.85,424.15,3.8,2,2,express,card,2026-07-01,0,
ORD008869,CUST00424,PROD008,Home & Lifestyle,1299,259.8,1039.2,3.4,0,2,express,card,2026-09-08,1,Better Price Elsewhere
ORD008870,CUST00939,PROD011,Fashion,299,0.0,299.0,2.2,0,3,standard,upi,2026-02-04,1,Changed Mind
ORD008871,CUST00447,PROD007,Fashion,1299,324.75,974.25,4.8,1,6,standard,upi,2025-12-19,0,
ORD008872,CUST01026,PROD018,Books,499,74.85,424.15,3.6,1,3,standard,card,2026-06-15,0,
ORD008873,CUST01338,PROD016,Beauty,499,49.9,449.1,3.2,1,6,standard,upi,2025-09-18,1,Damaged/Defective
ORD008874,CUST01100,PROD002,Books,4999,499.9,4499.1,3.3,1,4,standard,upi,2026-01-20,0,
ORD008875,CUST00418,PROD020,Books,4999,0.0,4999.0,3.2,1,6,standard,card,2026-06-18,0,
ORD008876,CUST00285,PROD012,Beauty,4999,1499.7,3499.3,3.8,6,6,standard,card,2025-12-09,1,Late Delivery
ORD008877,CUST00464,PROD004,Books,499,0.0,499.0,4.2,2,6,standard,card,2026-05-06,1,Late Delivery
ORD008878,CUST00070,PROD007,Fashion,1299,259.8,1039.2,4.4,0,5,standard,card,2026-05-25,0,
ORD008879,CUST00642,PROD010,Fashion,1299,0.0,1299.0,4.4,3,3,standard,card,2025-09-30,1,Wrong Size
ORD008880,CUST01618,PROD008,Home & Lifestyle,1299,194.85,1104.15,3.7,1,3,standard,card,2026-02-11,1,Product Not as Expected
ORD008881,CUST01397,PROD020,Books,4999,749.85,4249.15,2.6,2,6,standard,card,2026-04-18,1,Damaged/Defective
ORD008882,CUST01803,PROD002,Books,4999,999.8,3999.2,3.4,1,3,standard,wallet,2026-02-15,1,Wrong Size
ORD008883,CUST00928,PROD018,Books,499,124.75,374.25,3.7,0,6,standard,card,2025-11-28,1,Wrong Size
ORD008884,CUST00501,PROD013,Home & Lifestyle,2999,899.7,2099.3,3.6,6,1,express,cod,2026-01-24,0,
ORD008885,CUST01716,PROD003,Home & Lifestyle,1999,199.9,1799.1,3.6,2,2,express,upi,2026-04-30,0,
ORD008886,CUST01344,PROD017,Beauty,299,0.0,299.0,5.0,0,5,standard,card,2025-10-10,0,
ORD008887,CUST01811,PROD019,Electronics,1299,259.8,1039.2,3.9,0,4,standard,card,2025-10-21,1,Quality Issues
ORD008888,CUST00422,PROD007,Fashion,1299,389.7,909.3,4.7,2,6,standard,card,2025-10-24,0,
ORD008889,CUST00388,PROD009,Home & Lifestyle,1999,199.9,1799.1,3.9,1,6,standard,upi,2026-08-03,0,
ORD008890,CUST01266,PROD013,Home & Lifestyle,2999,0.0,2999.0,3.5,2,2,express,cod,2025-11-18,1,Ordered by Mistake
ORD008891,CUST01066,PROD012,Beauty,4999,0.0,4999.0,4.1,1,4,standard,upi,2026-07-27,0,
ORD008892,CUST00303,PROD012,Beauty,4999,0.0,4999.0,4.1,3,6,standard,card,2026-06-04,0,
ORD008893,CUST01168,PROD008,Home & Lifestyle,1299,0.0,1299.0,3.6,0,6,standard,upi,2025-12-14,1,Damaged/Defective
ORD008894,CUST00965,PROD015,Beauty,2999,0.0,2999.0,2.7,3,1,express,upi,2026-03-05,1,Late Delivery
ORD008895,CUST00905,PROD016,Beauty,499,49.9,449.1,3.5,0,3,standard,upi,2026-01-15,0,
ORD008896,CUST00109,PROD013,Home & Lifestyle,2999,449.85,2549.15,3.6,0,1,express,cod,2026-01-22,0,
ORD008897,CUST01191,PROD003,Home & Lifestyle,1999,0.0,1999.0,3.6,9,4,standard,card,2026-01-25,1,Wrong Size
ORD008898,CUST01098,PROD007,Fashion,1299,194.85,1104.15,4.9,1,10,economy,card,2026-08-13,0,
ORD008899,CUST00968,PROD002,Books,4999,499.9,4499.1,3.3,1,1,express,upi,2026-06-25,0,
ORD008900,CUST01455,PROD002,Books,4999,749.85,4249.15,3.4,2,6,standard,upi,2025-10-21,1,Better Price Elsewhere
ORD008901,CUST00640,PROD017,Beauty,299,59.8,239.2,4.6,1,5,standard,card,2025-10-22,0,
ORD008902,CUST00582,PROD020,Books,4999,0.0,4999.0,2.8,5,3,standard,card,2026-05-07,0,
ORD008903,CUST01246,PROD001,Beauty,1999,0.0,1999.0,3.0,5,1,express,card,2026-01-29,1,Better Price Elsewhere
ORD008904,CUST01402,PROD010,Fashion,1299,259.8,1039.2,4.5,2,6,standard,card,2025-11-19,1,Ordered by Mistake
ORD008905,CUST00889,PROD006,Books,1299,259.8,1039.2,2.9,1,4,standard,upi,2026-07-24,1,Wrong Size
ORD008906,CUST00818,PROD010,Fashion,1299,194.85,1104.15,4.4,2,3,standard,card,2025-11-09,0,
ORD008907,CUST00958,PROD019,Electronics,1299,129.9,1169.1,3.8,5,2,express,card,2025-10-06,0,
ORD008908,CUST00322,PROD012,Beauty,4999,749.85,4249.15,3.9,0,4,standard,upi,2025-11-12,0,
ORD008909,CUST00936,PROD013,Home & Lifestyle,2999,299.9,2699.1,3.5,3,10,economy,upi,2026-02-21,0,
ORD008910,CUST01612,PROD001,Beauty,1999,0.0,1999.0,3.1,3,2,express,wallet,2025-11-26,0,
ORD008911,CUST00481,PROD017,Beauty,299,74.75,224.25,4.9,0,3,standard,card,2026-07-28,1,Changed Mind
ORD008912,CUST01922,PROD003,Home & Lifestyle,1999,399.8,1599.2,4.0,0,1,express,card,2026-03-27,0,
ORD008913,CUST01006,PROD014,Beauty,499,49.9,449.1,3.8,4,9,economy,cod,2026-01-14,1,Ordered by Mistake
ORD008914,CUST00549,PROD010,Fashion,1299,324.75,974.25,4.5,5,1,express,card,2025-11-10,1,Wrong Size
ORD008915,CUST01118,PROD001,Beauty,1999,0.0,1999.0,2.9,1,4,standard,upi,2026-01-11,1,Changed Mind
ORD008916,CUST01462,PROD014,Beauty,499,74.85,424.15,3.7,1,3,standard,card,2026-06-21,0,
ORD008917,CUST00790,PROD002,Books,4999,999.8,3999.2,3.7,6,5,standard,card,2026-03-03,0,
ORD008918,CUST00734,PROD013,Home & Lifestyle,2999,1199.6,1799.4,3.6,0,5,standard,cod,2026-07-15,0,
ORD008919,CUST00562,PROD016,Beauty,499,124.75,374.25,3.2,0,5,standard,card,2026-03-13,1,Changed Mind
ORD008920,CUST00381,PROD019,Electronics,1299,389.7,909.3,3.6,3,3,standard,card,2026-04-20,0,
ORD008921,CUST01116,PROD017,Beauty,299,44.85,254.15,4.5,5,2,express,card,2026-03-10,1,Late Delivery
ORD008922,CUST01533,PROD012,Beauty,4999,0.0,4999.0,4.2,2,5,standard,upi,2026-07-21,1,Changed Mind
ORD008923,CUST00296,PROD002,Books,4999,1499.7,3499.3,3.6,5,6,standard,wallet,2026-03-28,1,Damaged/Defective
ORD008924,CUST01421,PROD012,Beauty,4999,1249.75,3749.25,4.3,0,7,economy,cod,2026-03-28,0,
ORD008925,CUST01262,PROD009,Home & Lifestyle,1999,199.9,1799.1,4.1,5,2,express,upi,2026-04-10,1,Wrong Size
ORD008926,CUST01639,PROD006,Books,1299,0.0,1299.0,2.6,0,4,standard,card,2026-04-20,0,
ORD008927,CUST01827,PROD020,Books,4999,0.0,4999.0,3.2,6,6,standard,card,2026-03-26,1,Damaged/Defective
ORD008928,CUST01671,PROD010,Fashion,1299,259.8,1039.2,5.0,2,1,express,upi,2026-01-07,0,
ORD008929,CUST00226,PROD011,Fashion,299,119.6,179.4,2.2,6,10,economy,card,2025-10-24,0,
ORD008930,CUST00810,PROD005,Fashion,1299,259.8,1039.2,2.6,6,3,standard,card,2025-10-29,0,
ORD008931,CUST01761,PROD005,Fashion,1299,194.85,1104.15,2.8,5,3,standard,card,2026-05-24,0,
ORD008932,CUST01594,PROD018,Books,499,74.85,424.15,3.4,0,5,standard,upi,2026-03-30,1,Product Not as Expected
ORD008933,CUST01852,PROD016,Beauty,499,0.0,499.0,3.3,0,4,standard,upi,2025-10-13,1,Quality Issues
ORD008934,CUST00874,PROD009,Home & Lifestyle,1999,0.0,1999.0,4.1,0,5,standard,card,2026-04-16,0,
ORD008935,CUST01209,PROD017,Beauty,299,44.85,254.15,4.9,1,3,standard,cod,2026-03-16,1,Wrong Size
ORD008936,CUST00613,PROD002,Books,4999,499.9,4499.1,3.3,2,6,standard,upi,2026-02-13,0,
ORD008937,CUST00340,PROD005,Fashion,1299,259.8,1039.2,3.2,2,2,express,card,2025-11-30,0,
ORD008938,CUST00116,PROD006,Books,1299,194.85,1104.15,2.9,2,2,express,upi,2026-01-31,0,
ORD008939,CUST01453,PROD014,Beauty,499,49.9,449.1,3.6,0,10,economy,upi,2026-06-16,0,
ORD008940,CUST00119,PROD007,Fashion,1299,324.75,974.25,5.0,0,2,express,card,2025-09-19,1,Ordered by Mistake
ORD008941,CUST01049,PROD018,Books,499,49.9,449.1,3.8,1,8,economy,upi,2025-10-16,0,
ORD008942,CUST01899,PROD018,Books,499,124.75,374.25,3.8,4,3,standard,upi,2026-03-29,0,
ORD008943,CUST00888,PROD018,Books,499,74.85,424.15,3.8,1,3,standard,cod,2026-06-26,0,
ORD008944,CUST00658,PROD013,Home & Lifestyle,2999,0.0,2999.0,3.4,1,4,standard,card,2026-02-08,1,Better Price Elsewhere
ORD008945,CUST00274,PROD019,Electronics,1299,259.8,1039.2,3.8,9,7,economy,card,2026-07-06,1,Ordered by Mistake
ORD008946,CUST01476,PROD007,Fashion,1299,0.0,1299.0,5.0,3,1,express,card,2026-06-15,0,
ORD008947,CUST01219,PROD014,Beauty,499,99.8,399.2,3.3,0,6,standard,cod,2026-02-19,0,
ORD008948,CUST00006,PROD008,Home & Lifestyle,1299,0.0,1299.0,3.8,1,8,economy,upi,2025-09-12,0,
ORD008949,CUST01301,PROD006,Books,1299,519.6,779.4,2.7,0,1,express,cod,2026-07-23,0,
ORD008950,CUST01910,PROD008,Home & Lifestyle,1299,0.0,1299.0,3.8,4,2,express,upi,2026-08-28,1,Damaged/Defective
ORD008951,CUST00907,PROD007,Fashion,1299,0.0,1299.0,4.8,1,11,economy,card,2026-01-18,0,
ORD008952,CUST00334,PROD011,Fashion,299,44.85,254.15,2.7,1,2,express,upi,2026-03-29,1,Changed Mind
ORD008953,CUST00217,PROD018,Books,499,124.75,374.25,3.9,2,7,economy,cod,2025-10-05,0,
ORD008954,CUST01350,PROD008,Home & Lifestyle,1299,259.8,1039.2,3.6,0,3,standard,upi,2025-10-26,0,
ORD008955,CUST00621,PROD018,Books,499,74.85,424.15,3.8,1,1,express,upi,2026-05-17,0,
ORD008956,CUST01616,PROD013,Home & Lifestyle,2999,449.85,2549.15,3.4,0,7,economy,wallet,2025-11-15,0,
ORD008957,CUST01555,PROD005,Fashion,1299,0.0,1299.0,2.7,7,5,standard,card,2025-09-15,1,Damaged/Defective
ORD008958,CUST00019,PROD008,Home & Lifestyle,1299,0.0,1299.0,3.4,0,1,express,card,2025-11-09,0,
ORD008959,CUST00105,PROD018,Books,499,199.6,299.4,3.5,7,4,standard,cod,2026-02-11,1,Wrong Size
ORD008960,CUST00900,PROD016,Beauty,499,0.0,499.0,3.4,0,5,standard,card,2026-06-14,0,
ORD008961,CUST01652,PROD008,Home & Lifestyle,1299,129.9,1169.1,3.7,0,4,standard,card,2026-06-21,0,
ORD008962,CUST00936,PROD010,Fashion,1299,0.0,1299.0,4.5,0,3,standard,card,2025-10-27,1,Better Price Elsewhere
ORD008963,CUST00189,PROD001,Beauty,1999,199.9,1799.1,2.7,3,5,standard,card,2025-10-28,1,Wrong Size
ORD008964,CUST01582,PROD006,Books,1299,0.0,1299.0,2.5,0,1,express,cod,2026-04-17,1,Late Delivery
ORD008965,CUST01548,PROD012,Beauty,4999,499.9,4499.1,4.4,0,4,standard,card,2026-07-14,0,
ORD008966,CUST01871,PROD002,Books,4999,499.9,4499.1,3.7,3,5,standard,wallet,2025-12-07,0,
ORD008967,CUST00723,PROD004,Books,499,0.0,499.0,4.2,6,4,standard,card,2026-07-30,0,
ORD008968,CUST00887,PROD004,Books,499,74.85,424.15,4.2,7,5,standard,card,2026-03-03,0,
ORD008969,CUST01002,PROD003,Home & Lifestyle,1999,799.6,1199.4,4.0,0,5,standard,cod,2026-01-03,1,Ordered by Mistake
ORD008970,CUST01070,PROD012,Beauty,4999,1249.75,3749.25,4.2,0,3,standard,cod,2025-12-18,1,Ordered by Mistake
ORD008971,CUST00522,PROD016,Beauty,499,0.0,499.0,3.1,2,6,standard,card,2026-06-09,1,Late Delivery
ORD008972,CUST01320,PROD007,Fashion,1299,324.75,974.25,4.4,3,9,economy,upi,2026-07-02,0,
ORD008973,CUST00498,PROD017,Beauty,299,29.9,269.1,4.9,6,1,express,wallet,2026-03-19,1,Ordered by Mistake
ORD008974,CUST01021,PROD014,Beauty,499,0.0,499.0,3.5,1,6,standard,card,2025-10-18,0,
ORD008975,CUST00495,PROD016,Beauty,499,0.0,499.0,3.2,2,6,standard,upi,2025-11-20,1,Ordered by Mistake
ORD008976,CUST00836,PROD014,Beauty,499,99.8,399.2,3.6,0,5,standard,card,2026-02-16,0,
ORD008977,CUST01498,PROD019,Electronics,1299,0.0,1299.0,3.7,3,5,standard,wallet,2026-03-15,0,
ORD008978,CUST00241,PROD006,Books,1299,519.6,779.4,2.5,5,9,economy,cod,2025-12-18,0,
ORD008979,CUST01673,PROD006,Books,1299,0.0,1299.0,2.4,1,6,standard,upi,2026-07-25,1,Ordered by Mistake
ORD008980,CUST00417,PROD014,Beauty,499,49.9,449.1,3.8,0,4,standard,cod,2026-03-12,0,
ORD008981,CUST01460,PROD013,Home & Lifestyle,2999,299.9,2699.1,3.2,5,2,express,upi,2026-05-19,0,
ORD008982,CUST01493,PROD003,Home & Lifestyle,1999,0.0,1999.0,4.1,1,2,express,upi,2026-01-13,0,
ORD008983,CUST00766,PROD012,Beauty,4999,1499.7,3499.3,4.3,2,1,express,cod,2025-11-03,0,
ORD008984,CUST01275,PROD004,Books,499,124.75,374.25,4.0,2,2,express,card,2026-07-03,0,
ORD008985,CUST01482,PROD008,Home & Lifestyle,1299,519.6,779.4,3.5,2,2,express,card,2026-09-08,1,Late Delivery
ORD008986,CUST01947,PROD003,Home & Lifestyle,1999,499.75,1499.25,4.1,4,4,standard,card,2025-10-15,1,Better Price Elsewhere
ORD008987,CUST00214,PROD019,Electronics,1299,0.0,1299.0,3.6,1,5,standard,card,2025-11-06,0,
ORD008988,CUST01419,PROD014,Beauty,499,0.0,499.0,3.3,3,6,standard,cod,2026-05-06,1,Damaged/Defective
ORD008989,CUST00802,PROD013,Home & Lifestyle,2999,299.9,2699.1,3.1,2,2,express,wallet,2025-12-18,0,
ORD008990,CUST00481,PROD012,Beauty,4999,1499.7,3499.3,4.0,0,5,standard,card,2026-04-16,1,Late Delivery
ORD008991,CUST01761,PROD003,Home & Lifestyle,1999,399.8,1599.2,4.0,2,1,express,cod,2026-07-23,0,
ORD008992,CUST01974,PROD007,Fashion,1299,129.9,1169.1,4.4,6,5,standard,cod,2026-04-22,1,Ordered by Mistake
ORD008993,CUST01709,PROD009,Home & Lifestyle,1999,399.8,1599.2,3.8,3,6,standard,card,2026-06-24,1,Better Price Elsewhere
ORD008994,CUST00008,PROD020,Books,4999,1499.7,3499.3,2.7,1,5,standard,card,2025-12-27,0,
ORD008995,CUST00380,PROD020,Books,4999,999.8,3999.2,3.1,3,4,standard,card,2026-05-29,0,
ORD008996,CUST01883,PROD018,Books,499,0.0,499.0,3.9,2,4,standard,card,2025-12-31,1,Late Delivery
ORD008997,CUST00272,PROD007,Fashion,1299,0.0,1299.0,5.0,1,3,standard,card,2026-04-06,0,
ORD008998,CUST00905,PROD007,Fashion,1299,129.9,1169.1,4.7,6,5,standard,card,2025-10-07,0,
ORD008999,CUST00980,PROD005,Fashion,1299,129.9,1169.1,3.2,6,6,standard,upi,2025-11-20,1,Quality Issues
ORD009000,CUST01114,PROD005,Fashion,1299,259.8,1039.2,2.7,0,4,standard,card,2026-04-25,0,
ORD009001,CUST00434,PROD004,Books,499,149.7,349.3,3.9,0,4,standard,upi,2025-09-21,0,
ORD009002,CUST00232,PROD011,Fashion,299,44.85,254.15,2.7,0,1,express,card,2026-03-28,0,
ORD009003,CUST00456,PROD020,Books,4999,499.9,4499.1,3.1,1,3,standard,card,2026-06-20,0,
ORD009004,CUST00912,PROD003,Home & Lifestyle,1999,0.0,1999.0,3.8,5,4,standard,card,2026-01-29,1,Changed Mind
ORD009005,CUST01475,PROD017,Beauty,299,0.0,299.0,4.9,1,5,standard,card,2026-06-04,0,
ORD009006,CUST00536,PROD019,Electronics,1299,0.0,1299.0,3.9,0,4,standard,upi,2026-03-27,0,
ORD009007,CUST01934,PROD009,Home & Lifestyle,1999,0.0,1999.0,4.0,1,6,standard,card,2025-11-16,0,
ORD009008,CUST00060,PROD005,Fashion,1299,0.0,1299.0,3.2,1,6,standard,upi,2026-06-03,1,Product Not as Expected
ORD009009,CUST01215,PROD003,Home & Lifestyle,1999,399.8,1599.2,3.9,2,6,standard,card,2026-04-29,1,Better Price Elsewhere
ORD009010,CUST01883,PROD013,Home & Lifestyle,2999,749.75,2249.25,3.4,7,3,standard,card,2026-01-28,0,
ORD009011,CUST01750,PROD006,Books,1299,129.9,1169.1,2.8,5,1,express,upi,2025-09-22,1,Quality Issues
ORD009012,CUST00111,PROD011,Fashion,299,0.0,299.0,2.3,4,1,express,card,2025-12-16,1,Product Not as Expected
ORD009013,CUST01842,PROD010,Fashion,1299,0.0,1299.0,4.6,2,1,express,upi,2026-03-21,0,
ORD009014,CUST00336,PROD005,Fashion,1299,259.8,1039.2,2.9,3,5,standard,upi,2025-12-05,1,Better Price Elsewhere
ORD009015,CUST00112,PROD012,Beauty,4999,749.85,4249.15,4.0,2,2,express,cod,2026-04-06,0,
ORD009016,CUST00023,PROD013,Home & Lifestyle,2999,449.85,2549.15,3.6,4,6,standard,card,2026-02-09,0,
ORD009017,CUST00733,PROD020,Books,4999,499.9,4499.1,2.9,2,3,standard,upi,2026-04-20,0,
ORD009018,CUST01343,PROD011,Fashion,299,0.0,299.0,2.5,4,3,standard,card,2025-12-23,0,
ORD009019,CUST01552,PROD015,Beauty,2999,449.85,2549.15,2.6,4,8,economy,cod,2026-01-02,1,Changed Mind
ORD009020,CUST01962,PROD010,Fashion,1299,0.0,1299.0,4.8,0,4,standard,cod,2026-04-09,0,
ORD009021,CUST01956,PROD010,Fashion,1299,259.8,1039.2,4.8,2,3,standard,card,2026-03-20,0,
ORD009022,CUST00856,PROD006,Books,1299,324.75,974.25,2.4,6,4,standard,cod,2025-12-22,0,
ORD009023,CUST01373,PROD002,Books,4999,749.85,4249.15,3.6,5,5,standard,card,2026-01-29,0,
ORD009024,CUST01049,PROD002,Books,4999,0.0,4999.0,3.3,0,2,express,cod,2025-09-29,0,
ORD009025,CUST00915,PROD008,Home & Lifestyle,1299,0.0,1299.0,3.4,0,2,express,upi,2025-11-20,1,Changed Mind
ORD009026,CUST01270,PROD001,Beauty,1999,0.0,1999.0,2.7,0,2,express,cod,2026-03-05,1,Damaged/Defective
ORD009027,CUST00547,PROD017,Beauty,299,44.85,254.15,4.4,5,3,standard,upi,2026-08-23,0,
ORD009028,CUST00750,PROD011,Fashion,299,44.85,254.15,2.8,5,4,standard,card,2026-05-24,0,
ORD009029,CUST01148,PROD011,Fashion,299,0.0,299.0,2.5,6,6,standard,card,2025-12-25,1,Product Not as Expected
ORD009030,CUST01577,PROD013,Home & Lifestyle,2999,749.75,2249.25,3.4,1,4,standard,upi,2026-03-12,0,
ORD009031,CUST01345,PROD013,Home & Lifestyle,2999,749.75,2249.25,3.3,0,5,standard,wallet,2026-07-29,0,
ORD009032,CUST00263,PROD008,Home & Lifestyle,1299,259.8,1039.2,3.4,0,1,express,upi,2026-05-06,1,Changed Mind
ORD009033,CUST00982,PROD001,Beauty,1999,599.7,1399.3,2.8,2,6,standard,cod,2026-06-20,1,Product Not as Expected
ORD009034,CUST01533,PROD017,Beauty,299,0.0,299.0,4.5,5,3,standard,cod,2025-11-17,1,Quality Issues
ORD009035,CUST00339,PROD012,Beauty,4999,0.0,4999.0,4.3,0,6,standard,cod,2025-09-10,0,
ORD009036,CUST00468,PROD010,Fashion,1299,194.85,1104.15,4.5,3,5,standard,upi,2026-05-24,1,Changed Mind
ORD009037,CUST00407,PROD007,Fashion,1299,129.9,1169.1,4.8,0,6,standard,card,2026-03-03,0,
ORD009038,CUST00089,PROD003,Home & Lifestyle,1999,799.6,1199.4,4.0,4,6,standard,upi,2026-08-27,1,Product Not as Expected
ORD009039,CUST00933,PROD016,Beauty,499,74.85,424.15,3.6,0,6,standard,card,2026-05-25,1,Ordered by Mistake
ORD009040,CUST00473,PROD010,Fashion,1299,129.9,1169.1,5.0,0,3,standard,upi,2025-12-05,0,
ORD009041,CUST00503,PROD013,Home & Lifestyle,2999,1199.6,1799.4,3.5,3,2,express,upi,2026-01-17,0,
ORD009042,CUST01204,PROD019,Electronics,1299,129.9,1169.1,4.1,3,3,standard,card,2026-06-21,0,
ORD009043,CUST01774,PROD011,Fashion,299,29.9,269.1,2.6,1,4,standard,card,2025-10-14,0,
ORD009044,CUST01457,PROD016,Beauty,499,149.7,349.3,3.7,3,3,standard,card,2026-04-26,1,Wrong Size
ORD009045,CUST01221,PROD007,Fashion,1299,324.75,974.25,4.4,2,2,express,cod,2026-05-24,0,
ORD009046,CUST00873,PROD001,Beauty,1999,199.9,1799.1,2.6,3,1,express,cod,2026-06-19,0,
ORD009047,CUST01881,PROD020,Books,4999,499.9,4499.1,3.0,0,3,standard,upi,2026-07-22,0,
ORD009048,CUST01870,PROD002,Books,4999,499.9,4499.1,3.4,0,2,express,card,2026-05-24,0,
ORD009049,CUST01427,PROD017,Beauty,299,0.0,299.0,5.0,1,2,express,cod,2026-04-04,0,
ORD009050,CUST00538,PROD018,Books,499,74.85,424.15,3.8,0,5,standard,upi,2026-02-25,0,
ORD009051,CUST01761,PROD002,Books,4999,999.8,3999.2,3.5,6,9,economy,upi,2025-11-18,1,Better Price Elsewhere
ORD009052,CUST00016,PROD014,Beauty,499,0.0,499.0,3.4,3,10,economy,card,2026-01-08,1,Changed Mind
ORD009053,CUST01987,PROD005,Fashion,1299,324.75,974.25,3.1,0,1,express,upi,2025-09-24,0,
ORD009054,CUST01940,PROD004,Books,499,74.85,424.15,4.5,4,2,express,card,2026-06-27,0,
ORD009055,CUST00021,PROD010,Fashion,1299,194.85,1104.15,4.6,0,1,express,card,2026-06-06,1,Quality Issues
ORD009056,CUST00424,PROD020,Books,4999,999.8,3999.2,2.6,1,4,standard,upi,2025-10-25,0,
ORD009057,CUST01643,PROD002,Books,4999,499.9,4499.1,3.8,0,5,standard,upi,2026-04-17,0,
ORD009058,CUST00653,PROD020,Books,4999,0.0,4999.0,2.8,3,2,express,card,2026-05-17,0,
ORD009059,CUST01845,PROD017,Beauty,299,59.8,239.2,4.7,4,1,express,card,2026-06-26,1,Product Not as Expected
ORD009060,CUST00992,PROD014,Beauty,499,74.85,424.15,3.5,1,4,standard,upi,2026-06-16,0,
ORD009061,CUST01389,PROD001,Beauty,1999,599.7,1399.3,3.1,1,6,standard,card,2026-01-10,1,Damaged/Defective
ORD009062,CUST01646,PROD015,Beauty,2999,0.0,2999.0,2.4,0,1,express,upi,2025-10-09,0,
ORD009063,CUST01383,PROD008,Home & Lifestyle,1299,324.75,974.25,3.7,5,5,standard,card,2026-04-01,0,
ORD009064,CUST01951,PROD003,Home & Lifestyle,1999,299.85,1699.15,3.9,3,4,standard,card,2025-11-09,1,Changed Mind
ORD009065,CUST01286,PROD007,Fashion,1299,0.0,1299.0,4.6,7,4,standard,card,2026-08-06,0,
ORD009066,CUST00979,PROD010,Fashion,1299,259.8,1039.2,4.8,5,5,standard,card,2026-07-03,0,
ORD009067,CUST00063,PROD014,Beauty,499,149.7,349.3,3.8,1,2,express,cod,2026-06-14,0,
ORD009068,CUST00222,PROD015,Beauty,2999,449.85,2549.15,2.8,5,5,standard,cod,2026-08-25,0,
ORD009069,CUST01706,PROD003,Home & Lifestyle,1999,299.85,1699.15,3.8,1,10,economy,card,2026-01-16,0,
ORD009070,CUST01274,PROD007,Fashion,1299,129.9,1169.1,4.9,0,5,standard,upi,2026-05-12,0,
ORD009071,CUST01198,PROD018,Books,499,0.0,499.0,3.9,0,4,standard,cod,2026-03-22,0,
ORD009072,CUST01777,PROD018,Books,499,99.8,399.2,3.8,0,6,standard,cod,2025-12-24,1,Changed Mind
ORD009073,CUST00132,PROD003,Home & Lifestyle,1999,399.8,1599.2,3.9,0,6,standard,card,2026-04-28,0,
ORD009074,CUST01133,PROD006,Books,1299,0.0,1299.0,2.3,0,3,standard,card,2026-07-05,1,Ordered by Mistake
ORD009075,CUST01764,PROD003,Home & Lifestyle,1999,199.9,1799.1,4.1,0,6,standard,upi,2026-04-15,1,Changed Mind
ORD009076,CUST00785,PROD006,Books,1299,0.0,1299.0,2.8,0,10,economy,upi,2025-11-12,1,Damaged/Defective
ORD009077,CUST00454,PROD017,Beauty,299,29.9,269.1,4.8,0,4,standard,card,2026-07-01,1,Damaged/Defective
ORD009078,CUST00070,PROD016,Beauty,499,49.9,449.1,3.1,3,1,express,card,2026-07-29,1,Quality Issues
ORD009079,CUST01691,PROD001,Beauty,1999,0.0,1999.0,2.7,0,6,standard,upi,2025-12-29,1,Product Not as Expected
ORD009080,CUST01369,PROD016,Beauty,499,0.0,499.0,3.4,4,1,express,upi,2025-09-27,0,
ORD009081,CUST01644,PROD008,Home & Lifestyle,1299,259.8,1039.2,3.5,0,8,economy,card,2026-05-16,0,
ORD009082,CUST00226,PROD006,Books,1299,324.75,974.25,2.7,6,1,express,card,2025-09-22,1,Late Delivery
ORD009083,CUST01637,PROD010,Fashion,1299,0.0,1299.0,4.8,0,4,standard,card,2026-05-01,1,Ordered by Mistake
ORD009084,CUST01087,PROD004,Books,499,49.9,449.1,4.2,0,5,standard,wallet,2025-12-10,0,
ORD009085,CUST00288,PROD008,Home & Lifestyle,1299,324.75,974.25,3.7,3,2,express,upi,2025-10-31,1,Ordered by Mistake
ORD009086,CUST00864,PROD006,Books,1299,259.8,1039.2,2.9,3,9,economy,upi,2026-07-10,1,Changed Mind
ORD009087,CUST01506,PROD017,Beauty,299,0.0,299.0,4.5,2,4,standard,card,2026-01-21,0,
ORD009088,CUST00356,PROD017,Beauty,299,44.85,254.15,4.9,0,1,express,card,2025-12-13,0,
ORD009089,CUST01300,PROD017,Beauty,299,119.6,179.4,4.9,2,4,standard,card,2026-04-04,1,Product Not as Expected
ORD009090,CUST01561,PROD017,Beauty,299,0.0,299.0,4.9,0,9,economy,card,2026-03-31,0,
ORD009091,CUST01140,PROD007,Fashion,1299,194.85,1104.15,4.6,2,1,express,card,2026-08-23,0,
ORD009092,CUST01813,PROD020,Books,4999,749.85,4249.15,3.0,0,5,standard,cod,2025-11-01,0,
ORD009093,CUST01092,PROD015,Beauty,2999,1199.6,1799.4,2.4,3,3,standard,upi,2026-06-25,1,Wrong Size
ORD009094,CUST01871,PROD011,Fashion,299,89.7,209.3,2.6,3,5,standard,card,2026-03-22,1,Late Delivery
ORD009095,CUST00008,PROD015,Beauty,2999,599.8,2399.2,2.7,2,4,standard,card,2025-10-06,0,
ORD009096,CUST01156,PROD004,Books,499,99.8,399.2,4.0,1,2,express,card,2026-01-03,0,
ORD009097,CUST01692,PROD004,Books,499,0.0,499.0,4.3,2,4,standard,card,2025-09-18,0,
ORD009098,CUST01105,PROD011,Fashion,299,29.9,269.1,2.7,0,6,standard,card,2026-04-07,0,
ORD009099,CUST01586,PROD012,Beauty,4999,999.8,3999.2,4.4,0,4,standard,upi,2025-11-16,0,
ORD009100,CUST00065,PROD014,Beauty,499,0.0,499.0,3.4,1,1,express,cod,2026-08-01,1,Changed Mind
ORD009101,CUST01125,PROD009,Home & Lifestyle,1999,299.85,1699.15,3.8,2,5,standard,cod,2025-11-29,0,
ORD009102,CUST01349,PROD002,Books,4999,1499.7,3499.3,3.6,0,1,express,card,2026-02-15,0,
ORD009103,CUST01258,PROD002,Books,4999,749.85,4249.15,3.6,3,5,standard,upi,2026-03-06,0,
ORD009104,CUST00021,PROD012,Beauty,4999,0.0,4999.0,4.3,0,3,standard,card,2026-03-02,1,Late Delivery
ORD009105,CUST00016,PROD017,Beauty,299,0.0,299.0,4.6,2,2,express,upi,2026-05-17,1,Damaged/Defective
ORD009106,CUST01212,PROD001,Beauty,1999,199.9,1799.1,2.8,4,6,standard,card,2026-07-27,1,Damaged/Defective
ORD009107,CUST00523,PROD012,Beauty,4999,0.0,4999.0,4.0,4,5,standard,cod,2025-12-30,0,
ORD009108,CUST00245,PROD010,Fashion,1299,0.0,1299.0,4.5,7,6,standard,upi,2026-06-07,0,
ORD009109,CUST00821,PROD005,Fashion,1299,0.0,1299.0,2.9,3,3,standard,upi,2025-10-27,1,Better Price Elsewhere
ORD009110,CUST01425,PROD001,Beauty,1999,399.8,1599.2,2.9,6,2,express,wallet,2026-06-12,1,Ordered by Mistake
ORD009111,CUST00605,PROD010,Fashion,1299,324.75,974.25,4.4,1,1,express,card,2026-07-02,1,Late Delivery
ORD009112,CUST01647,PROD015,Beauty,2999,749.75,2249.25,2.3,5,1,express,upi,2026-06-04,0,
ORD009113,CUST01451,PROD005,Fashion,1299,194.85,1104.15,2.9,0,3,standard,card,2026-07-22,1,Late Delivery
ORD009114,CUST01907,PROD012,Beauty,4999,749.85,4249.15,3.9,1,1,express,card,2025-10-15,1,Product Not as Expected
ORD009115,CUST00021,PROD016,Beauty,499,99.8,399.2,3.4,0,2,express,card,2026-01-18,0,
ORD009116,CUST00726,PROD017,Beauty,299,29.9,269.1,4.7,1,6,standard,upi,2025-10-16,1,Wrong Size
ORD009117,CUST00372,PROD002,Books,4999,499.9,4499.1,3.8,7,11,economy,upi,2026-05-18,1,Changed Mind
ORD009118,CUST01026,PROD019,Electronics,1299,0.0,1299.0,3.9,0,1,express,card,2026-09-05,0,
ORD009119,CUST01656,PROD014,Beauty,499,49.9,449.1,3.3,3,3,standard,upi,2026-02-12,0,
ORD009120,CUST00948,PROD002,Books,4999,999.8,3999.2,3.6,3,6,standard,card,2025-12-01,1,Late Delivery
ORD009121,CUST01129,PROD012,Beauty,4999,0.0,4999.0,4.1,2,6,standard,card,2025-10-10,0,
ORD009122,CUST00611,PROD005,Fashion,1299,0.0,1299.0,2.7,0,11,economy,card,2025-10-29,1,Product Not as Expected
ORD009123,CUST01756,PROD019,Electronics,1299,0.0,1299.0,4.0,1,5,standard,upi,2026-04-23,1,Damaged/Defective
ORD009124,CUST00211,PROD006,Books,1299,389.7,909.3,2.7,0,4,standard,card,2026-01-01,0,
ORD009125,CUST01309,PROD015,Beauty,2999,899.7,2099.3,2.8,0,5,standard,cod,2025-10-18,1,Quality Issues
ORD009126,CUST01811,PROD005,Fashion,1299,129.9,1169.1,2.8,1,2,express,card,2026-02-05,0,
ORD009127,CUST00002,PROD012,Beauty,4999,499.9,4499.1,4.2,0,6,standard,card,2026-06-06,1,Quality Issues
ORD009128,CUST00152,PROD006,Books,1299,0.0,1299.0,2.8,6,4,standard,upi,2026-01-23,1,Damaged/Defective
ORD009129,CUST00862,PROD011,Fashion,299,59.8,239.2,2.7,2,5,standard,card,2026-01-17,0,
ORD009130,CUST01329,PROD010,Fashion,1299,194.85,1104.15,4.7,4,8,economy,upi,2026-01-23,1,Late Delivery
ORD009131,CUST01340,PROD019,Electronics,1299,129.9,1169.1,4.0,2,3,standard,card,2026-06-03,1,Quality Issues
ORD009132,CUST00532,PROD002,Books,4999,0.0,4999.0,3.3,1,2,express,card,2026-02-12,0,
ORD009133,CUST01546,PROD012,Beauty,4999,999.8,3999.2,4.1,0,4,standard,cod,2025-12-04,1,Late Delivery
ORD009134,CUST01519,PROD016,Beauty,499,49.9,449.1,3.5,2,5,standard,card,2025-12-12,1,Damaged/Defective
ORD009135,CUST01541,PROD015,Beauty,2999,299.9,2699.1,2.6,6,5,standard,card,2026-05-06,0,
ORD009136,CUST01178,PROD001,Beauty,1999,0.0,1999.0,3.2,0,5,standard,card,2026-07-30,0,
ORD009137,CUST01052,PROD020,Books,4999,999.8,3999.2,2.9,6,1,express,card,2025-09-15,1,Wrong Size
ORD009138,CUST00481,PROD018,Books,499,0.0,499.0,3.6,4,6,standard,card,2025-10-12,0,
ORD009139,CUST00305,PROD001,Beauty,1999,0.0,1999.0,3.2,0,2,express,card,2025-12-28,0,
ORD009140,CUST00853,PROD006,Books,1299,129.9,1169.1,2.7,1,6,standard,cod,2025-09-11,1,Better Price Elsewhere
ORD009141,CUST01326,PROD003,Home & Lifestyle,1999,0.0,1999.0,4.2,1,6,standard,card,2026-08-12,0,
ORD009142,CUST00394,PROD014,Beauty,499,0.0,499.0,3.5,5,2,express,upi,2025-09-13,0,
ORD009143,CUST00159,PROD018,Books,499,49.9,449.1,3.7,0,4,standard,upi,2026-06-14,0,
ORD009144,CUST00331,PROD003,Home & Lifestyle,1999,399.8,1599.2,4.1,1,5,standard,card,2025-11-22,0,
ORD009145,CUST01619,PROD003,Home & Lifestyle,1999,799.6,1199.4,4.1,2,6,standard,upi,2026-08-01,1,Late Delivery
ORD009146,CUST00947,PROD013,Home & Lifestyle,2999,599.8,2399.2,3.2,0,7,economy,card,2026-08-30,1,Quality Issues
ORD009147,CUST00426,PROD001,Beauty,1999,399.8,1599.2,2.6,3,1,express,cod,2026-03-05,1,Better Price Elsewhere
ORD009148,CUST01862,PROD014,Beauty,499,74.85,424.15,3.4,2,6,standard,upi,2026-07-31,0,
ORD009149,CUST00202,PROD002,Books,4999,1249.75,3749.25,3.6,2,2,express,card,2025-11-29,0,
ORD009150,CUST01444,PROD002,Books,4999,999.8,3999.2,3.8,1,4,standard,upi,2025-09-12,0,
ORD009151,CUST01289,PROD006,Books,1299,129.9,1169.1,2.5,2,4,standard,card,2026-02-16,0,
ORD009152,CUST01236,PROD010,Fashion,1299,519.6,779.4,4.5,1,2,express,card,2025-12-19,1,Ordered by Mistake
ORD009153,CUST00334,PROD017,Beauty,299,0.0,299.0,4.4,0,1,express,upi,2026-05-27,0,
ORD009154,CUST00149,PROD002,Books,4999,0.0,4999.0,3.5,2,5,standard,card,2025-12-07,0,
ORD009155,CUST00801,PROD016,Beauty,499,99.8,399.2,3.6,1,1,express,card,2026-05-22,0,
ORD009156,CUST01979,PROD009,Home & Lifestyle,1999,0.0,1999.0,3.8,3,7,economy,card,2025-09-26,1,Better Price Elsewhere
ORD009157,CUST00020,PROD002,Books,4999,0.0,4999.0,3.6,0,3,standard,cod,2026-02-08,0,
ORD009158,CUST01166,PROD013,Home & Lifestyle,2999,899.7,2099.3,3.5,2,2,express,cod,2025-12-31,0,
ORD009159,CUST00905,PROD004,Books,499,149.7,349.3,4.4,4,3,standard,upi,2026-09-08,0,
ORD009160,CUST00845,PROD016,Beauty,499,0.0,499.0,3.5,0,6,standard,upi,2026-06-08,0,
ORD009161,CUST01278,PROD011,Fashion,299,29.9,269.1,2.3,1,11,economy,upi,2025-09-10,1,Quality Issues
ORD009162,CUST01525,PROD007,Fashion,1299,129.9,1169.1,5.0,2,2,express,card,2026-05-30,0,
ORD009163,CUST00999,PROD005,Fashion,1299,0.0,1299.0,3.2,0,1,express,upi,2025-12-22,0,
ORD009164,CUST00422,PROD018,Books,499,74.85,424.15,3.9,4,4,standard,card,2025-10-16,0,
ORD009165,CUST01986,PROD015,Beauty,2999,0.0,2999.0,2.9,1,9,economy,wallet,2026-08-14,0,
ORD009166,CUST01451,PROD009,Home & Lifestyle,1999,399.8,1599.2,3.6,0,6,standard,card,2026-05-17,0,
ORD009167,CUST00416,PROD013,Home & Lifestyle,2999,599.8,2399.2,3.5,0,6,standard,cod,2026-01-09,0,
ORD009168,CUST01730,PROD008,Home & Lifestyle,1299,0.0,1299.0,3.9,0,4,standard,wallet,2025-12-22,0,
ORD009169,CUST01433,PROD006,Books,1299,194.85,1104.15,2.5,4,4,standard,cod,2026-05-17,1,Product Not as Expected
ORD009170,CUST00716,PROD004,Books,499,99.8,399.2,4.4,2,4,standard,wallet,2026-06-24,0,
ORD009171,CUST00545,PROD006,Books,1299,129.9,1169.1,2.5,4,4,standard,upi,2025-12-07,1,Ordered by Mistake
ORD009172,CUST00642,PROD017,Beauty,299,0.0,299.0,4.6,0,3,standard,cod,2026-01-17,1,Wrong Size
ORD009173,CUST00013,PROD008,Home & Lifestyle,1299,0.0,1299.0,3.6,0,4,standard,upi,2025-11-02,0,
ORD009174,CUST00636,PROD007,Fashion,1299,0.0,1299.0,4.6,1,4,standard,card,2026-05-07,0,
ORD009175,CUST01678,PROD008,Home & Lifestyle,1299,0.0,1299.0,3.5,4,4,standard,upi,2026-03-07,0,
ORD009176,CUST01488,PROD001,Beauty,1999,199.9,1799.1,3.1,2,5,standard,wallet,2026-08-08,0,
ORD009177,CUST01864,PROD013,Home & Lifestyle,2999,599.8,2399.2,3.3,0,2,express,card,2026-08-11,0,
ORD009178,CUST00950,PROD005,Fashion,1299,129.9,1169.1,3.2,1,6,standard,card,2026-08-30,0,
ORD009179,CUST00209,PROD019,Electronics,1299,389.7,909.3,4.2,0,1,express,card,2025-12-05,0,
ORD009180,CUST01836,PROD017,Beauty,299,29.9,269.1,4.8,0,6,standard,cod,2026-06-26,1,Wrong Size
ORD009181,CUST00879,PROD003,Home & Lifestyle,1999,599.7,1399.3,4.2,2,5,standard,card,2026-03-15,0,
ORD009182,CUST00459,PROD012,Beauty,4999,0.0,4999.0,3.8,1,5,standard,cod,2026-08-24,1,Late Delivery
ORD009183,CUST01108,PROD017,Beauty,299,29.9,269.1,4.9,0,4,standard,upi,2026-09-02,1,Quality Issues
ORD009184,CUST01839,PROD010,Fashion,1299,389.7,909.3,4.8,2,2,express,upi,2025-09-11,1,Late Delivery
ORD009185,CUST00396,PROD013,Home & Lifestyle,2999,449.85,2549.15,3.2,0,1,express,cod,2026-05-25,0,
ORD009186,CUST01572,PROD020,Books,4999,749.85,4249.15,2.7,2,3,standard,upi,2026-04-17,0,
ORD009187,CUST00091,PROD020,Books,4999,1249.75,3749.25,3.0,3,4,standard,card,2026-01-05,0,
ORD009188,CUST01255,PROD005,Fashion,1299,129.9,1169.1,2.7,1,4,standard,cod,2025-12-07,1,Wrong Size
ORD009189,CUST00143,PROD013,Home & Lifestyle,2999,599.8,2399.2,3.7,1,6,standard,cod,2025-10-12,0,
ORD009190,CUST01838,PROD020,Books,4999,499.9,4499.1,3.0,0,5,standard,upi,2026-05-30,0,
ORD009191,CUST00715,PROD010,Fashion,1299,0.0,1299.0,4.5,2,3,standard,cod,2026-04-29,1,Quality Issues
ORD009192,CUST01791,PROD019,Electronics,1299,129.9,1169.1,3.8,2,1,express,card,2026-06-30,0,
ORD009193,CUST01339,PROD010,Fashion,1299,324.75,974.25,4.7,0,2,express,card,2026-08-27,0,
ORD009194,CUST00852,PROD009,Home & Lifestyle,1999,299.85,1699.15,4.2,2,2,express,card,2025-10-11,0,
ORD009195,CUST01326,PROD014,Beauty,499,49.9,449.1,3.6,4,6,standard,card,2026-07-04,0,
ORD009196,CUST01134,PROD015,Beauty,2999,299.9,2699.1,2.9,2,5,standard,card,2025-11-10,1,Quality Issues
ORD009197,CUST00630,PROD020,Books,4999,749.85,4249.15,3.0,3,1,express,upi,2026-07-01,0,
ORD009198,CUST00541,PROD005,Fashion,1299,0.0,1299.0,2.7,3,3,standard,card,2025-10-04,0,
ORD009199,CUST01671,PROD017,Beauty,299,29.9,269.1,4.6,1,4,standard,cod,2026-01-21,0,
ORD009200,CUST01316,PROD009,Home & Lifestyle,1999,599.7,1399.3,4.1,1,5,standard,cod,2026-07-24,0,
ORD009201,CUST01716,PROD007,Fashion,1299,259.8,1039.2,4.7,2,11,economy,card,2025-10-18,0,
ORD009202,CUST01888,PROD017,Beauty,299,29.9,269.1,4.7,0,1,express,card,2026-05-21,0,
ORD009203,CUST00454,PROD004,Books,499,149.7,349.3,4.2,4,11,economy,card,2026-05-04,1,Better Price Elsewhere
ORD009204,CUST00569,PROD008,Home & Lifestyle,1299,194.85,1104.15,3.7,4,11,economy,card,2026-03-03,1,Damaged/Defective
ORD009205,CUST00128,PROD019,Electronics,1299,0.0,1299.0,3.8,4,6,standard,card,2026-05-19,0,
ORD009206,CUST00217,PROD003,Home & Lifestyle,1999,199.9,1799.1,4.0,2,9,economy,wallet,2026-03-07,0,
ORD009207,CUST00673,PROD002,Books,4999,0.0,4999.0,3.6,6,3,standard,card,2025-12-15,0,
ORD009208,CUST01794,PROD015,Beauty,2999,599.8,2399.2,2.9,1,5,standard,card,2025-12-23,0,
ORD009209,CUST01172,PROD016,Beauty,499,99.8,399.2,3.3,6,1,express,card,2026-07-11,1,Changed Mind
ORD009210,CUST00940,PROD016,Beauty,499,49.9,449.1,3.1,4,5,standard,card,2026-07-23,1,Wrong Size
ORD009211,CUST00466,PROD009,Home & Lifestyle,1999,0.0,1999.0,3.9,6,6,standard,cod,2025-11-02,1,Late Delivery
ORD009212,CUST01924,PROD008,Home & Lifestyle,1299,0.0,1299.0,3.9,2,8,economy,upi,2025-10-15,0,
ORD009213,CUST00333,PROD010,Fashion,1299,129.9,1169.1,5.0,1,2,express,card,2026-08-05,0,
ORD009214,CUST01609,PROD016,Beauty,499,74.85,424.15,3.2,4,1,express,card,2025-10-24,1,Late Delivery
ORD009215,CUST01182,PROD012,Beauty,4999,499.9,4499.1,3.8,4,3,standard,card,2026-04-04,0,
ORD009216,CUST01052,PROD006,Books,1299,519.6,779.4,2.3,0,5,standard,upi,2026-03-02,0,
ORD009217,CUST00475,PROD010,Fashion,1299,129.9,1169.1,4.8,0,5,standard,card,2026-06-21,1,Product Not as Expected
ORD009218,CUST00308,PROD015,Beauty,2999,299.9,2699.1,2.8,0,2,express,upi,2025-11-07,1,Ordered by Mistake
ORD009219,CUST01117,PROD007,Fashion,1299,389.7,909.3,4.7,0,4,standard,upi,2025-12-15,0,
ORD009220,CUST00341,PROD008,Home & Lifestyle,1299,194.85,1104.15,3.6,0,5,standard,card,2026-07-04,0,
ORD009221,CUST01368,PROD014,Beauty,499,99.8,399.2,3.7,0,2,express,card,2026-01-21,0,
ORD009222,CUST00980,PROD005,Fashion,1299,0.0,1299.0,2.7,1,9,economy,cod,2025-12-15,0,
ORD009223,CUST01852,PROD009,Home & Lifestyle,1999,199.9,1799.1,3.6,2,7,economy,card,2025-11-22,0,
ORD009224,CUST01267,PROD001,Beauty,1999,299.85,1699.15,2.9,0,3,standard,card,2026-04-20,0,
ORD009225,CUST01092,PROD001,Beauty,1999,499.75,1499.25,2.9,6,6,standard,card,2026-04-20,1,Late Delivery
ORD009226,CUST01969,PROD013,Home & Lifestyle,2999,599.8,2399.2,3.6,0,4,standard,card,2026-03-12,0,
ORD009227,CUST01364,PROD013,Home & Lifestyle,2999,749.75,2249.25,3.3,2,3,standard,cod,2026-06-17,0,
ORD009228,CUST00189,PROD003,Home & Lifestyle,1999,0.0,1999.0,4.0,4,5,standard,card,2026-04-12,1,Better Price Elsewhere
ORD009229,CUST00989,PROD001,Beauty,1999,199.9,1799.1,2.7,1,6,standard,card,2026-07-13,1,Quality Issues
ORD009230,CUST00307,PROD018,Books,499,49.9,449.1,3.5,1,3,standard,cod,2026-02-21,0,
ORD009231,CUST01455,PROD008,Home & Lifestyle,1299,129.9,1169.1,3.6,2,4,standard,card,2026-08-15,0,
ORD009232,CUST01709,PROD007,Fashion,1299,0.0,1299.0,4.9,3,4,standard,card,2026-02-09,1,Late Delivery
ORD009233,CUST00605,PROD008,Home & Lifestyle,1299,259.8,1039.2,3.5,1,6,standard,wallet,2026-06-30,0,
ORD009234,CUST01427,PROD010,Fashion,1299,259.8,1039.2,4.6,4,11,economy,cod,2026-05-03,1,Quality Issues
ORD009235,CUST00256,PROD006,Books,1299,259.8,1039.2,2.7,0,1,express,wallet,2026-07-14,0,
ORD009236,CUST00119,PROD004,Books,499,99.8,399.2,4.1,4,2,express,card,2025-12-03,1,Product Not as Expected
ORD009237,CUST01328,PROD005,Fashion,1299,0.0,1299.0,3.0,4,1,express,upi,2026-06-18,0,
ORD009238,CUST00633,PROD012,Beauty,4999,749.85,4249.15,4.4,0,4,standard,upi,2026-01-18,0,
ORD009239,CUST00926,PROD007,Fashion,1299,194.85,1104.15,4.9,7,1,express,card,2025-09-18,0,
ORD009240,CUST00565,PROD004,Books,499,124.75,374.25,4.4,0,5,standard,cod,2025-12-10,0,
ORD009241,CUST00463,PROD018,Books,499,49.9,449.1,3.5,5,2,express,card,2026-06-12,1,Changed Mind
ORD009242,CUST00727,PROD005,Fashion,1299,129.9,1169.1,2.6,0,5,standard,upi,2026-01-18,0,
ORD009243,CUST01837,PROD006,Books,1299,194.85,1104.15,2.7,3,6,standard,wallet,2026-04-16,1,Ordered by Mistake
ORD009244,CUST01739,PROD020,Books,4999,0.0,4999.0,2.8,2,4,standard,cod,2026-08-08,0,
ORD009245,CUST01998,PROD014,Beauty,499,99.8,399.2,3.2,4,1,express,upi,2026-08-02,0,
ORD009246,CUST01707,PROD020,Books,4999,0.0,4999.0,2.8,6,3,standard,card,2025-12-05,0,
ORD009247,CUST01848,PROD013,Home & Lifestyle,2999,0.0,2999.0,3.6,1,10,economy,card,2026-06-20,0,
ORD009248,CUST00544,PROD002,Books,4999,999.8,3999.2,3.6,0,3,standard,wallet,2026-08-13,0,
ORD009249,CUST01757,PROD008,Home & Lifestyle,1299,389.7,909.3,3.6,0,6,standard,upi,2025-11-28,0,
ORD009250,CUST00268,PROD013,Home & Lifestyle,2999,1199.6,1799.4,3.4,6,1,express,upi,2025-09-27,1,Late Delivery
ORD009251,CUST00968,PROD013,Home & Lifestyle,2999,299.9,2699.1,3.5,0,4,standard,card,2026-06-20,1,Late Delivery
ORD009252,CUST00430,PROD016,Beauty,499,49.9,449.1,3.3,0,5,standard,card,2026-01-10,1,Late Delivery
ORD009253,CUST01826,PROD016,Beauty,499,49.9,449.1,3.7,0,2,express,cod,2026-04-10,0,
ORD009254,CUST01672,PROD005,Fashion,1299,259.8,1039.2,2.7,4,6,standard,cod,2026-05-23,1,Product Not as Expected
ORD009255,CUST01768,PROD009,Home & Lifestyle,1999,0.0,1999.0,3.7,2,6,standard,upi,2026-01-19,1,Ordered by Mistake
ORD009256,CUST01069,PROD018,Books,499,99.8,399.2,3.5,0,1,express,card,2025-09-20,0,
ORD009257,CUST00427,PROD010,Fashion,1299,0.0,1299.0,4.9,2,4,standard,wallet,2026-06-15,0,
ORD009258,CUST01710,PROD006,Books,1299,0.0,1299.0,2.7,0,10,economy,upi,2025-11-09,0,
ORD009259,CUST00837,PROD004,Books,499,0.0,499.0,4.2,1,6,standard,cod,2026-02-21,1,Damaged/Defective
ORD009260,CUST00791,PROD005,Fashion,1299,259.8,1039.2,2.9,3,3,standard,card,2025-12-08,1,Product Not as Expected
ORD009261,CUST00401,PROD011,Fashion,299,29.9,269.1,2.5,6,5,standard,upi,2025-10-30,0,
ORD009262,CUST01561,PROD006,Books,1299,0.0,1299.0,2.4,3,4,standard,upi,2026-04-07,0,
ORD009263,CUST01337,PROD011,Fashion,299,119.6,179.4,2.3,1,11,economy,card,2026-05-01,1,Product Not as Expected
ORD009264,CUST00560,PROD010,Fashion,1299,324.75,974.25,4.6,4,5,standard,upi,2026-05-06,0,
ORD009265,CUST01773,PROD006,Books,1299,129.9,1169.1,2.7,7,2,express,card,2026-02-24,1,Ordered by Mistake
ORD009266,CUST00545,PROD003,Home & Lifestyle,1999,399.8,1599.2,3.6,1,3,standard,upi,2026-01-14,0,
ORD009267,CUST00437,PROD005,Fashion,1299,324.75,974.25,3.0,0,5,standard,cod,2026-03-22,0,
ORD009268,CUST00861,PROD006,Books,1299,259.8,1039.2,2.6,0,2,express,card,2026-01-28,1,Damaged/Defective
ORD009269,CUST01722,PROD016,Beauty,499,49.9,449.1,3.6,1,3,standard,wallet,2026-03-22,1,Better Price Elsewhere
ORD009270,CUST01857,PROD004,Books,499,124.75,374.25,4.3,1,4,standard,card,2026-02-03,0,
ORD009271,CUST00078,PROD014,Beauty,499,149.7,349.3,3.7,3,4,standard,cod,2026-01-01,1,Quality Issues
ORD009272,CUST01290,PROD004,Books,499,124.75,374.25,4.5,0,3,standard,card,2026-05-08,0,
ORD009273,CUST01555,PROD007,Fashion,1299,519.6,779.4,4.6,5,4,standard,card,2026-07-28,1,Damaged/Defective
ORD009274,CUST00656,PROD009,Home & Lifestyle,1999,199.9,1799.1,3.8,5,2,express,card,2026-08-27,0,
ORD009275,CUST00858,PROD001,Beauty,1999,199.9,1799.1,2.6,1,5,standard,cod,2025-12-19,1,Quality Issues
ORD009276,CUST01858,PROD010,Fashion,1299,259.8,1039.2,4.6,0,5,standard,upi,2026-03-28,0,
ORD009277,CUST01963,PROD019,Electronics,1299,519.6,779.4,4.0,3,4,standard,cod,2026-06-10,1,Changed Mind
ORD009278,CUST00219,PROD015,Beauty,2999,449.85,2549.15,2.3,3,6,standard,card,2026-06-16,0,
ORD009279,CUST01628,PROD009,Home & Lifestyle,1999,0.0,1999.0,4.2,0,3,standard,card,2025-11-11,0,
ORD009280,CUST00118,PROD010,Fashion,1299,129.9,1169.1,4.5,0,2,express,upi,2026-08-31,0,
ORD009281,CUST00474,PROD004,Books,499,49.9,449.1,4.0,4,3,standard,card,2025-10-11,0,
ORD009282,CUST00784,PROD016,Beauty,499,99.8,399.2,3.2,0,1,express,cod,2025-09-13,1,Damaged/Defective
ORD009283,CUST00477,PROD007,Fashion,1299,259.8,1039.2,4.6,1,6,standard,upi,2026-05-01,1,Quality Issues
ORD009284,CUST01616,PROD007,Fashion,1299,324.75,974.25,4.4,0,11,economy,card,2026-01-18,1,Ordered by Mistake
ORD009285,CUST01949,PROD019,Electronics,1299,0.0,1299.0,3.8,1,1,express,card,2026-08-09,0,
ORD009286,CUST01084,PROD014,Beauty,499,124.75,374.25,3.4,0,4,standard,card,2026-03-25,0,
ORD009287,CUST00634,PROD008,Home & Lifestyle,1299,324.75,974.25,3.6,0,1,express,upi,2025-11-03,1,Product Not as Expected
ORD009288,CUST00389,PROD020,Books,4999,0.0,4999.0,3.0,1,5,standard,card,2025-11-01,1,Ordered by Mistake
ORD009289,CUST01853,PROD013,Home & Lifestyle,2999,0.0,2999.0,3.1,1,6,standard,card,2026-06-06,0,
ORD009290,CUST00105,PROD008,Home & Lifestyle,1299,324.75,974.25,3.7,1,5,standard,upi,2025-10-28,0,
ORD009291,CUST00920,PROD001,Beauty,1999,299.85,1699.15,2.6,1,5,standard,upi,2026-06-24,0,
ORD009292,CUST00555,PROD017,Beauty,299,29.9,269.1,4.7,6,5,standard,upi,2026-04-28,0,
ORD009293,CUST00629,PROD015,Beauty,2999,299.9,2699.1,2.7,0,4,standard,card,2025-09-28,1,Late Delivery
ORD009294,CUST01115,PROD013,Home & Lifestyle,2999,0.0,2999.0,3.7,3,2,express,upi,2026-06-12,0,
ORD009295,CUST00966,PROD015,Beauty,2999,0.0,2999.0,2.4,0,1,express,card,2026-03-11,1,Late Delivery
ORD009296,CUST01675,PROD005,Fashion,1299,194.85,1104.15,2.8,1,2,express,card,2026-01-11,1,Late Delivery
ORD009297,CUST00482,PROD005,Fashion,1299,194.85,1104.15,3.1,0,2,express,card,2026-06-15,1,Changed Mind
ORD009298,CUST01245,PROD004,Books,499,49.9,449.1,4.1,0,4,standard,card,2026-03-16,0,
ORD009299,CUST01689,PROD002,Books,4999,1249.75,3749.25,3.3,1,5,standard,card,2026-05-05,0,
ORD009300,CUST01241,PROD019,Electronics,1299,0.0,1299.0,4.2,0,2,express,card,2026-04-30,0,
ORD009301,CUST00224,PROD012,Beauty,4999,749.85,4249.15,4.2,3,4,standard,card,2025-10-06,1,Product Not as Expected
ORD009302,CUST00178,PROD009,Home & Lifestyle,1999,799.6,1199.4,4.1,3,1,express,upi,2026-01-27,0,
ORD009303,CUST00614,PROD017,Beauty,299,29.9,269.1,5.0,1,4,standard,card,2025-10-10,0,
ORD009304,CUST00954,PROD008,Home & Lifestyle,1299,0.0,1299.0,3.4,0,1,express,upi,2026-04-06,0,
ORD009305,CUST00455,PROD001,Beauty,1999,0.0,1999.0,3.2,0,6,standard,upi,2026-06-27,1,Wrong Size
ORD009306,CUST00313,PROD020,Books,4999,999.8,3999.2,2.8,1,4,standard,card,2026-03-16,0,
ORD009307,CUST01375,PROD015,Beauty,2999,299.9,2699.1,2.5,4,3,standard,upi,2026-07-05,0,
ORD009308,CUST01634,PROD005,Fashion,1299,0.0,1299.0,3.2,0,6,standard,card,2025-11-10,0,
ORD009309,CUST00524,PROD004,Books,499,199.6,299.4,4.0,1,6,standard,card,2026-04-01,0,
ORD009310,CUST01369,PROD015,Beauty,2999,0.0,2999.0,2.9,7,8,economy,card,2026-08-21,1,Wrong Size
ORD009311,CUST00006,PROD001,Beauty,1999,0.0,1999.0,3.0,0,4,standard,card,2026-08-22,0,
ORD009312,CUST00179,PROD002,Books,4999,749.85,4249.15,3.7,1,3,standard,card,2025-12-11,0,
ORD009313,CUST00512,PROD010,Fashion,1299,0.0,1299.0,4.7,2,6,standard,cod,2025-10-12,0,
ORD009314,CUST00619,PROD002,Books,4999,0.0,4999.0,3.4,1,3,standard,upi,2026-02-16,0,
ORD009315,CUST00061,PROD007,Fashion,1299,0.0,1299.0,4.4,0,5,standard,card,2026-02-05,1,Changed Mind
ORD009316,CUST01557,PROD011,Fashion,299,59.8,239.2,2.7,6,5,standard,upi,2026-09-04,0,
ORD009317,CUST01218,PROD013,Home & Lifestyle,2999,299.9,2699.1,3.5,1,5,standard,cod,2026-07-01,0,
ORD009318,CUST00112,PROD018,Books,499,49.9,449.1,3.5,4,4,standard,card,2025-12-09,0,
ORD009319,CUST01499,PROD004,Books,499,124.75,374.25,4.2,3,3,standard,cod,2026-03-31,0,
ORD009320,CUST00428,PROD001,Beauty,1999,199.9,1799.1,2.7,0,6,standard,card,2026-02-01,1,Wrong Size
ORD009321,CUST00080,PROD010,Fashion,1299,194.85,1104.15,4.6,3,3,standard,cod,2026-04-06,1,Damaged/Defective
ORD009322,CUST01314,PROD012,Beauty,4999,999.8,3999.2,4.3,1,6,standard,card,2025-11-21,0,
ORD009323,CUST01017,PROD005,Fashion,1299,0.0,1299.0,3.2,0,5,standard,upi,2026-05-10,1,Damaged/Defective
ORD009324,CUST00459,PROD009,Home & Lifestyle,1999,0.0,1999.0,3.8,3,2,express,cod,2026-06-11,1,Wrong Size
ORD009325,CUST00471,PROD017,Beauty,299,29.9,269.1,4.7,4,5,standard,card,2026-04-12,0,
ORD009326,CUST01423,PROD015,Beauty,2999,749.75,2249.25,2.3,1,4,standard,upi,2026-04-28,1,Product Not as Expected
ORD009327,CUST01576,PROD012,Beauty,4999,749.85,4249.15,3.8,3,1,express,upi,2026-02-28,1,Product Not as Expected
ORD009328,CUST01671,PROD008,Home & Lifestyle,1299,259.8,1039.2,3.5,1,5,standard,card,2026-03-15,0,
ORD009329,CUST01624,PROD001,Beauty,1999,0.0,1999.0,2.6,1,4,standard,upi,2026-01-22,0,
ORD009330,CUST00592,PROD015,Beauty,2999,599.8,2399.2,2.6,5,5,standard,card,2026-01-27,0,
ORD009331,CUST01098,PROD019,Electronics,1299,519.6,779.4,3.7,0,4,standard,card,2025-09-24,0,
ORD009332,CUST00873,PROD009,Home & Lifestyle,1999,399.8,1599.2,3.8,0,4,standard,card,2026-03-20,0,
ORD009333,CUST01527,PROD014,Beauty,499,0.0,499.0,3.4,0,4,standard,upi,2026-06-04,0,
ORD009334,CUST00713,PROD009,Home & Lifestyle,1999,0.0,1999.0,3.9,2,4,standard,card,2025-09-12,0,
ORD009335,CUST01665,PROD013,Home & Lifestyle,2999,599.8,2399.2,3.4,2,2,express,card,2026-06-17,0,
ORD009336,CUST01947,PROD012,Beauty,4999,1999.6,2999.4,4.0,0,6,standard,card,2026-05-23,0,
ORD009337,CUST01838,PROD005,Fashion,1299,519.6,779.4,2.9,1,4,standard,card,2026-01-01,0,
ORD009338,CUST00791,PROD017,Beauty,299,59.8,239.2,4.7,1,6,standard,card,2026-08-28,1,Product Not as Expected
ORD009339,CUST01975,PROD011,Fashion,299,59.8,239.2,2.6,0,2,express,card,2026-07-31,0,
ORD009340,CUST00531,PROD020,Books,4999,0.0,4999.0,2.9,2,1,express,upi,2025-12-25,1,Changed Mind
ORD009341,CUST00783,PROD010,Fashion,1299,0.0,1299.0,4.6,5,2,express,card,2026-04-17,1,Damaged/Defective
ORD009342,CUST01766,PROD003,Home & Lifestyle,1999,199.9,1799.1,3.9,0,5,standard,card,2026-03-30,1,Better Price Elsewhere
ORD009343,CUST00891,PROD004,Books,499,74.85,424.15,4.1,2,5,standard,card,2026-06-28,0,
ORD009344,CUST01734,PROD014,Beauty,499,49.9,449.1,3.5,1,2,express,cod,2026-05-16,1,Late Delivery
ORD009345,CUST00987,PROD019,Electronics,1299,0.0,1299.0,3.9,6,5,standard,upi,2025-09-23,0,
ORD009346,CUST01741,PROD013,Home & Lifestyle,2999,299.9,2699.1,3.2,0,1,express,cod,2026-08-08,1,Damaged/Defective
ORD009347,CUST01525,PROD010,Fashion,1299,519.6,779.4,4.9,0,5,standard,card,2025-12-17,0,
ORD009348,CUST01973,PROD014,Beauty,499,0.0,499.0,3.2,1,5,standard,upi,2026-06-05,1,Damaged/Defective
ORD009349,CUST01970,PROD008,Home & Lifestyle,1299,259.8,1039.2,3.6,0,1,express,card,2026-06-02,1,Ordered by Mistake
ORD009350,CUST01194,PROD011,Fashion,299,0.0,299.0,2.4,0,6,standard,card,2025-09-25,1,Damaged/Defective
ORD009351,CUST01650,PROD012,Beauty,4999,499.9,4499.1,4.0,0,2,express,card,2026-08-06,0,
ORD009352,CUST00712,PROD002,Books,4999,0.0,4999.0,3.7,1,2,express,upi,2026-03-02,0,
ORD009353,CUST01039,PROD015,Beauty,2999,749.75,2249.25,2.7,2,1,express,cod,2026-05-27,1,Wrong Size
ORD009354,CUST00802,PROD019,Electronics,1299,194.85,1104.15,4.0,0,3,standard,cod,2026-08-10,0,
ORD009355,CUST00891,PROD002,Books,4999,1249.75,3749.25,3.6,1,5,standard,card,2026-03-10,0,
ORD009356,CUST00496,PROD020,Books,4999,1999.6,2999.4,3.0,0,5,standard,card,2026-03-01,1,Late Delivery
ORD009357,CUST00474,PROD011,Fashion,299,0.0,299.0,2.3,4,4,standard,card,2025-10-10,0,
ORD009358,CUST00217,PROD004,Books,499,99.8,399.2,4.5,2,1,express,cod,2026-02-07,0,
ORD009359,CUST00202,PROD004,Books,499,49.9,449.1,4.0,1,5,standard,upi,2026-07-26,0,
ORD009360,CUST00855,PROD018,Books,499,124.75,374.25,3.8,0,1,express,upi,2025-10-28,0,
ORD009361,CUST01597,PROD003,Home & Lifestyle,1999,499.75,1499.25,3.6,1,3,standard,card,2025-09-29,0,
ORD009362,CUST00972,PROD015,Beauty,2999,899.7,2099.3,2.8,0,6,standard,card,2025-12-27,1,Better Price Elsewhere
ORD009363,CUST00970,PROD013,Home & Lifestyle,2999,749.75,2249.25,3.1,4,6,standard,upi,2025-10-22,1,Better Price Elsewhere
ORD009364,CUST01458,PROD003,Home & Lifestyle,1999,499.75,1499.25,4.2,1,2,express,wallet,2026-04-18,0,
ORD009365,CUST00234,PROD018,Books,499,74.85,424.15,3.6,0,2,express,upi,2026-02-04,1,Ordered by Mistake
ORD009366,CUST01287,PROD019,Electronics,1299,324.75,974.25,3.6,2,6,standard,card,2026-01-11,0,
ORD009367,CUST00644,PROD016,Beauty,499,99.8,399.2,3.4,1,1,express,upi,2026-06-07,0,
ORD009368,CUST01643,PROD007,Fashion,1299,259.8,1039.2,4.9,0,1,express,wallet,2026-09-08,0,
ORD009369,CUST01313,PROD002,Books,4999,999.8,3999.2,3.7,7,4,standard,card,2026-01-18,0,
ORD009370,CUST00176,PROD006,Books,1299,0.0,1299.0,2.4,0,1,express,upi,2026-05-19,1,Damaged/Defective
ORD009371,CUST00838,PROD018,Books,499,74.85,424.15,3.9,0,4,standard,card,2026-02-22,1,Wrong Size
ORD009372,CUST00133,PROD018,Books,499,0.0,499.0,3.7,0,5,standard,card,2025-12-29,0,
ORD009373,CUST01816,PROD016,Beauty,499,49.9,449.1,3.5,1,2,express,cod,2026-07-16,1,Damaged/Defective
ORD009374,CUST01808,PROD018,Books,499,49.9,449.1,3.5,8,3,standard,upi,2025-11-22,0,
ORD009375,CUST01035,PROD008,Home & Lifestyle,1299,0.0,1299.0,3.8,0,4,standard,card,2026-05-05,0,
ORD009376,CUST01488,PROD012,Beauty,4999,499.9,4499.1,4.1,9,5,standard,card,2026-07-13,1,Changed Mind
ORD009377,CUST01391,PROD016,Beauty,499,49.9,449.1,3.2,2,1,express,cod,2026-06-15,1,Wrong Size
ORD009378,CUST01565,PROD018,Books,499,0.0,499.0,3.8,2,4,standard,card,2026-08-16,0,
ORD009379,CUST00664,PROD014,Beauty,499,99.8,399.2,3.6,3,4,standard,upi,2025-09-16,0,
ORD009380,CUST01141,PROD017,Beauty,299,59.8,239.2,5.0,5,4,standard,card,2026-08-01,1,Damaged/Defective
ORD009381,CUST00698,PROD001,Beauty,1999,499.75,1499.25,3.0,3,1,express,card,2026-07-28,1,Changed Mind
ORD009382,CUST01956,PROD002,Books,4999,0.0,4999.0,3.6,1,2,express,card,2026-01-11,0,
ORD009383,CUST00606,PROD013,Home & Lifestyle,2999,599.8,2399.2,3.4,2,2,express,card,2026-02-16,1,Wrong Size
ORD009384,CUST00978,PROD004,Books,499,99.8,399.2,4.2,1,3,standard,card,2026-05-17,0,
ORD009385,CUST01830,PROD006,Books,1299,519.6,779.4,2.7,5,1,express,cod,2026-07-13,0,
ORD009386,CUST01877,PROD016,Beauty,499,49.9,449.1,3.5,0,1,express,cod,2026-05-17,1,Ordered by Mistake
ORD009387,CUST01266,PROD002,Books,4999,749.85,4249.15,3.3,4,3,standard,upi,2026-04-09,1,Quality Issues
ORD009388,CUST01225,PROD019,Electronics,1299,259.8,1039.2,4.0,0,4,standard,card,2026-07-16,0,
ORD009389,CUST01541,PROD013,Home & Lifestyle,2999,449.85,2549.15,3.2,3,5,standard,upi,2026-08-17,1,Wrong Size
ORD009390,CUST01580,PROD014,Beauty,499,0.0,499.0,3.3,4,6,standard,upi,2026-04-05,1,Better Price Elsewhere
ORD009391,CUST00424,PROD016,Beauty,499,124.75,374.25,3.5,0,5,standard,card,2026-04-28,0,
ORD009392,CUST01275,PROD006,Books,1299,519.6,779.4,2.4,2,1,express,card,2026-07-28,1,Quality Issues
ORD009393,CUST00988,PROD018,Books,499,0.0,499.0,3.6,5,4,standard,card,2026-01-09,1,Late Delivery
ORD009394,CUST01864,PROD009,Home & Lifestyle,1999,299.85,1699.15,3.7,2,2,express,card,2026-02-18,1,Late Delivery
ORD009395,CUST00129,PROD020,Books,4999,0.0,4999.0,2.6,1,1,express,card,2025-09-24,0,
ORD009396,CUST00132,PROD020,Books,4999,1499.7,3499.3,3.0,2,2,express,card,2025-10-04,0,
ORD009397,CUST00805,PROD006,Books,1299,129.9,1169.1,2.5,7,1,express,card,2025-11-14,0,
ORD009398,CUST01693,PROD017,Beauty,299,44.85,254.15,4.5,4,3,standard,card,2025-12-29,0,
ORD009399,CUST00631,PROD004,Books,499,124.75,374.25,4.0,0,1,express,wallet,2025-12-05,0,
ORD009400,CUST00294,PROD013,Home & Lifestyle,2999,449.85,2549.15,3.2,1,5,standard,cod,2025-12-12,1,Wrong Size
ORD009401,CUST00367,PROD005,Fashion,1299,519.6,779.4,3.0,2,3,standard,upi,2026-05-27,1,Changed Mind
ORD009402,CUST01000,PROD007,Fashion,1299,0.0,1299.0,4.6,0,7,economy,card,2026-01-23,1,Damaged/Defective
ORD009403,CUST01760,PROD015,Beauty,2999,449.85,2549.15,2.9,1,5,standard,upi,2025-09-22,1,Late Delivery
ORD009404,CUST01144,PROD016,Beauty,499,124.75,374.25,3.4,1,1,express,card,2026-01-16,0,
ORD009405,CUST01090,PROD009,Home & Lifestyle,1999,499.75,1499.25,4.1,1,2,express,upi,2026-07-13,0,
ORD009406,CUST00260,PROD001,Beauty,1999,0.0,1999.0,3.1,3,4,standard,cod,2025-10-01,1,Quality Issues
ORD009407,CUST00798,PROD006,Books,1299,129.9,1169.1,2.7,0,10,economy,card,2026-03-22,0,
ORD009408,CUST01862,PROD002,Books,4999,499.9,4499.1,3.3,2,5,standard,card,2026-08-18,1,Ordered by Mistake
ORD009409,CUST01793,PROD007,Fashion,1299,129.9,1169.1,4.9,5,5,standard,card,2026-07-30,1,Changed Mind
ORD009410,CUST00670,PROD013,Home & Lifestyle,2999,0.0,2999.0,3.3,3,5,standard,card,2026-02-03,1,Late Delivery
ORD009411,CUST01290,PROD013,Home & Lifestyle,2999,0.0,2999.0,3.4,0,2,express,upi,2025-09-20,0,
ORD009412,CUST01339,PROD002,Books,4999,0.0,4999.0,3.8,3,3,standard,cod,2026-01-25,0,
ORD009413,CUST00243,PROD019,Electronics,1299,0.0,1299.0,3.9,4,6,standard,card,2025-10-07,1,Quality Issues
ORD009414,CUST00126,PROD018,Books,499,99.8,399.2,3.6,1,5,standard,card,2026-06-23,1,Changed Mind
ORD009415,CUST01203,PROD006,Books,1299,194.85,1104.15,2.5,2,2,express,card,2026-09-05,0,
ORD009416,CUST01349,PROD003,Home & Lifestyle,1999,599.7,1399.3,4.0,0,6,standard,card,2025-11-18,1,Damaged/Defective
ORD009417,CUST01538,PROD015,Beauty,2999,749.75,2249.25,2.8,0,10,economy,card,2025-10-21,0,
ORD009418,CUST00379,PROD017,Beauty,299,0.0,299.0,5.0,2,1,express,card,2026-02-21,1,Changed Mind
ORD009419,CUST00195,PROD007,Fashion,1299,0.0,1299.0,4.6,2,1,express,cod,2026-08-18,0,
ORD009420,CUST01444,PROD004,Books,499,49.9,449.1,4.4,0,3,standard,cod,2026-07-09,0,
ORD009421,CUST01788,PROD017,Beauty,299,89.7,209.3,4.8,3,11,economy,cod,2026-03-20,1,Late Delivery
ORD009422,CUST00439,PROD013,Home & Lifestyle,2999,899.7,2099.3,3.1,4,1,express,cod,2026-04-15,0,
ORD009423,CUST01756,PROD012,Beauty,4999,0.0,4999.0,4.0,7,6,standard,upi,2026-04-26,0,
ORD009424,CUST00761,PROD006,Books,1299,129.9,1169.1,2.8,4,6,standard,card,2026-05-20,1,Late Delivery
ORD009425,CUST00765,PROD002,Books,4999,499.9,4499.1,3.5,2,5,standard,upi,2025-12-03,0,
ORD009426,CUST01178,PROD006,Books,1299,129.9,1169.1,2.5,1,3,standard,card,2026-02-26,0,
ORD009427,CUST00863,PROD020,Books,4999,1249.75,3749.25,3.0,3,3,standard,card,2026-05-03,1,Quality Issues
ORD009428,CUST01606,PROD006,Books,1299,194.85,1104.15,2.3,0,2,express,upi,2026-05-18,0,
ORD009429,CUST00531,PROD017,Beauty,299,74.75,224.25,4.9,4,4,standard,cod,2026-05-12,1,Product Not as Expected
ORD009430,CUST00702,PROD008,Home & Lifestyle,1299,129.9,1169.1,3.7,2,1,express,card,2026-02-28,0,
ORD009431,CUST00061,PROD002,Books,4999,0.0,4999.0,3.8,0,6,standard,upi,2025-11-04,0,
ORD009432,CUST00932,PROD001,Beauty,1999,399.8,1599.2,2.8,1,4,standard,card,2026-01-21,1,Late Delivery
ORD009433,CUST01740,PROD011,Fashion,299,0.0,299.0,2.3,7,7,economy,card,2025-09-13,1,Product Not as Expected
ORD009434,CUST00617,PROD017,Beauty,299,29.9,269.1,4.8,0,3,standard,wallet,2025-12-09,0,
ORD009435,CUST00710,PROD018,Books,499,49.9,449.1,3.8,0,5,standard,card,2026-01-18,0,
ORD009436,CUST00624,PROD007,Fashion,1299,324.75,974.25,4.9,4,4,standard,cod,2025-11-11,0,
ORD009437,CUST00965,PROD001,Beauty,1999,0.0,1999.0,3.0,7,4,standard,card,2026-05-21,1,Wrong Size
ORD009438,CUST01617,PROD019,Electronics,1299,259.8,1039.2,3.7,0,4,standard,card,2025-10-15,0,
ORD009439,CUST01554,PROD003,Home & Lifestyle,1999,299.85,1699.15,3.8,2,5,standard,card,2025-10-15,0,
ORD009440,CUST00399,PROD012,Beauty,4999,0.0,4999.0,3.9,1,4,standard,upi,2026-08-28,1,Product Not as Expected
ORD009441,CUST01888,PROD012,Beauty,4999,1249.75,3749.25,4.1,0,4,standard,upi,2026-07-12,1,Product Not as Expected
ORD009442,CUST01019,PROD012,Beauty,4999,499.9,4499.1,4.0,0,5,standard,cod,2025-10-28,0,
ORD009443,CUST01883,PROD017,Beauty,299,29.9,269.1,4.6,3,3,standard,card,2026-05-22,0,
ORD009444,CUST00646,PROD001,Beauty,1999,0.0,1999.0,2.7,4,4,standard,card,2026-01-31,0,
ORD009445,CUST00403,PROD005,Fashion,1299,519.6,779.4,2.6,3,6,standard,card,2026-04-28,1,Wrong Size
ORD009446,CUST00307,PROD002,Books,4999,499.9,4499.1,3.3,3,2,express,upi,2025-12-13,0,
ORD009447,CUST01844,PROD004,Books,499,99.8,399.2,4.5,0,1,express,upi,2026-08-26,0,
ORD009448,CUST01997,PROD014,Beauty,499,49.9,449.1,3.4,3,9,economy,upi,2026-08-27,1,Product Not as Expected
ORD009449,CUST00156,PROD006,Books,1299,389.7,909.3,2.7,3,3,standard,upi,2025-11-14,0,
ORD009450,CUST01668,PROD020,Books,4999,0.0,4999.0,3.1,1,3,standard,card,2026-08-28,0,
ORD009451,CUST01876,PROD009,Home & Lifestyle,1999,299.85,1699.15,4.1,3,2,express,card,2026-06-30,0,
ORD009452,CUST01461,PROD014,Beauty,499,0.0,499.0,3.8,0,2,express,card,2025-12-10,1,Late Delivery
ORD009453,CUST01510,PROD020,Books,4999,1999.6,2999.4,3.1,1,2,express,card,2025-11-24,0,
ORD009454,CUST01330,PROD001,Beauty,1999,0.0,1999.0,3.2,3,10,economy,card,2026-03-03,1,Late Delivery
ORD009455,CUST01514,PROD019,Electronics,1299,519.6,779.4,3.8,3,3,standard,cod,2026-01-14,0,
ORD009456,CUST00395,PROD005,Fashion,1299,129.9,1169.1,2.8,2,2,express,cod,2026-05-05,1,Ordered by Mistake
ORD009457,CUST00560,PROD015,Beauty,2999,449.85,2549.15,2.9,0,5,standard,card,2025-12-06,0,
ORD009458,CUST00557,PROD001,Beauty,1999,399.8,1599.2,2.8,4,4,standard,wallet,2025-11-18,1,Product Not as Expected
ORD009459,CUST00150,PROD002,Books,4999,499.9,4499.1,3.4,2,6,standard,upi,2026-03-11,0,
ORD009460,CUST01821,PROD019,Electronics,1299,129.9,1169.1,3.8,4,2,express,cod,2026-02-24,0,
ORD009461,CUST01160,PROD011,Fashion,299,0.0,299.0,2.6,0,1,express,card,2025-09-14,0,
ORD009462,CUST01520,PROD014,Beauty,499,0.0,499.0,3.3,0,5,standard,card,2026-01-03,0,
ORD009463,CUST01277,PROD017,Beauty,299,0.0,299.0,4.5,2,6,standard,cod,2026-06-28,1,Changed Mind
ORD009464,CUST01490,PROD013,Home & Lifestyle,2999,749.75,2249.25,3.5,1,6,standard,card,2026-08-06,0,
ORD009465,CUST00485,PROD008,Home & Lifestyle,1299,194.85,1104.15,3.8,8,5,standard,upi,2026-07-03,1,Damaged/Defective
ORD009466,CUST00375,PROD001,Beauty,1999,399.8,1599.2,2.8,2,4,standard,card,2025-09-15,0,
ORD009467,CUST00451,PROD003,Home & Lifestyle,1999,0.0,1999.0,3.7,5,5,standard,card,2025-12-31,1,Changed Mind
ORD009468,CUST00576,PROD004,Books,499,0.0,499.0,4.1,2,6,standard,cod,2026-05-11,1,Damaged/Defective
ORD009469,CUST01225,PROD013,Home & Lifestyle,2999,449.85,2549.15,3.2,0,3,standard,card,2026-06-07,1,Product Not as Expected
ORD009470,CUST00374,PROD004,Books,499,49.9,449.1,3.9,4,1,express,cod,2025-11-06,1,Ordered by Mistake
ORD009471,CUST01713,PROD018,Books,499,199.6,299.4,3.9,0,5,standard,card,2026-05-12,1,Changed Mind
ORD009472,CUST00514,PROD016,Beauty,499,124.75,374.25,3.5,1,3,standard,upi,2025-10-01,1,Late Delivery
ORD009473,CUST00386,PROD019,Electronics,1299,194.85,1104.15,3.8,1,2,express,card,2026-08-10,0,
ORD009474,CUST01640,PROD017,Beauty,299,0.0,299.0,4.9,0,1,express,upi,2025-12-06,0,
ORD009475,CUST01238,PROD002,Books,4999,0.0,4999.0,3.6,5,1,express,card,2026-05-01,0,
ORD009476,CUST00646,PROD011,Fashion,299,29.9,269.1,2.5,0,7,economy,upi,2026-02-18,0,
ORD009477,CUST01694,PROD004,Books,499,74.85,424.15,4.4,7,2,express,card,2026-01-29,0,
ORD009478,CUST01169,PROD019,Electronics,1299,389.7,909.3,4.0,1,1,express,cod,2026-08-21,0,
ORD009479,CUST01517,PROD014,Beauty,499,0.0,499.0,3.4,1,4,standard,card,2025-12-04,1,Late Delivery
ORD009480,CUST01854,PROD011,Fashion,299,0.0,299.0,2.6,7,2,express,upi,2026-03-20,0,
ORD009481,CUST01015,PROD002,Books,4999,0.0,4999.0,3.3,2,2,express,card,2026-07-16,1,Product Not as Expected
ORD009482,CUST00211,PROD015,Beauty,2999,299.9,2699.1,2.9,4,4,standard,card,2026-01-03,1,Ordered by Mistake
ORD009483,CUST00802,PROD003,Home & Lifestyle,1999,599.7,1399.3,3.8,3,5,standard,card,2025-10-08,1,Better Price Elsewhere
ORD009484,CUST01355,PROD020,Books,4999,999.8,3999.2,3.1,0,2,express,card,2025-09-23,1,Wrong Size
ORD009485,CUST01820,PROD003,Home & Lifestyle,1999,399.8,1599.2,4.0,1,2,express,cod,2026-04-21,1,Damaged/Defective
ORD009486,CUST01398,PROD001,Beauty,1999,499.75,1499.25,2.6,0,8,economy,upi,2026-02-12,0,
ORD009487,CUST00043,PROD017,Beauty,299,29.9,269.1,4.6,6,4,standard,upi,2025-12-23,0,
ORD009488,CUST01553,PROD009,Home & Lifestyle,1999,0.0,1999.0,3.9,1,4,standard,card,2026-05-29,0,
ORD009489,CUST00510,PROD017,Beauty,299,59.8,239.2,5.0,0,9,economy,cod,2026-05-23,1,Changed Mind
ORD009490,CUST01229,PROD010,Fashion,1299,129.9,1169.1,4.8,2,4,standard,card,2026-06-18,0,
ORD009491,CUST01585,PROD016,Beauty,499,74.85,424.15,3.5,0,6,standard,card,2026-06-16,1,Quality Issues
ORD009492,CUST00850,PROD016,Beauty,499,49.9,449.1,3.2,4,3,standard,card,2026-04-04,1,Damaged/Defective
ORD009493,CUST00764,PROD009,Home & Lifestyle,1999,299.85,1699.15,3.9,0,2,express,cod,2026-06-19,1,Product Not as Expected
ORD009494,CUST00716,PROD019,Electronics,1299,0.0,1299.0,3.8,2,6,standard,wallet,2026-08-26,0,
ORD009495,CUST00496,PROD008,Home & Lifestyle,1299,324.75,974.25,3.8,3,1,express,card,2026-03-25,0,
ORD009496,CUST00497,PROD012,Beauty,4999,1999.6,2999.4,4.1,2,6,standard,upi,2026-03-03,1,Late Delivery
ORD009497,CUST00091,PROD006,Books,1299,0.0,1299.0,2.4,1,5,standard,upi,2025-09-19,0,
ORD009498,CUST00987,PROD006,Books,1299,0.0,1299.0,2.3,7,4,standard,card,2026-05-12,1,Wrong Size
ORD009499,CUST00925,PROD007,Fashion,1299,129.9,1169.1,4.5,3,5,standard,card,2026-06-04,1,Damaged/Defective
ORD009500,CUST00148,PROD006,Books,1299,259.8,1039.2,2.8,1,5,standard,card,2026-08-10,1,Late Delivery
ORD009501,CUST01271,PROD014,Beauty,499,0.0,499.0,3.2,2,4,standard,upi,2026-04-22,0,
ORD009502,CUST01726,PROD013,Home & Lifestyle,2999,449.85,2549.15,3.4,4,4,standard,cod,2025-10-01,0,
ORD009503,CUST01100,PROD017,Beauty,299,44.85,254.15,4.5,1,6,standard,cod,2026-03-25,1,Late Delivery
ORD009504,CUST00627,PROD011,Fashion,299,119.6,179.4,2.5,0,4,standard,card,2026-06-07,0,
ORD009505,CUST01021,PROD019,Electronics,1299,129.9,1169.1,3.7,3,6,standard,card,2025-10-01,0,
ORD009506,CUST00310,PROD019,Electronics,1299,0.0,1299.0,3.8,0,6,standard,card,2026-02-14,0,
ORD009507,CUST01702,PROD009,Home & Lifestyle,1999,0.0,1999.0,3.8,0,1,express,upi,2026-07-12,1,Better Price Elsewhere
ORD009508,CUST01213,PROD016,Beauty,499,124.75,374.25,3.2,4,9,economy,card,2026-01-11,1,Damaged/Defective
ORD009509,CUST00709,PROD004,Books,499,0.0,499.0,4.3,0,4,standard,upi,2026-05-21,1,Damaged/Defective
ORD009510,CUST01391,PROD015,Beauty,2999,599.8,2399.2,2.6,0,6,standard,upi,2026-07-02,1,Changed Mind
ORD009511,CUST00624,PROD014,Beauty,499,0.0,499.0,3.8,3,4,standard,cod,2026-06-27,0,
ORD009512,CUST00382,PROD007,Fashion,1299,0.0,1299.0,4.9,2,6,standard,card,2025-12-27,0,
ORD009513,CUST01025,PROD011,Fashion,299,59.8,239.2,2.3,2,2,express,card,2025-10-19,0,
ORD009514,CUST00187,PROD011,Fashion,299,44.85,254.15,2.4,0,6,standard,upi,2025-11-23,1,Ordered by Mistake
ORD009515,CUST00206,PROD017,Beauty,299,74.75,224.25,4.8,1,6,standard,card,2025-12-07,1,Late Delivery
ORD009516,CUST01537,PROD007,Fashion,1299,389.7,909.3,4.8,5,2,express,card,2026-06-18,1,Damaged/Defective
ORD009517,CUST00148,PROD019,Electronics,1299,0.0,1299.0,4.2,1,3,standard,upi,2025-12-28,0,
ORD009518,CUST01210,PROD013,Home & Lifestyle,2999,749.75,2249.25,3.2,4,4,standard,card,2026-05-22,1,Product Not as Expected
ORD009519,CUST00971,PROD001,Beauty,1999,499.75,1499.25,2.9,3,1,express,upi,2025-09-21,1,Changed Mind
ORD009520,CUST01430,PROD010,Fashion,1299,0.0,1299.0,4.9,7,5,standard,cod,2025-12-23,0,
ORD009521,CUST01947,PROD014,Beauty,499,0.0,499.0,3.3,0,10,economy,upi,2026-08-17,1,Wrong Size
ORD009522,CUST00213,PROD010,Fashion,1299,0.0,1299.0,4.9,5,2,express,card,2026-05-22,1,Damaged/Defective
ORD009523,CUST00750,PROD006,Books,1299,259.8,1039.2,2.7,1,5,standard,card,2025-12-07,0,
ORD009524,CUST00041,PROD009,Home & Lifestyle,1999,799.6,1199.4,4.1,3,4,standard,card,2025-10-12,1,Better Price Elsewhere
ORD009525,CUST00153,PROD020,Books,4999,499.9,4499.1,2.9,1,2,express,upi,2025-10-04,1,Quality Issues
ORD009526,CUST01158,PROD019,Electronics,1299,324.75,974.25,4.1,2,6,standard,card,2025-11-10,0,
ORD009527,CUST00803,PROD002,Books,4999,499.9,4499.1,3.7,4,1,express,card,2026-05-07,0,
ORD009528,CUST01293,PROD011,Fashion,299,74.75,224.25,2.5,0,2,express,upi,2026-06-11,0,
ORD009529,CUST00931,PROD015,Beauty,2999,299.9,2699.1,2.6,0,6,standard,card,2026-04-08,1,Ordered by Mistake
ORD009530,CUST01170,PROD007,Fashion,1299,259.8,1039.2,4.7,2,7,economy,cod,2025-10-14,1,Quality Issues
ORD009531,CUST01836,PROD013,Home & Lifestyle,2999,599.8,2399.2,3.5,0,2,express,upi,2026-03-16,0,
ORD009532,CUST01727,PROD002,Books,4999,999.8,3999.2,3.3,0,2,express,card,2026-06-08,0,
ORD009533,CUST00515,PROD017,Beauty,299,74.75,224.25,4.5,0,3,standard,card,2026-07-16,1,Wrong Size
ORD009534,CUST00457,PROD020,Books,4999,999.8,3999.2,2.8,2,5,standard,card,2026-01-07,0,
ORD009535,CUST01498,PROD007,Fashion,1299,259.8,1039.2,4.9,1,1,express,wallet,2025-12-16,0,
ORD009536,CUST01540,PROD016,Beauty,499,124.75,374.25,3.5,1,5,standard,cod,2026-06-17,0,
ORD009537,CUST01757,PROD012,Beauty,4999,1999.6,2999.4,4.0,2,2,express,cod,2025-11-18,1,Changed Mind
ORD009538,CUST01657,PROD020,Books,4999,1499.7,3499.3,2.8,1,5,standard,wallet,2026-01-15,1,Better Price Elsewhere
ORD009539,CUST01573,PROD006,Books,1299,129.9,1169.1,2.6,0,9,economy,upi,2026-02-03,0,
ORD009540,CUST00074,PROD009,Home & Lifestyle,1999,299.85,1699.15,3.7,3,8,economy,cod,2025-12-11,1,Quality Issues
ORD009541,CUST00838,PROD018,Books,499,74.85,424.15,3.5,2,8,economy,card,2026-09-01,0,
ORD009542,CUST00772,PROD004,Books,499,99.8,399.2,4.1,7,6,standard,card,2026-07-21,1,Wrong Size
ORD009543,CUST01550,PROD010,Fashion,1299,129.9,1169.1,4.6,5,2,express,card,2025-12-12,1,Damaged/Defective
ORD009544,CUST01754,PROD020,Books,4999,749.85,4249.15,2.9,0,3,standard,card,2026-07-13,0,
ORD009545,CUST00017,PROD009,Home & Lifestyle,1999,199.9,1799.1,4.0,2,6,standard,cod,2026-05-18,0,
ORD009546,CUST00770,PROD014,Beauty,499,0.0,499.0,3.3,0,3,standard,card,2025-10-21,0,
ORD009547,CUST01338,PROD015,Beauty,2999,299.9,2699.1,2.6,6,2,express,cod,2026-01-16,1,Ordered by Mistake
ORD009548,CUST00271,PROD014,Beauty,499,199.6,299.4,3.7,4,10,economy,card,2026-05-16,1,Late Delivery
ORD009549,CUST00798,PROD003,Home & Lifestyle,1999,199.9,1799.1,4.0,5,2,express,card,2026-06-16,0,
ORD009550,CUST00781,PROD004,Books,499,99.8,399.2,4.1,0,3,standard,cod,2025-11-06,0,
ORD009551,CUST00656,PROD014,Beauty,499,124.75,374.25,3.5,2,8,economy,upi,2025-11-09,0,
ORD009552,CUST01318,PROD007,Fashion,1299,389.7,909.3,4.6,8,6,standard,upi,2026-07-25,1,Product Not as Expected
ORD009553,CUST01004,PROD015,Beauty,2999,0.0,2999.0,2.4,3,4,standard,card,2025-10-03,0,
ORD009554,CUST01682,PROD013,Home & Lifestyle,2999,299.9,2699.1,3.5,1,3,standard,upi,2025-10-08,0,
ORD009555,CUST01845,PROD011,Fashion,299,59.8,239.2,2.4,0,3,standard,card,2025-11-15,1,Wrong Size
ORD009556,CUST00643,PROD015,Beauty,2999,0.0,2999.0,2.4,1,3,standard,wallet,2026-09-08,0,
ORD009557,CUST00381,PROD003,Home & Lifestyle,1999,499.75,1499.25,4.1,0,5,standard,card,2026-05-14,0,
ORD009558,CUST00802,PROD015,Beauty,2999,299.9,2699.1,2.6,4,1,express,upi,2026-04-30,0,
ORD009559,CUST01408,PROD013,Home & Lifestyle,2999,599.8,2399.2,3.7,0,6,standard,cod,2026-06-13,0,
ORD009560,CUST00204,PROD020,Books,4999,1249.75,3749.25,3.1,0,6,standard,wallet,2026-08-03,0,
ORD009561,CUST00770,PROD011,Fashion,299,59.8,239.2,2.6,0,9,economy,upi,2025-11-23,0,
ORD009562,CUST00062,PROD012,Beauty,4999,1999.6,2999.4,4.2,0,4,standard,upi,2026-06-13,0,
ORD009563,CUST01484,PROD013,Home & Lifestyle,2999,599.8,2399.2,3.4,5,4,standard,wallet,2026-06-19,1,Quality Issues
ORD009564,CUST01407,PROD006,Books,1299,389.7,909.3,2.5,2,1,express,card,2026-09-05,0,
ORD009565,CUST01946,PROD007,Fashion,1299,0.0,1299.0,4.8,3,8,economy,card,2026-05-24,0,
ORD009566,CUST00619,PROD008,Home & Lifestyle,1299,324.75,974.25,3.5,2,3,standard,upi,2025-10-15,0,
ORD009567,CUST00181,PROD014,Beauty,499,0.0,499.0,3.6,0,9,economy,card,2026-07-07,0,
ORD009568,CUST00602,PROD003,Home & Lifestyle,1999,299.85,1699.15,3.8,1,2,express,upi,2025-10-11,0,
ORD009569,CUST00892,PROD004,Books,499,149.7,349.3,3.9,0,3,standard,card,2025-10-08,0,
ORD009570,CUST01151,PROD008,Home & Lifestyle,1299,129.9,1169.1,3.7,1,4,standard,card,2026-08-02,0,
ORD009571,CUST00892,PROD018,Books,499,0.0,499.0,3.9,7,2,express,card,2026-05-11,0,
ORD009572,CUST00158,PROD014,Beauty,499,0.0,499.0,3.2,7,6,standard,card,2025-12-10,1,Wrong Size
ORD009573,CUST00460,PROD009,Home & Lifestyle,1999,0.0,1999.0,3.9,0,5,standard,upi,2026-02-13,0,
ORD009574,CUST00581,PROD013,Home & Lifestyle,2999,749.75,2249.25,3.5,2,3,standard,card,2026-08-12,0,
ORD009575,CUST01723,PROD017,Beauty,299,0.0,299.0,4.7,0,3,standard,upi,2026-01-08,0,
ORD009576,CUST00514,PROD007,Fashion,1299,0.0,1299.0,4.6,3,1,express,wallet,2026-03-20,1,Product Not as Expected
ORD009577,CUST01612,PROD015,Beauty,2999,449.85,2549.15,2.7,0,5,standard,card,2025-11-06,0,
ORD009578,CUST00387,PROD011,Fashion,299,74.75,224.25,2.6,4,1,express,upi,2026-08-15,0,
ORD009579,CUST01463,PROD013,Home & Lifestyle,2999,0.0,2999.0,3.4,2,3,standard,upi,2026-02-04,1,Ordered by Mistake
ORD009580,CUST00103,PROD001,Beauty,1999,299.85,1699.15,2.8,3,2,express,card,2026-07-09,1,Better Price Elsewhere
ORD009581,CUST01036,PROD007,Fashion,1299,129.9,1169.1,4.4,3,5,standard,card,2026-06-02,0,
ORD009582,CUST01006,PROD004,Books,499,0.0,499.0,4.2,3,6,standard,cod,2026-07-19,1,Late Delivery
ORD009583,CUST00837,PROD013,Home & Lifestyle,2999,299.9,2699.1,3.4,0,3,standard,card,2026-08-20,1,Product Not as Expected
ORD009584,CUST01681,PROD011,Fashion,299,0.0,299.0,2.5,1,6,standard,card,2026-08-20,1,Wrong Size
ORD009585,CUST00901,PROD017,Beauty,299,59.8,239.2,4.8,2,7,economy,card,2025-11-08,0,
ORD009586,CUST01189,PROD001,Beauty,1999,199.9,1799.1,2.9,4,1,express,card,2026-03-08,1,Ordered by Mistake
ORD009587,CUST00715,PROD003,Home & Lifestyle,1999,399.8,1599.2,3.6,1,3,standard,card,2025-11-27,0,
ORD009588,CUST00969,PROD001,Beauty,1999,0.0,1999.0,2.7,5,6,standard,card,2026-02-25,1,Ordered by Mistake
ORD009589,CUST00015,PROD007,Fashion,1299,259.8,1039.2,4.5,3,4,standard,card,2026-02-06,0,
ORD009590,CUST00134,PROD014,Beauty,499,0.0,499.0,3.6,1,4,standard,card,2026-08-03,0,
ORD009591,CUST01489,PROD003,Home & Lifestyle,1999,399.8,1599.2,3.7,1,2,express,card,2026-03-26,0,
ORD009592,CUST00934,PROD014,Beauty,499,124.75,374.25,3.5,4,1,express,upi,2025-12-14,0,
ORD009593,CUST00097,PROD015,Beauty,2999,0.0,2999.0,2.4,1,1,express,card,2026-03-06,0,
ORD009594,CUST00570,PROD015,Beauty,2999,1199.6,1799.4,2.8,1,6,standard,card,2026-05-19,1,Product Not as Expected
ORD009595,CUST00767,PROD007,Fashion,1299,129.9,1169.1,4.6,2,4,standard,card,2026-04-03,0,
ORD009596,CUST00661,PROD014,Beauty,499,0.0,499.0,3.4,3,2,express,upi,2025-11-15,0,
ORD009597,CUST01189,PROD003,Home & Lifestyle,1999,399.8,1599.2,4.0,0,2,express,upi,2026-03-04,0,
ORD009598,CUST00653,PROD009,Home & Lifestyle,1999,0.0,1999.0,4.2,2,2,express,cod,2026-04-05,0,
ORD009599,CUST01376,PROD001,Beauty,1999,199.9,1799.1,3.0,5,2,express,card,2026-08-18,0,
ORD009600,CUST01319,PROD004,Books,499,149.7,349.3,4.1,0,1,express,card,2026-02-18,0,
ORD009601,CUST00536,PROD009,Home & Lifestyle,1999,199.9,1799.1,4.2,1,2,express,cod,2026-04-25,1,Damaged/Defective
ORD009602,CUST00790,PROD002,Books,4999,0.0,4999.0,3.2,5,4,standard,card,2026-07-11,0,
ORD009603,CUST00323,PROD017,Beauty,299,74.75,224.25,4.9,2,1,express,wallet,2026-07-08,0,
ORD009604,CUST01030,PROD014,Beauty,499,49.9,449.1,3.4,2,4,standard,card,2025-11-23,1,Ordered by Mistake
ORD009605,CUST00329,PROD019,Electronics,1299,0.0,1299.0,3.6,5,3,standard,card,2025-09-17,0,
ORD009606,CUST00821,PROD009,Home & Lifestyle,1999,0.0,1999.0,3.7,3,6,standard,upi,2026-05-03,0,
ORD009607,CUST01551,PROD008,Home & Lifestyle,1299,129.9,1169.1,3.5,0,2,express,cod,2025-11-18,0,
ORD009608,CUST00251,PROD019,Electronics,1299,389.7,909.3,4.2,1,5,standard,card,2026-03-15,0,
ORD009609,CUST00654,PROD016,Beauty,499,0.0,499.0,3.5,0,11,economy,upi,2026-01-24,0,
ORD009610,CUST01531,PROD016,Beauty,499,74.85,424.15,3.2,0,6,standard,card,2026-01-04,1,Wrong Size
ORD009611,CUST00779,PROD011,Fashion,299,0.0,299.0,2.8,6,6,standard,upi,2026-08-19,0,
ORD009612,CUST01956,PROD006,Books,1299,194.85,1104.15,2.6,2,2,express,card,2025-11-08,0,
ORD009613,CUST01461,PROD008,Home & Lifestyle,1299,0.0,1299.0,3.6,0,1,express,card,2026-06-18,0,
ORD009614,CUST01260,PROD007,Fashion,1299,194.85,1104.15,5.0,1,6,standard,cod,2025-11-10,1,Damaged/Defective
ORD009615,CUST01925,PROD010,Fashion,1299,0.0,1299.0,4.4,0,5,standard,upi,2026-03-06,0,
ORD009616,CUST00335,PROD019,Electronics,1299,0.0,1299.0,3.8,1,1,express,upi,2025-09-21,0,
ORD009617,CUST00967,PROD011,Fashion,299,0.0,299.0,2.3,0,6,standard,card,2026-03-31,0,
ORD009618,CUST00539,PROD016,Beauty,499,0.0,499.0,3.6,2,1,express,cod,2025-12-15,0,
ORD009619,CUST00670,PROD009,Home & Lifestyle,1999,499.75,1499.25,4.1,0,10,economy,upi,2026-08-16,0,
ORD009620,CUST01713,PROD006,Books,1299,259.8,1039.2,2.7,0,2,express,upi,2026-03-23,1,Changed Mind
ORD009621,CUST00212,PROD001,Beauty,1999,199.9,1799.1,2.8,5,2,express,upi,2026-03-05,0,
ORD009622,CUST01700,PROD013,Home & Lifestyle,2999,0.0,2999.0,3.3,1,6,standard,card,2026-04-24,0,
ORD009623,CUST00091,PROD009,Home & Lifestyle,1999,399.8,1599.2,3.8,7,3,standard,upi,2026-06-25,1,Quality Issues
ORD009624,CUST00428,PROD005,Fashion,1299,194.85,1104.15,3.0,1,5,standard,card,2025-09-10,0,
ORD009625,CUST00248,PROD002,Books,4999,749.85,4249.15,3.7,0,9,economy,upi,2025-10-30,1,Damaged/Defective
ORD009626,CUST01918,PROD017,Beauty,299,29.9,269.1,4.6,0,4,standard,card,2026-02-09,0,
ORD009627,CUST00323,PROD019,Electronics,1299,194.85,1104.15,3.7,4,4,standard,upi,2026-02-15,0,
ORD009628,CUST01468,PROD010,Fashion,1299,129.9,1169.1,5.0,3,2,express,card,2026-09-02,0,
ORD009629,CUST00745,PROD020,Books,4999,0.0,4999.0,2.7,1,4,standard,upi,2026-07-11,0,
ORD009630,CUST00087,PROD018,Books,499,199.6,299.4,3.5,0,3,standard,upi,2025-11-21,0,
ORD009631,CUST01252,PROD018,Books,499,99.8,399.2,3.8,7,6,standard,card,2026-04-17,0,
ORD009632,CUST01376,PROD011,Fashion,299,0.0,299.0,2.7,4,5,standard,cod,2026-06-30,1,Ordered by Mistake
ORD009633,CUST00877,PROD012,Beauty,4999,1999.6,2999.4,4.2,5,10,economy,card,2026-03-29,1,Damaged/Defective
ORD009634,CUST00608,PROD020,Books,4999,499.9,4499.1,3.2,8,5,standard,card,2026-04-14,0,
ORD009635,CUST01377,PROD007,Fashion,1299,129.9,1169.1,4.7,1,2,express,upi,2026-03-15,0,
ORD009636,CUST00755,PROD008,Home & Lifestyle,1299,389.7,909.3,3.5,0,6,standard,cod,2025-12-28,1,Damaged/Defective
ORD009637,CUST01777,PROD015,Beauty,2999,749.75,2249.25,2.5,5,5,standard,card,2025-11-29,1,Changed Mind
ORD009638,CUST00468,PROD004,Books,499,74.85,424.15,4.0,1,7,economy,card,2025-12-16,0,
ORD009639,CUST00818,PROD007,Fashion,1299,194.85,1104.15,4.8,0,2,express,upi,2026-06-01,0,
ORD009640,CUST01786,PROD005,Fashion,1299,129.9,1169.1,2.9,3,4,standard,card,2026-05-05,0,
ORD009641,CUST01206,PROD020,Books,4999,1249.75,3749.25,2.6,1,3,standard,card,2025-12-28,1,Wrong Size
ORD009642,CUST00021,PROD001,Beauty,1999,299.85,1699.15,2.8,6,2,express,upi,2026-08-03,1,Late Delivery
ORD009643,CUST00775,PROD007,Fashion,1299,519.6,779.4,4.6,3,5,standard,card,2026-08-04,1,Late Delivery
ORD009644,CUST01796,PROD002,Books,4999,499.9,4499.1,3.4,3,6,standard,upi,2026-04-13,1,Damaged/Defective
ORD009645,CUST01904,PROD016,Beauty,499,0.0,499.0,3.5,1,4,standard,card,2026-06-06,0,
ORD009646,CUST00314,PROD020,Books,4999,999.8,3999.2,3.1,4,2,express,cod,2026-03-21,0,
ORD009647,CUST01198,PROD003,Home & Lifestyle,1999,0.0,1999.0,3.7,7,10,economy,card,2026-08-01,0,
ORD009648,CUST00234,PROD003,Home & Lifestyle,1999,299.85,1699.15,3.7,3,2,express,upi,2026-01-23,1,Better Price Elsewhere
ORD009649,CUST00475,PROD003,Home & Lifestyle,1999,499.75,1499.25,3.8,1,4,standard,upi,2026-03-24,0,
ORD009650,CUST00421,PROD002,Books,4999,0.0,4999.0,3.3,1,1,express,card,2025-12-28,1,Product Not as Expected
ORD009651,CUST00990,PROD010,Fashion,1299,0.0,1299.0,4.9,1,4,standard,wallet,2026-07-15,1,Damaged/Defective
ORD009652,CUST01834,PROD016,Beauty,499,0.0,499.0,3.1,1,1,express,cod,2026-03-01,1,Wrong Size
ORD009653,CUST01342,PROD019,Electronics,1299,194.85,1104.15,3.6,4,5,standard,wallet,2026-04-28,0,
ORD009654,CUST01774,PROD017,Beauty,299,44.85,254.15,4.5,1,1,express,card,2026-03-31,1,Damaged/Defective
ORD009655,CUST01163,PROD007,Fashion,1299,0.0,1299.0,5.0,2,3,standard,upi,2026-02-28,0,
ORD009656,CUST00480,PROD012,Beauty,4999,0.0,4999.0,4.4,2,5,standard,upi,2026-04-17,0,
ORD009657,CUST00969,PROD018,Books,499,99.8,399.2,3.4,0,4,standard,card,2025-12-03,1,Quality Issues
ORD009658,CUST01441,PROD011,Fashion,299,44.85,254.15,2.4,1,2,express,cod,2026-04-25,0,
ORD009659,CUST00410,PROD007,Fashion,1299,0.0,1299.0,4.6,3,1,express,card,2026-04-16,0,
ORD009660,CUST01194,PROD011,Fashion,299,0.0,299.0,2.6,0,1,express,card,2025-12-28,0,
ORD009661,CUST00797,PROD005,Fashion,1299,194.85,1104.15,3.2,6,4,standard,card,2025-09-21,1,Product Not as Expected
ORD009662,CUST01912,PROD018,Books,499,199.6,299.4,3.6,2,10,economy,card,2026-08-15,0,
ORD009663,CUST00493,PROD015,Beauty,2999,899.7,2099.3,2.5,2,2,express,upi,2025-11-12,0,
ORD009664,CUST01160,PROD015,Beauty,2999,749.75,2249.25,2.7,4,6,standard,card,2026-03-28,1,Changed Mind
ORD009665,CUST01953,PROD016,Beauty,499,149.7,349.3,3.4,2,6,standard,upi,2026-06-11,1,Better Price Elsewhere
ORD009666,CUST01709,PROD013,Home & Lifestyle,2999,0.0,2999.0,3.4,0,4,standard,card,2026-02-19,0,
ORD009667,CUST00991,PROD004,Books,499,124.75,374.25,4.0,7,5,standard,card,2026-02-19,0,
ORD009668,CUST01720,PROD014,Beauty,499,199.6,299.4,3.5,1,6,standard,cod,2026-04-12,1,Wrong Size
ORD009669,CUST01013,PROD007,Fashion,1299,0.0,1299.0,4.9,6,6,standard,card,2026-02-15,1,Changed Mind
ORD009670,CUST01957,PROD009,Home & Lifestyle,1999,299.85,1699.15,4.0,3,2,express,upi,2026-03-05,0,
ORD009671,CUST01773,PROD008,Home & Lifestyle,1299,0.0,1299.0,4.0,1,3,standard,upi,2025-12-07,0,
ORD009672,CUST00087,PROD012,Beauty,4999,0.0,4999.0,3.8,0,3,standard,cod,2026-04-26,0,
ORD009673,CUST00123,PROD011,Fashion,299,0.0,299.0,2.6,1,9,economy,card,2025-10-10,0,
ORD009674,CUST01409,PROD017,Beauty,299,29.9,269.1,4.4,0,2,express,upi,2026-08-04,1,Wrong Size
ORD009675,CUST00086,PROD003,Home & Lifestyle,1999,399.8,1599.2,3.6,1,5,standard,card,2026-03-16,1,Late Delivery
ORD009676,CUST00698,PROD012,Beauty,4999,499.9,4499.1,3.8,0,6,standard,cod,2026-01-14,1,Quality Issues
ORD009677,CUST00856,PROD016,Beauty,499,49.9,449.1,3.3,0,3,standard,card,2026-04-06,1,Product Not as Expected
ORD009678,CUST01007,PROD011,Fashion,299,119.6,179.4,2.4,2,3,standard,upi,2026-04-15,0,
ORD009679,CUST01965,PROD018,Books,499,0.0,499.0,3.4,2,3,standard,wallet,2025-10-30,0,
ORD009680,CUST00917,PROD001,Beauty,1999,199.9,1799.1,2.8,5,9,economy,card,2026-02-23,1,Quality Issues
ORD009681,CUST00126,PROD015,Beauty,2999,0.0,2999.0,2.8,2,5,standard,card,2026-07-11,1,Wrong Size
ORD009682,CUST01518,PROD017,Beauty,299,44.85,254.15,5.0,1,6,standard,card,2026-08-30,1,Product Not as Expected
ORD009683,CUST00839,PROD001,Beauty,1999,299.85,1699.15,2.9,3,2,express,card,2026-01-09,1,Better Price Elsewhere
ORD009684,CUST01482,PROD015,Beauty,2999,0.0,2999.0,2.8,3,9,economy,upi,2025-09-14,1,Better Price Elsewhere
ORD009685,CUST01718,PROD018,Books,499,0.0,499.0,3.8,4,7,economy,cod,2026-04-19,0,
ORD009686,CUST01370,PROD017,Beauty,299,74.75,224.25,4.6,2,1,express,upi,2026-01-11,0,
ORD009687,CUST00722,PROD011,Fashion,299,74.75,224.25,2.7,3,3,standard,card,2025-10-29,0,
ORD009688,CUST01959,PROD019,Electronics,1299,0.0,1299.0,3.7,0,4,standard,card,2026-01-18,0,
ORD009689,CUST01505,PROD007,Fashion,1299,389.7,909.3,4.6,0,6,standard,cod,2026-02-22,1,Product Not as Expected
ORD009690,CUST01232,PROD004,Books,499,49.9,449.1,4.0,1,2,express,upi,2026-03-11,0,
ORD009691,CUST00660,PROD014,Beauty,499,49.9,449.1,3.6,2,6,standard,wallet,2026-03-15,0,
ORD009692,CUST00314,PROD002,Books,4999,499.9,4499.1,3.7,2,5,standard,cod,2026-07-10,1,Late Delivery
ORD009693,CUST01598,PROD001,Beauty,1999,399.8,1599.2,3.0,3,2,express,card,2026-05-28,0,
ORD009694,CUST00184,PROD010,Fashion,1299,324.75,974.25,4.8,1,3,standard,upi,2026-02-06,0,
ORD009695,CUST01415,PROD016,Beauty,499,0.0,499.0,3.3,0,1,express,card,2026-04-12,0,
ORD009696,CUST01177,PROD012,Beauty,4999,1499.7,3499.3,4.0,0,4,standard,upi,2025-11-13,0,
ORD009697,CUST00346,PROD019,Electronics,1299,259.8,1039.2,4.2,4,6,standard,wallet,2025-11-07,0,
ORD009698,CUST01827,PROD018,Books,499,124.75,374.25,3.4,1,3,standard,upi,2025-12-13,1,Ordered by Mistake
ORD009699,CUST01546,PROD017,Beauty,299,0.0,299.0,4.5,0,5,standard,card,2026-02-27,1,Ordered by Mistake
ORD009700,CUST00619,PROD001,Beauty,1999,199.9,1799.1,2.7,1,6,standard,upi,2026-07-03,1,Quality Issues
ORD009701,CUST00813,PROD009,Home & Lifestyle,1999,399.8,1599.2,3.7,7,4,standard,card,2026-07-03,0,
ORD009702,CUST01566,PROD004,Books,499,99.8,399.2,4.0,3,3,standard,card,2026-08-08,0,
ORD009703,CUST01554,PROD018,Books,499,74.85,424.15,3.9,2,3,standard,cod,2026-01-04,0,
ORD009704,CUST01541,PROD011,Fashion,299,0.0,299.0,2.3,2,4,standard,cod,2026-01-12,0,
ORD009705,CUST00188,PROD003,Home & Lifestyle,1999,199.9,1799.1,3.9,0,9,economy,card,2026-02-16,0,
ORD009706,CUST00267,PROD001,Beauty,1999,0.0,1999.0,3.2,1,6,standard,card,2026-05-08,1,Late Delivery
ORD009707,CUST01803,PROD013,Home & Lifestyle,2999,599.8,2399.2,3.6,2,1,express,upi,2026-01-30,0,
ORD009708,CUST00074,PROD008,Home & Lifestyle,1299,0.0,1299.0,3.6,3,2,express,card,2026-01-31,0,
ORD009709,CUST01612,PROD012,Beauty,4999,1249.75,3749.25,4.2,0,5,standard,card,2025-10-24,0,
ORD009710,CUST01796,PROD005,Fashion,1299,259.8,1039.2,2.8,3,1,express,wallet,2026-06-06,0,
ORD009711,CUST01710,PROD002,Books,4999,499.9,4499.1,3.3,0,1,express,upi,2025-12-05,1,Changed Mind
ORD009712,CUST00702,PROD018,Books,499,0.0,499.0,3.5,0,10,economy,card,2026-07-29,1,Damaged/Defective
ORD009713,CUST01917,PROD015,Beauty,2999,1199.6,1799.4,2.7,2,3,standard,upi,2026-06-10,0,
ORD009714,CUST01939,PROD009,Home & Lifestyle,1999,0.0,1999.0,3.8,0,5,standard,card,2025-11-11,0,
ORD009715,CUST00467,PROD011,Fashion,299,0.0,299.0,2.7,0,2,express,wallet,2025-09-25,1,Ordered by Mistake
ORD009716,CUST01317,PROD006,Books,1299,129.9,1169.1,2.7,3,5,standard,card,2025-12-02,0,
ORD009717,CUST00670,PROD019,Electronics,1299,324.75,974.25,3.7,4,3,standard,upi,2025-10-12,0,
ORD009718,CUST01612,PROD019,Electronics,1299,259.8,1039.2,4.0,0,1,express,card,2026-07-16,0,
ORD009719,CUST01498,PROD013,Home & Lifestyle,2999,449.85,2549.15,3.3,6,6,standard,wallet,2026-07-28,1,Damaged/Defective
ORD009720,CUST01731,PROD009,Home & Lifestyle,1999,799.6,1199.4,4.1,1,5,standard,upi,2025-10-30,0,
ORD009721,CUST00874,PROD004,Books,499,0.0,499.0,4.5,2,1,express,card,2026-03-18,0,
ORD009722,CUST00939,PROD001,Beauty,1999,0.0,1999.0,2.6,0,3,standard,upi,2026-07-22,0,
ORD009723,CUST01046,PROD010,Fashion,1299,0.0,1299.0,4.9,6,4,standard,card,2025-09-30,1,Wrong Size
ORD009724,CUST00368,PROD005,Fashion,1299,129.9,1169.1,2.9,5,3,standard,card,2025-11-22,1,Changed Mind
ORD009725,CUST00001,PROD010,Fashion,1299,0.0,1299.0,4.8,0,6,standard,card,2026-05-22,1,Quality Issues
ORD009726,CUST01404,PROD019,Electronics,1299,519.6,779.4,4.1,0,3,standard,card,2026-06-21,0,
ORD009727,CUST00379,PROD008,Home & Lifestyle,1299,129.9,1169.1,3.7,4,3,standard,upi,2026-05-28,1,Wrong Size
ORD009728,CUST01219,PROD015,Beauty,2999,299.9,2699.1,2.6,6,2,express,upi,2025-10-20,0,
ORD009729,CUST01041,PROD020,Books,4999,1499.7,3499.3,3.2,0,4,standard,card,2026-01-21,1,Ordered by Mistake
ORD009730,CUST00711,PROD007,Fashion,1299,259.8,1039.2,5.0,0,4,standard,upi,2026-07-31,0,
ORD009731,CUST00061,PROD019,Electronics,1299,0.0,1299.0,4.2,3,6,standard,upi,2026-04-25,0,
ORD009732,CUST01206,PROD011,Fashion,299,0.0,299.0,2.5,5,6,standard,card,2026-01-02,1,Late Delivery
ORD009733,CUST01353,PROD006,Books,1299,129.9,1169.1,2.7,0,1,express,card,2025-12-21,1,Late Delivery
ORD009734,CUST01786,PROD015,Beauty,2999,0.0,2999.0,2.8,8,5,standard,upi,2025-11-26,0,
ORD009735,CUST00301,PROD017,Beauty,299,59.8,239.2,4.5,0,11,economy,cod,2026-09-05,1,Product Not as Expected
ORD009736,CUST00997,PROD015,Beauty,2999,749.75,2249.25,2.4,5,6,standard,card,2026-07-02,1,Late Delivery
ORD009737,CUST01829,PROD002,Books,4999,499.9,4499.1,3.6,4,2,express,card,2026-03-11,0,
ORD009738,CUST01859,PROD006,Books,1299,194.85,1104.15,2.6,0,6,standard,cod,2025-11-28,1,Quality Issues
ORD009739,CUST00707,PROD001,Beauty,1999,599.7,1399.3,3.1,1,10,economy,card,2026-02-06,0,
ORD009740,CUST01954,PROD009,Home & Lifestyle,1999,199.9,1799.1,4.1,2,1,express,upi,2026-04-11,0,
ORD009741,CUST00166,PROD011,Fashion,299,29.9,269.1,2.7,5,4,standard,upi,2026-03-11,0,
ORD009742,CUST00569,PROD007,Fashion,1299,0.0,1299.0,4.7,0,5,standard,upi,2026-07-28,0,
ORD009743,CUST00545,PROD005,Fashion,1299,519.6,779.4,3.1,3,6,standard,upi,2026-06-26,1,Ordered by Mistake
ORD009744,CUST01021,PROD010,Fashion,1299,259.8,1039.2,4.8,1,5,standard,card,2026-03-07,0,
ORD009745,CUST00638,PROD013,Home & Lifestyle,2999,1199.6,1799.4,3.7,4,3,standard,upi,2026-07-01,1,Damaged/Defective
ORD009746,CUST00490,PROD015,Beauty,2999,1199.6,1799.4,2.3,0,4,standard,wallet,2026-03-01,1,Better Price Elsewhere
ORD009747,CUST01930,PROD010,Fashion,1299,0.0,1299.0,4.5,0,4,standard,card,2026-05-03,0,
ORD009748,CUST00830,PROD013,Home & Lifestyle,2999,749.75,2249.25,3.6,2,5,standard,card,2026-04-18,0,
ORD009749,CUST01759,PROD014,Beauty,499,74.85,424.15,3.8,3,3,standard,card,2025-12-08,0,
ORD009750,CUST01116,PROD013,Home & Lifestyle,2999,449.85,2549.15,3.1,0,4,standard,card,2026-08-20,0,
ORD009751,CUST00709,PROD017,Beauty,299,59.8,239.2,4.8,2,4,standard,upi,2026-04-03,0,
ORD009752,CUST00114,PROD011,Fashion,299,0.0,299.0,2.4,4,2,express,card,2026-01-14,1,Changed Mind
ORD009753,CUST00179,PROD003,Home & Lifestyle,1999,0.0,1999.0,4.1,0,6,standard,card,2026-06-08,0,
ORD009754,CUST00985,PROD003,Home & Lifestyle,1999,399.8,1599.2,3.9,1,8,economy,upi,2025-09-20,0,
ORD009755,CUST01770,PROD013,Home & Lifestyle,2999,899.7,2099.3,3.2,8,2,express,card,2025-09-27,1,Wrong Size
ORD009756,CUST00964,PROD012,Beauty,4999,0.0,4999.0,3.9,0,5,standard,cod,2026-05-31,1,Ordered by Mistake
ORD009757,CUST01357,PROD003,Home & Lifestyle,1999,499.75,1499.25,4.0,0,5,standard,cod,2026-01-04,0,
ORD009758,CUST00093,PROD007,Fashion,1299,324.75,974.25,4.7,6,5,standard,upi,2026-03-12,0,
ORD009759,CUST00286,PROD014,Beauty,499,74.85,424.15,3.8,4,1,express,upi,2026-09-09,0,
ORD009760,CUST00436,PROD001,Beauty,1999,199.9,1799.1,3.1,0,1,express,card,2025-12-24,1,Damaged/Defective
ORD009761,CUST01052,PROD003,Home & Lifestyle,1999,0.0,1999.0,3.7,7,1,express,card,2025-12-23,1,Better Price Elsewhere
ORD009762,CUST00240,PROD019,Electronics,1299,259.8,1039.2,3.7,5,1,express,upi,2026-05-29,1,Product Not as Expected
ORD009763,CUST01687,PROD012,Beauty,4999,1249.75,3749.25,4.3,2,5,standard,upi,2026-05-30,0,
ORD009764,CUST01210,PROD004,Books,499,49.9,449.1,4.5,0,11,economy,card,2026-05-28,1,Changed Mind
ORD009765,CUST00287,PROD016,Beauty,499,0.0,499.0,3.4,1,9,economy,card,2026-08-04,0,
ORD009766,CUST00692,PROD005,Fashion,1299,0.0,1299.0,3.0,4,4,standard,card,2026-05-09,1,Late Delivery
ORD009767,CUST00615,PROD011,Fashion,299,0.0,299.0,2.4,1,5,standard,card,2026-08-11,0,
ORD009768,CUST01959,PROD013,Home & Lifestyle,2999,299.9,2699.1,3.4,7,2,express,upi,2025-12-28,0,
ORD009769,CUST01957,PROD009,Home & Lifestyle,1999,299.85,1699.15,3.7,2,5,standard,card,2026-06-01,0,
ORD009770,CUST01241,PROD004,Books,499,0.0,499.0,4.3,2,5,standard,card,2026-07-15,0,
ORD009771,CUST01534,PROD020,Books,4999,0.0,4999.0,2.8,0,2,express,upi,2025-10-30,0,
ORD009772,CUST00749,PROD009,Home & Lifestyle,1999,599.7,1399.3,4.0,4,6,standard,card,2025-12-04,0,
ORD009773,CUST01742,PROD008,Home & Lifestyle,1299,324.75,974.25,3.5,4,1,express,card,2025-11-07,0,
ORD009774,CUST00755,PROD005,Fashion,1299,0.0,1299.0,2.9,3,3,standard,card,2026-02-02,0,
ORD009775,CUST01932,PROD014,Beauty,499,49.9,449.1,3.6,2,3,standard,card,2026-03-13,0,
ORD009776,CUST01212,PROD008,Home & Lifestyle,1299,324.75,974.25,3.5,1,6,standard,card,2026-06-24,0,
ORD009777,CUST01694,PROD008,Home & Lifestyle,1299,129.9,1169.1,3.7,1,1,express,upi,2026-06-30,0,
ORD009778,CUST00924,PROD009,Home & Lifestyle,1999,499.75,1499.25,4.2,3,4,standard,cod,2026-07-04,0,
ORD009779,CUST00233,PROD007,Fashion,1299,129.9,1169.1,5.0,5,6,standard,upi,2026-02-24,1,Wrong Size
ORD009780,CUST01412,PROD009,Home & Lifestyle,1999,499.75,1499.25,4.0,1,4,standard,card,2026-07-09,0,
ORD009781,CUST00718,PROD015,Beauty,2999,0.0,2999.0,2.5,3,1,express,cod,2026-05-26,1,Changed Mind
ORD009782,CUST00329,PROD014,Beauty,499,49.9,449.1,3.8,4,3,standard,card,2025-10-30,0,
ORD009783,CUST01872,PROD001,Beauty,1999,299.85,1699.15,2.9,1,3,standard,card,2025-10-29,1,Product Not as Expected
ORD009784,CUST01146,PROD012,Beauty,4999,0.0,4999.0,3.8,1,1,express,upi,2026-06-28,0,
ORD009785,CUST00100,PROD008,Home & Lifestyle,1299,259.8,1039.2,3.4,6,4,standard,cod,2026-03-13,0,
ORD009786,CUST01655,PROD005,Fashion,1299,389.7,909.3,3.2,2,1,express,upi,2025-11-06,1,Changed Mind
ORD009787,CUST00099,PROD005,Fashion,1299,389.7,909.3,3.2,0,1,express,card,2026-03-01,1,Quality Issues
ORD009788,CUST01008,PROD019,Electronics,1299,259.8,1039.2,3.6,5,2,express,card,2026-04-29,0,
ORD009789,CUST00588,PROD010,Fashion,1299,389.7,909.3,4.9,1,5,standard,card,2026-07-14,0,
ORD009790,CUST01397,PROD010,Fashion,1299,194.85,1104.15,4.5,1,2,express,card,2026-08-29,0,
ORD009791,CUST00169,PROD005,Fashion,1299,129.9,1169.1,2.8,1,3,standard,card,2025-10-17,0,
ORD009792,CUST00121,PROD012,Beauty,4999,1999.6,2999.4,4.3,3,3,standard,card,2026-03-14,1,Damaged/Defective
ORD009793,CUST00835,PROD005,Fashion,1299,129.9,1169.1,3.0,4,1,express,wallet,2026-06-24,0,
ORD009794,CUST00922,PROD011,Fashion,299,0.0,299.0,2.4,6,6,standard,cod,2025-11-07,1,Changed Mind
ORD009795,CUST00224,PROD019,Electronics,1299,0.0,1299.0,4.0,2,2,express,card,2025-10-01,0,
ORD009796,CUST00450,PROD005,Fashion,1299,194.85,1104.15,3.1,6,8,economy,card,2025-12-31,0,
ORD009797,CUST00537,PROD009,Home & Lifestyle,1999,0.0,1999.0,4.1,0,1,express,upi,2026-06-28,0,
ORD009798,CUST01555,PROD008,Home & Lifestyle,1299,0.0,1299.0,3.9,1,5,standard,cod,2026-08-02,1,Late Delivery
ORD009799,CUST01067,PROD013,Home & Lifestyle,2999,0.0,2999.0,3.6,1,4,standard,upi,2025-09-29,0,
ORD009800,CUST00076,PROD001,Beauty,1999,0.0,1999.0,3.2,3,2,express,cod,2026-03-20,1,Quality Issues
ORD009801,CUST01540,PROD003,Home & Lifestyle,1999,0.0,1999.0,3.8,4,3,standard,card,2026-08-04,0,
ORD009802,CUST00520,PROD014,Beauty,499,74.85,424.15,3.7,2,1,express,wallet,2025-09-25,0,
ORD009803,CUST01035,PROD018,Books,499,0.0,499.0,3.8,0,6,standard,card,2026-06-15,0,
ORD009804,CUST00277,PROD019,Electronics,1299,324.75,974.25,4.0,4,1,express,card,2026-03-08,0,
ORD009805,CUST01215,PROD006,Books,1299,0.0,1299.0,2.9,2,2,express,cod,2026-07-12,1,Ordered by Mistake
ORD009806,CUST01314,PROD003,Home & Lifestyle,1999,199.9,1799.1,4.2,4,4,standard,card,2025-11-10,0,
ORD009807,CUST00306,PROD014,Beauty,499,49.9,449.1,3.5,2,4,standard,card,2025-10-20,0,
ORD009808,CUST01251,PROD008,Home & Lifestyle,1299,0.0,1299.0,3.4,1,10,economy,upi,2026-07-22,1,Wrong Size
ORD009809,CUST00263,PROD016,Beauty,499,0.0,499.0,3.2,0,6,standard,cod,2025-10-27,0,
ORD009810,CUST00707,PROD008,Home & Lifestyle,1299,259.8,1039.2,4.0,1,5,standard,upi,2026-03-22,1,Quality Issues
ORD009811,CUST00363,PROD002,Books,4999,0.0,4999.0,3.3,6,5,standard,card,2026-04-23,0,
ORD009812,CUST01384,PROD018,Books,499,0.0,499.0,3.8,0,1,express,upi,2025-10-08,0,
ORD009813,CUST00289,PROD010,Fashion,1299,129.9,1169.1,4.9,3,3,standard,upi,2026-08-28,0,
ORD009814,CUST01421,PROD007,Fashion,1299,519.6,779.4,5.0,0,3,standard,card,2026-01-28,1,Late Delivery
ORD009815,CUST00890,PROD014,Beauty,499,124.75,374.25,3.5,3,5,standard,upi,2025-09-18,0,
ORD009816,CUST00654,PROD012,Beauty,4999,1249.75,3749.25,4.1,9,2,express,upi,2026-08-07,1,Wrong Size
ORD009817,CUST00376,PROD014,Beauty,499,99.8,399.2,3.3,1,3,standard,card,2026-06-25,0,
ORD009818,CUST00193,PROD010,Fashion,1299,0.0,1299.0,4.7,6,6,standard,upi,2025-12-27,1,Ordered by Mistake
ORD009819,CUST00716,PROD008,Home & Lifestyle,1299,259.8,1039.2,3.6,0,3,standard,upi,2026-01-20,0,
ORD009820,CUST01108,PROD009,Home & Lifestyle,1999,0.0,1999.0,3.9,3,5,standard,card,2026-02-27,1,Ordered by Mistake
ORD009821,CUST01070,PROD003,Home & Lifestyle,1999,0.0,1999.0,3.9,2,5,standard,card,2026-01-01,0,
ORD009822,CUST00898,PROD014,Beauty,499,74.85,424.15,3.5,1,3,standard,card,2026-02-09,0,
ORD009823,CUST00468,PROD017,Beauty,299,89.7,209.3,4.7,0,4,standard,upi,2026-07-30,0,
ORD009824,CUST00389,PROD001,Beauty,1999,199.9,1799.1,2.9,5,6,standard,cod,2026-06-29,1,Product Not as Expected
ORD009825,CUST01346,PROD014,Beauty,499,99.8,399.2,3.4,4,4,standard,upi,2026-04-13,0,
ORD009826,CUST00449,PROD017,Beauty,299,74.75,224.25,4.4,0,6,standard,card,2026-01-09,1,Changed Mind
ORD009827,CUST00072,PROD020,Books,4999,999.8,3999.2,2.8,2,6,standard,card,2026-06-07,0,
ORD009828,CUST01124,PROD017,Beauty,299,59.8,239.2,4.7,2,1,express,upi,2026-01-22,0,
ORD009829,CUST00997,PROD014,Beauty,499,49.9,449.1,3.5,0,5,standard,card,2026-03-30,0,
ORD009830,CUST00783,PROD019,Electronics,1299,194.85,1104.15,4.2,6,11,economy,card,2026-01-23,0,
ORD009831,CUST01696,PROD003,Home & Lifestyle,1999,0.0,1999.0,3.7,0,4,standard,upi,2025-11-01,0,
ORD009832,CUST00603,PROD019,Electronics,1299,389.7,909.3,4.0,0,4,standard,card,2026-04-11,0,
ORD009833,CUST00515,PROD003,Home & Lifestyle,1999,299.85,1699.15,4.0,2,5,standard,card,2026-04-07,0,
ORD009834,CUST01641,PROD017,Beauty,299,59.8,239.2,4.6,1,3,standard,card,2025-12-16,0,
ORD009835,CUST01063,PROD012,Beauty,4999,749.85,4249.15,4.3,4,5,standard,card,2025-09-25,0,
ORD009836,CUST00370,PROD012,Beauty,4999,999.8,3999.2,4.0,1,2,express,upi,2025-12-13,0,
ORD009837,CUST00031,PROD003,Home & Lifestyle,1999,499.75,1499.25,3.7,1,4,standard,card,2026-08-31,0,
ORD009838,CUST00558,PROD001,Beauty,1999,199.9,1799.1,3.1,3,7,economy,cod,2026-01-16,0,
ORD009839,CUST00555,PROD011,Fashion,299,74.75,224.25,2.5,1,3,standard,card,2026-04-03,0,
ORD009840,CUST00611,PROD011,Fashion,299,29.9,269.1,2.2,1,3,standard,upi,2025-09-17,0,
ORD009841,CUST00305,PROD020,Books,4999,1999.6,2999.4,3.0,1,2,express,card,2026-04-23,0,
ORD009842,CUST01867,PROD014,Beauty,499,74.85,424.15,3.3,0,1,express,cod,2026-05-03,0,
ORD009843,CUST01431,PROD017,Beauty,299,59.8,239.2,4.7,6,3,standard,card,2026-01-18,0,
ORD009844,CUST00797,PROD004,Books,499,124.75,374.25,4.3,1,4,standard,card,2026-06-25,0,
ORD009845,CUST01219,PROD009,Home & Lifestyle,1999,399.8,1599.2,3.8,0,2,express,upi,2025-10-08,0,
ORD009846,CUST00874,PROD016,Beauty,499,199.6,299.4,3.6,0,3,standard,card,2026-07-10,0,
ORD009847,CUST00161,PROD019,Electronics,1299,0.0,1299.0,3.7,0,7,economy,card,2026-08-04,0,
ORD009848,CUST00476,PROD009,Home & Lifestyle,1999,399.8,1599.2,4.2,0,2,express,card,2025-09-27,0,
ORD009849,CUST00327,PROD016,Beauty,499,99.8,399.2,3.6,1,5,standard,card,2026-02-23,1,Quality Issues
ORD009850,CUST00929,PROD001,Beauty,1999,0.0,1999.0,3.1,0,3,standard,card,2026-07-12,1,Late Delivery
ORD009851,CUST01291,PROD013,Home & Lifestyle,2999,299.9,2699.1,3.2,0,2,express,card,2026-08-25,0,
ORD009852,CUST01291,PROD012,Beauty,4999,999.8,3999.2,4.3,2,5,standard,upi,2026-06-22,0,
ORD009853,CUST01641,PROD008,Home & Lifestyle,1299,129.9,1169.1,3.5,6,2,express,card,2026-08-21,0,
ORD009854,CUST00845,PROD011,Fashion,299,29.9,269.1,2.6,6,6,standard,card,2025-12-19,1,Changed Mind
ORD009855,CUST01998,PROD003,Home & Lifestyle,1999,0.0,1999.0,3.6,0,3,standard,upi,2026-05-10,0,
ORD009856,CUST00723,PROD011,Fashion,299,29.9,269.1,2.7,3,1,express,card,2026-02-23,1,Product Not as Expected
ORD009857,CUST00477,PROD009,Home & Lifestyle,1999,0.0,1999.0,3.7,2,11,economy,card,2026-02-23,0,
ORD009858,CUST00462,PROD004,Books,499,124.75,374.25,3.9,0,1,express,card,2025-11-30,1,Quality Issues
ORD009859,CUST01266,PROD001,Beauty,1999,0.0,1999.0,2.7,1,4,standard,cod,2026-03-24,0,
ORD009860,CUST01500,PROD012,Beauty,4999,1249.75,3749.25,3.9,0,1,express,cod,2025-09-15,0,
ORD009861,CUST01305,PROD008,Home & Lifestyle,1299,194.85,1104.15,3.8,0,4,standard,upi,2026-05-20,0,
ORD009862,CUST00153,PROD004,Books,499,124.75,374.25,4.3,3,6,standard,card,2026-05-30,0,
ORD009863,CUST00538,PROD014,Beauty,499,149.7,349.3,3.2,1,1,express,wallet,2025-09-20,0,
ORD009864,CUST00808,PROD005,Fashion,1299,0.0,1299.0,2.9,0,5,standard,card,2026-05-13,1,Ordered by Mistake
ORD009865,CUST01582,PROD001,Beauty,1999,399.8,1599.2,3.2,1,3,standard,card,2026-04-12,0,
ORD009866,CUST00845,PROD015,Beauty,2999,0.0,2999.0,2.5,6,4,standard,wallet,2025-10-16,1,Late Delivery
ORD009867,CUST01499,PROD018,Books,499,199.6,299.4,3.7,4,2,express,upi,2025-12-05,1,Ordered by Mistake
ORD009868,CUST01556,PROD016,Beauty,499,49.9,449.1,3.3,1,1,express,cod,2026-01-30,0,
ORD009869,CUST00542,PROD015,Beauty,2999,899.7,2099.3,2.6,1,6,standard,card,2025-09-19,0,
ORD009870,CUST01849,PROD002,Books,4999,0.0,4999.0,3.2,4,2,express,cod,2025-10-18,0,
ORD009871,CUST01534,PROD015,Beauty,2999,899.7,2099.3,2.4,2,6,standard,upi,2026-03-02,1,Better Price Elsewhere
ORD009872,CUST00228,PROD018,Books,499,99.8,399.2,3.8,0,4,standard,cod,2025-12-01,0,
ORD009873,CUST00813,PROD006,Books,1299,389.7,909.3,2.4,2,5,standard,wallet,2026-06-05,0,
ORD009874,CUST01102,PROD004,Books,499,99.8,399.2,4.2,1,1,express,card,2025-12-27,0,
ORD009875,CUST00569,PROD011,Fashion,299,44.85,254.15,2.4,3,7,economy,cod,2025-10-06,1,Ordered by Mistake
ORD009876,CUST00332,PROD018,Books,499,74.85,424.15,3.5,2,4,standard,card,2025-11-12,0,
ORD009877,CUST01663,PROD004,Books,499,49.9,449.1,4.0,3,1,express,upi,2025-12-20,0,
ORD009878,CUST00351,PROD018,Books,499,149.7,349.3,3.5,0,5,standard,upi,2026-03-05,0,
ORD009879,CUST00872,PROD009,Home & Lifestyle,1999,199.9,1799.1,3.7,9,9,economy,card,2025-10-28,0,
ORD009880,CUST01240,PROD014,Beauty,499,49.9,449.1,3.3,3,2,express,card,2026-02-14,0,
ORD009881,CUST01021,PROD002,Books,4999,1999.6,2999.4,3.7,6,2,express,upi,2026-08-25,0,
ORD009882,CUST00064,PROD006,Books,1299,129.9,1169.1,2.8,2,4,standard,cod,2026-06-03,1,Ordered by Mistake
ORD009883,CUST00368,PROD014,Beauty,499,74.85,424.15,3.3,0,5,standard,wallet,2026-05-18,0,
ORD009884,CUST01590,PROD005,Fashion,1299,519.6,779.4,3.0,0,4,standard,card,2026-02-27,1,Wrong Size
ORD009885,CUST00402,PROD004,Books,499,124.75,374.25,4.0,2,3,standard,card,2026-06-12,0,
ORD009886,CUST01254,PROD004,Books,499,0.0,499.0,4.2,1,4,standard,upi,2026-05-22,1,Better Price Elsewhere
ORD009887,CUST00216,PROD013,Home & Lifestyle,2999,599.8,2399.2,3.4,1,4,standard,upi,2025-09-23,0,
ORD009888,CUST00366,PROD011,Fashion,299,44.85,254.15,2.8,0,5,standard,upi,2025-10-02,1,Better Price Elsewhere
ORD009889,CUST01573,PROD016,Beauty,499,199.6,299.4,3.5,5,2,express,upi,2026-06-09,1,Late Delivery
ORD009890,CUST00415,PROD004,Books,499,199.6,299.4,4.2,0,1,express,card,2026-08-12,0,
ORD009891,CUST00849,PROD002,Books,4999,499.9,4499.1,3.3,2,4,standard,upi,2025-11-17,0,
ORD009892,CUST01712,PROD013,Home & Lifestyle,2999,449.85,2549.15,3.7,0,3,standard,card,2026-06-06,0,
ORD009893,CUST01236,PROD004,Books,499,0.0,499.0,4.0,3,6,standard,cod,2025-10-27,1,Quality Issues
ORD009894,CUST01039,PROD003,Home & Lifestyle,1999,399.8,1599.2,4.0,1,5,standard,card,2026-05-26,0,
ORD009895,CUST00071,PROD004,Books,499,0.0,499.0,4.1,0,3,standard,card,2026-03-27,0,
ORD009896,CUST00350,PROD007,Fashion,1299,194.85,1104.15,4.7,0,5,standard,card,2026-03-21,0,
ORD009897,CUST01072,PROD016,Beauty,499,199.6,299.4,3.4,1,3,standard,upi,2026-07-24,1,Changed Mind
ORD009898,CUST00391,PROD013,Home & Lifestyle,2999,0.0,2999.0,3.1,6,1,express,wallet,2026-01-01,0,
ORD009899,CUST00877,PROD014,Beauty,499,74.85,424.15,3.4,3,4,standard,card,2026-04-06,1,Damaged/Defective
ORD009900,CUST01994,PROD015,Beauty,2999,299.9,2699.1,2.7,1,6,standard,card,2026-05-17,0,
ORD009901,CUST01597,PROD018,Books,499,0.0,499.0,3.6,4,2,express,upi,2026-04-17,0,
ORD009902,CUST00828,PROD009,Home & Lifestyle,1999,299.85,1699.15,3.9,6,7,economy,card,2026-02-08,1,Late Delivery
ORD009903,CUST00342,PROD007,Fashion,1299,519.6,779.4,4.5,0,6,standard,cod,2025-09-13,1,Damaged/Defective
ORD009904,CUST01636,PROD013,Home & Lifestyle,2999,749.75,2249.25,3.2,1,4,standard,card,2026-07-18,1,Product Not as Expected
ORD009905,CUST01268,PROD011,Fashion,299,44.85,254.15,2.7,0,2,express,card,2025-11-04,0,
ORD009906,CUST01477,PROD002,Books,4999,0.0,4999.0,3.3,1,1,express,card,2026-04-06,0,
ORD009907,CUST00038,PROD006,Books,1299,129.9,1169.1,2.3,0,1,express,card,2025-11-10,1,Better Price Elsewhere
ORD009908,CUST00035,PROD008,Home & Lifestyle,1299,259.8,1039.2,3.9,1,4,standard,cod,2025-11-09,0,
ORD009909,CUST01561,PROD001,Beauty,1999,799.6,1199.4,3.1,1,2,express,card,2026-06-25,1,Ordered by Mistake
ORD009910,CUST00324,PROD002,Books,4999,999.8,3999.2,3.4,4,6,standard,cod,2026-05-20,0,
ORD009911,CUST00577,PROD011,Fashion,299,29.9,269.1,2.3,1,4,standard,cod,2026-03-12,0,
ORD009912,CUST01501,PROD006,Books,1299,259.8,1039.2,2.4,0,7,economy,cod,2026-06-29,1,Changed Mind
ORD009913,CUST00052,PROD003,Home & Lifestyle,1999,299.85,1699.15,3.8,2,5,standard,card,2025-11-09,1,Better Price Elsewhere
ORD009914,CUST00783,PROD003,Home & Lifestyle,1999,499.75,1499.25,4.2,1,1,express,card,2026-01-06,0,
ORD009915,CUST01648,PROD014,Beauty,499,99.8,399.2,3.4,2,1,express,upi,2026-02-28,0,
ORD009916,CUST00096,PROD015,Beauty,2999,899.7,2099.3,2.5,0,2,express,cod,2026-03-05,0,
ORD009917,CUST01934,PROD017,Beauty,299,29.9,269.1,4.7,0,1,express,cod,2026-08-07,1,Damaged/Defective
ORD009918,CUST00666,PROD015,Beauty,2999,0.0,2999.0,2.4,0,5,standard,cod,2026-06-29,0,
ORD009919,CUST01580,PROD004,Books,499,74.85,424.15,4.2,1,2,express,card,2025-10-14,0,
ORD009920,CUST01582,PROD001,Beauty,1999,0.0,1999.0,3.0,0,6,standard,upi,2025-09-22,0,
ORD009921,CUST00424,PROD008,Home & Lifestyle,1299,324.75,974.25,3.4,6,7,economy,wallet,2026-07-23,1,Damaged/Defective
ORD009922,CUST00335,PROD007,Fashion,1299,0.0,1299.0,4.5,0,1,express,cod,2026-03-22,1,Wrong Size
ORD009923,CUST00797,PROD007,Fashion,1299,129.9,1169.1,4.8,1,3,standard,cod,2026-06-11,0,
ORD009924,CUST00584,PROD009,Home & Lifestyle,1999,499.75,1499.25,3.9,2,1,express,cod,2026-07-20,0,
ORD009925,CUST01023,PROD008,Home & Lifestyle,1299,324.75,974.25,3.9,3,3,standard,card,2026-07-02,0,
ORD009926,CUST01557,PROD015,Beauty,2999,899.7,2099.3,2.5,1,4,standard,card,2026-05-05,0,
ORD009927,CUST00223,PROD009,Home & Lifestyle,1999,199.9,1799.1,3.7,2,3,standard,card,2026-09-04,0,
ORD009928,CUST01644,PROD016,Beauty,499,124.75,374.25,3.5,1,5,standard,card,2026-01-08,1,Changed Mind
ORD009929,CUST01513,PROD001,Beauty,1999,199.9,1799.1,3.0,0,8,economy,cod,2026-05-27,0,
ORD009930,CUST00535,PROD018,Books,499,99.8,399.2,3.6,1,10,economy,cod,2025-12-03,0,
ORD009931,CUST01369,PROD007,Fashion,1299,0.0,1299.0,4.7,2,4,standard,upi,2025-10-08,0,
ORD009932,CUST00356,PROD006,Books,1299,194.85,1104.15,2.3,0,5,standard,wallet,2026-02-12,0,
ORD009933,CUST01334,PROD014,Beauty,499,0.0,499.0,3.7,2,4,standard,card,2026-04-15,0,
ORD009934,CUST01719,PROD006,Books,1299,194.85,1104.15,2.4,2,1,express,card,2026-08-24,1,Late Delivery
ORD009935,CUST01799,PROD011,Fashion,299,29.9,269.1,2.2,4,2,express,cod,2026-01-23,1,Damaged/Defective
ORD009936,CUST00534,PROD011,Fashion,299,0.0,299.0,2.6,5,3,standard,card,2025-10-23,0,
ORD009937,CUST01759,PROD010,Fashion,1299,194.85,1104.15,4.6,3,5,standard,card,2025-09-20,1,Late Delivery
ORD009938,CUST00779,PROD005,Fashion,1299,129.9,1169.1,2.8,6,4,standard,card,2026-06-11,1,Better Price Elsewhere
ORD009939,CUST01041,PROD014,Beauty,499,99.8,399.2,3.6,0,1,express,upi,2026-05-30,0,
ORD009940,CUST00595,PROD016,Beauty,499,0.0,499.0,3.3,3,3,standard,card,2026-06-09,1,Late Delivery
ORD009941,CUST01886,PROD001,Beauty,1999,599.7,1399.3,2.7,3,6,standard,cod,2026-03-05,0,
ORD009942,CUST01176,PROD011,Fashion,299,59.8,239.2,2.2,4,6,standard,upi,2026-07-18,0,
ORD009943,CUST00971,PROD012,Beauty,4999,999.8,3999.2,4.4,3,4,standard,cod,2026-04-10,0,
ORD009944,CUST01886,PROD006,Books,1299,519.6,779.4,2.5,2,5,standard,card,2026-04-07,1,Product Not as Expected
ORD009945,CUST01423,PROD005,Fashion,1299,259.8,1039.2,2.9,5,5,standard,upi,2025-10-26,0,
ORD009946,CUST00923,PROD004,Books,499,74.85,424.15,4.0,2,2,express,upi,2026-07-07,0,
ORD009947,CUST01867,PROD005,Fashion,1299,129.9,1169.1,2.6,3,4,standard,card,2026-01-15,1,Better Price Elsewhere
ORD009948,CUST01956,PROD008,Home & Lifestyle,1299,129.9,1169.1,3.5,2,1,express,cod,2026-02-09,1,Changed Mind
ORD009949,CUST01401,PROD016,Beauty,499,0.0,499.0,3.3,0,2,express,upi,2025-12-22,1,Changed Mind
ORD009950,CUST01991,PROD020,Books,4999,0.0,4999.0,2.9,3,10,economy,wallet,2026-05-31,1,Quality Issues
ORD009951,CUST00697,PROD007,Fashion,1299,324.75,974.25,4.8,5,3,standard,upi,2026-07-01,1,Wrong Size
ORD009952,CUST00923,PROD008,Home & Lifestyle,1299,259.8,1039.2,3.6,2,6,standard,card,2026-04-14,0,
ORD009953,CUST01958,PROD019,Electronics,1299,194.85,1104.15,4.1,0,5,standard,upi,2026-01-20,0,
ORD009954,CUST01989,PROD007,Fashion,1299,324.75,974.25,4.8,0,2,express,upi,2026-04-11,0,
ORD009955,CUST01411,PROD011,Fashion,299,89.7,209.3,2.4,0,4,standard,upi,2026-04-23,1,Ordered by Mistake
ORD009956,CUST01477,PROD013,Home & Lifestyle,2999,0.0,2999.0,3.6,3,2,express,upi,2026-03-06,0,
ORD009957,CUST01976,PROD003,Home & Lifestyle,1999,399.8,1599.2,4.2,1,4,standard,wallet,2026-01-14,0,
ORD009958,CUST00903,PROD014,Beauty,499,49.9,449.1,3.7,3,7,economy,upi,2026-05-02,0,
ORD009959,CUST00774,PROD017,Beauty,299,44.85,254.15,4.5,2,3,standard,upi,2026-08-24,0,
ORD009960,CUST00224,PROD002,Books,4999,0.0,4999.0,3.8,2,5,standard,upi,2026-04-15,0,
ORD009961,CUST01452,PROD019,Electronics,1299,324.75,974.25,3.6,0,6,standard,card,2025-09-13,1,Late Delivery
ORD009962,CUST00097,PROD003,Home & Lifestyle,1999,0.0,1999.0,4.1,4,3,standard,card,2025-12-21,1,Damaged/Defective
ORD009963,CUST00912,PROD007,Fashion,1299,129.9,1169.1,4.5,4,4,standard,upi,2026-02-17,0,
ORD009964,CUST00933,PROD012,Beauty,4999,999.8,3999.2,4.3,4,5,standard,upi,2025-12-17,1,Late Delivery
ORD009965,CUST00048,PROD004,Books,499,49.9,449.1,4.1,2,2,express,cod,2025-11-03,0,
ORD009966,CUST01998,PROD016,Beauty,499,99.8,399.2,3.5,0,4,standard,cod,2025-09-14,0,
ORD009967,CUST00701,PROD009,Home & Lifestyle,1999,199.9,1799.1,4.2,6,2,express,cod,2026-08-21,1,Wrong Size
ORD009968,CUST01631,PROD002,Books,4999,999.8,3999.2,3.5,0,8,economy,wallet,2026-02-05,0,
ORD009969,CUST00182,PROD018,Books,499,49.9,449.1,3.8,1,1,express,card,2025-10-10,0,
ORD009970,CUST01629,PROD019,Electronics,1299,324.75,974.25,4.1,2,1,express,cod,2026-09-07,0,
ORD009971,CUST01413,PROD009,Home & Lifestyle,1999,0.0,1999.0,3.6,1,5,standard,card,2026-05-29,0,
ORD009972,CUST01054,PROD001,Beauty,1999,0.0,1999.0,3.0,4,3,standard,upi,2026-05-17,1,Damaged/Defective
ORD009973,CUST00771,PROD005,Fashion,1299,129.9,1169.1,2.6,2,1,express,upi,2025-10-11,1,Late Delivery
ORD009974,CUST01885,PROD007,Fashion,1299,519.6,779.4,4.9,2,6,standard,upi,2026-08-28,1,Wrong Size
ORD009975,CUST00223,PROD017,Beauty,299,44.85,254.15,4.5,0,3,standard,card,2026-07-09,0,
ORD009976,CUST00948,PROD014,Beauty,499,49.9,449.1,3.5,0,1,express,card,2026-07-20,1,Ordered by Mistake
ORD009977,CUST00908,PROD011,Fashion,299,44.85,254.15,2.8,1,5,standard,card,2026-07-17,0,
ORD009978,CUST00996,PROD004,Books,499,0.0,499.0,4.2,0,5,standard,card,2026-02-16,0,
ORD009979,CUST01892,PROD008,Home & Lifestyle,1299,259.8,1039.2,3.9,0,1,express,cod,2026-06-01,0,
ORD009980,CUST01857,PROD009,Home & Lifestyle,1999,0.0,1999.0,4.0,7,2,express,upi,2026-06-08,1,Product Not as Expected
ORD009981,CUST00488,PROD005,Fashion,1299,129.9,1169.1,3.1,7,5,standard,upi,2026-04-06,0,
ORD009982,CUST01392,PROD016,Beauty,499,49.9,449.1,3.3,0,4,standard,upi,2026-03-15,1,Better Price Elsewhere
ORD009983,CUST00242,PROD003,Home & Lifestyle,1999,0.0,1999.0,3.7,4,3,standard,cod,2026-04-28,0,
ORD009984,CUST00535,PROD013,Home & Lifestyle,2999,0.0,2999.0,3.5,0,3,standard,cod,2026-04-13,0,
ORD009985,CUST00005,PROD018,Books,499,0.0,499.0,3.9,5,5,standard,upi,2026-01-07,1,Better Price Elsewhere
ORD009986,CUST00033,PROD001,Beauty,1999,299.85,1699.15,2.7,1,1,express,upi,2025-09-22,1,Ordered by Mistake
ORD009987,CUST01945,PROD002,Books,4999,0.0,4999.0,3.6,0,7,economy,wallet,2025-10-29,0,
ORD009988,CUST01487,PROD003,Home & Lifestyle,1999,299.85,1699.15,4.2,0,3,standard,cod,2026-07-26,1,Quality Issues
ORD009989,CUST00607,PROD004,Books,499,74.85,424.15,4.4,2,11,economy,card,2026-05-09,1,Better Price Elsewhere
ORD009990,CUST01791,PROD013,Home & Lifestyle,2999,599.8,2399.2,3.4,0,4,standard,card,2026-07-18,1,Ordered by Mistake
ORD009991,CUST01835,PROD003,Home & Lifestyle,1999,0.0,1999.0,4.0,0,1,express,cod,2026-02-03,0,
ORD009992,CUST00353,PROD013,Home & Lifestyle,2999,449.85,2549.15,3.2,1,1,express,upi,2026-06-22,0,
ORD009993,CUST01829,PROD018,Books,499,99.8,399.2,3.8,1,4,standard,card,2025-10-06,1,Damaged/Defective
ORD009994,CUST01396,PROD003,Home & Lifestyle,1999,0.0,1999.0,3.9,3,5,standard,upi,2026-03-07,0,
ORD009995,CUST00803,PROD018,Books,499,74.85,424.15,3.6,0,4,standard,upi,2025-10-07,0,
ORD009996,CUST00205,PROD002,Books,4999,999.8,3999.2,3.7,2,5,standard,card,2026-06-07,0,
ORD009997,CUST01976,PROD013,Home & Lifestyle,2999,449.85,2549.15,3.6,5,3,standard,card,2026-03-28,0,
ORD009998,CUST01108,PROD016,Beauty,499,74.85,424.15,3.6,6,1,express,upi,2026-07-02,0,
ORD009999,CUST00975,PROD014,Beauty,499,74.85,424.15,3.8,2,5,standard,card,2026-08-22,0,
ORD010000,CUST00828,PROD017,Beauty,299,29.9,269.1,4.8,6,3,standard,card,2026-03-02,0,
